{"noStops":{"best":{"overall":{"slowWma":4,"trades":3006,"pips":215.29999999999967,"pipsPerTrade":0.07159960093116051,"stopLoss":{"best":{"stopLoss":23,"pips":227.20000000000005,"pipsPerTrade":0.07555703358829399},"worst":{"stopLoss":1,"pips":-433.39999999999935,"pipsPerTrade":-0.1441303624875289}}},"perTrade":{"slowWma":4,"trades":3006,"pips":215.29999999999967,"pipsPerTrade":0.07159960093116051,"stopLoss":{"best":{"stopLoss":23,"pips":227.20000000000005,"pipsPerTrade":0.07555703358829399},"worst":{"stopLoss":1,"pips":-433.39999999999935,"pipsPerTrade":-0.1441303624875289}}}},"worst":{"overall":{"slowWma":2,"trades":5131,"pips":-605.499999999999,"pipsPerTrade":-0.11798519095869037,"stopLoss":{"best":{"stopLoss":23,"pips":-531.3999999999988,"pipsPerTrade":-0.1035463756819951},"worst":{"stopLoss":5,"pips":-941.8000000000025,"pipsPerTrade":-0.18351519875292333}}},"perTrade":{"slowWma":2,"trades":5131,"pips":-605.499999999999,"pipsPerTrade":-0.11798519095869037,"stopLoss":{"best":{"stopLoss":23,"pips":-531.3999999999988,"pipsPerTrade":-0.1035463756819951},"worst":{"stopLoss":5,"pips":-941.8000000000025,"pipsPerTrade":-0.18351519875292333}}}}},"withStopLoss":{"best":{"slowWma":4,"trades":3006,"stopLoss":23,"pips":227.20000000000005,"pipsPerTrade":0.07555703358829399},"worst":{"slowWma":2,"trades":5131,"stopLoss":5,"pips":-941.8000000000025,"pipsPerTrade":-0.18351519875292333}}}