{"noStops":{"best":{"overall":{"slowWma":112,"trades":908,"pips":551.1999999999982,"pipsPerTrade":0.6063806380638044,"stopLoss":{"best":{"stopLoss":15,"pips":717.5999999999982,"pipsPerTrade":0.7894389438943875},"worst":{"stopLoss":8,"pips":119.89999999999989,"pipsPerTrade":0.13190319031903178}}},"perTrade":{"slowWma":112,"trades":908,"pips":551.1999999999982,"pipsPerTrade":0.6063806380638044,"stopLoss":{"best":{"stopLoss":15,"pips":717.5999999999982,"pipsPerTrade":0.7894389438943875},"worst":{"stopLoss":8,"pips":119.89999999999989,"pipsPerTrade":0.13190319031903178}}}},"worst":{"overall":{"slowWma":2,"trades":5131,"pips":-605.499999999999,"pipsPerTrade":-0.11798519095869037,"stopLoss":{"best":{"stopLoss":23,"pips":-531.3999999999988,"pipsPerTrade":-0.1035463756819951},"worst":{"stopLoss":5,"pips":-941.8000000000025,"pipsPerTrade":-0.18351519875292333}}},"perTrade":{"slowWma":178,"trades":1536,"pips":-523.6000000000001,"pipsPerTrade":-0.34066363044892656,"stopLoss":{"best":{"stopLoss":5,"pips":-324.90000000000026,"pipsPerTrade":-0.21138581652569957},"worst":{"stopLoss":3,"pips":-825.9,"pipsPerTrade":-0.537345478204294}}}}},"withStopLoss":{"best":{"slowWma":112,"trades":908,"stopLoss":15,"pips":717.5999999999982,"pipsPerTrade":0.7894389438943875},"worst":{"slowWma":2,"trades":5131,"stopLoss":5,"pips":-941.8000000000025,"pipsPerTrade":-0.18351519875292333}}}