{"noStops":{"best":{"overall":{"slowWma":127,"trades":756,"pips":574.8999999999999,"pipsPerTrade":0.7594451783355348,"stopLoss":{"best":{"stopLoss":16,"pips":231.60000000000048,"pipsPerTrade":0.30594451783355414},"worst":{"stopLoss":4,"pips":-22.299999999999933,"pipsPerTrade":-0.029458388375165036}}},"perTrade":{"slowWma":57,"trades":457,"pips":493.80000000000024,"pipsPerTrade":1.0781659388646294,"stopLoss":{"best":{"stopLoss":17,"pips":593.1000000000003,"pipsPerTrade":1.2949781659388653},"worst":{"stopLoss":2,"pips":109.3000000000003,"pipsPerTrade":0.23864628820960762}}}},"worst":{"overall":{"slowWma":169,"trades":1232,"pips":-525.4000000000001,"pipsPerTrade":-0.42611516626115176,"stopLoss":{"best":{"stopLoss":21,"pips":-368.9,"pipsPerTrade":-0.2991889699918897},"worst":{"stopLoss":1,"pips":-871.4999999999992,"pipsPerTrade":-0.7068126520681258}}},"perTrade":{"slowWma":27,"trades":566,"pips":-284.3000000000002,"pipsPerTrade":-0.5014109347442683,"stopLoss":{"best":{"stopLoss":24,"pips":-239.7000000000002,"pipsPerTrade":-0.4227513227513231},"worst":{"stopLoss":8,"pips":-802.0000000000003,"pipsPerTrade":-1.4144620811287485}}}}},"withStopLoss":{"best":{"slowWma":59,"trades":457,"stopLoss":16,"pips":821.6999999999995,"pipsPerTrade":1.7941048034934486},"worst":{"slowWma":169,"trades":1232,"stopLoss":1,"pips":-871.4999999999992,"pipsPerTrade":-0.7068126520681258}}}