{"noStops":{"best":{"overall":{"slowWma":116,"trades":254,"pips":695.4999999999998,"pipsPerTrade":2.727450980392156,"stopLoss":{"best":{"stopLoss":21,"pips":1037.6999999999998,"pipsPerTrade":4.069411764705881},"worst":{"stopLoss":2,"pips":1.6000000000001564,"pipsPerTrade":0.006274509803922182}}},"perTrade":{"slowWma":116,"trades":254,"pips":695.4999999999998,"pipsPerTrade":2.727450980392156,"stopLoss":{"best":{"stopLoss":21,"pips":1037.6999999999998,"pipsPerTrade":4.069411764705881},"worst":{"stopLoss":2,"pips":1.6000000000001564,"pipsPerTrade":0.006274509803922182}}}},"worst":{"overall":{"slowWma":134,"trades":283,"pips":38.200000000000216,"pipsPerTrade":0.1345070422535219,"stopLoss":{"best":{"stopLoss":5,"pips":135.20000000000027,"pipsPerTrade":0.47605633802817},"worst":{"stopLoss":23,"pips":-355.1999999999999,"pipsPerTrade":-1.2507042253521123}}},"perTrade":{"slowWma":134,"trades":283,"pips":38.200000000000216,"pipsPerTrade":0.1345070422535219,"stopLoss":{"best":{"stopLoss":5,"pips":135.20000000000027,"pipsPerTrade":0.47605633802817},"worst":{"stopLoss":23,"pips":-355.1999999999999,"pipsPerTrade":-1.2507042253521123}}}}},"withStopLoss":{"best":{"slowWma":116,"trades":254,"stopLoss":21,"pips":1037.6999999999998,"pipsPerTrade":4.069411764705881},"worst":{"slowWma":161,"trades":540,"stopLoss":24,"pips":-148.60000000000008,"pipsPerTrade":-0.2746765249537894}}}