{"noStops":{"best":{"overall":{"slowWma":116,"trades":253,"pips":415.3999999999998,"pipsPerTrade":1.6354330708661409,"stopLoss":{"best":{"stopLoss":21,"pips":757.5999999999999,"pipsPerTrade":2.9826771653543305},"worst":{"stopLoss":2,"pips":1.6000000000001564,"pipsPerTrade":0.006299212598425813}}},"perTrade":{"slowWma":116,"trades":253,"pips":415.3999999999998,"pipsPerTrade":1.6354330708661409,"stopLoss":{"best":{"stopLoss":21,"pips":757.5999999999999,"pipsPerTrade":2.9826771653543305},"worst":{"stopLoss":2,"pips":1.6000000000001564,"pipsPerTrade":0.006299212598425813}}}},"worst":{"overall":{"slowWma":199,"trades":884,"pips":-323.8,"pipsPerTrade":-0.3658757062146893,"stopLoss":{"best":{"stopLoss":14,"pips":67.59999999999971,"pipsPerTrade":0.07638418079096013},"worst":{"stopLoss":5,"pips":-336.7,"pipsPerTrade":-0.3804519774011299}}},"perTrade":{"slowWma":133,"trades":279,"pips":-220.69999999999996,"pipsPerTrade":-0.7882142857142855,"stopLoss":{"best":{"stopLoss":5,"pips":84.40000000000032,"pipsPerTrade":0.30142857142857254},"worst":{"stopLoss":24,"pips":-373.2000000000001,"pipsPerTrade":-1.3328571428571432}}}}},"withStopLoss":{"best":{"slowWma":116,"trades":253,"stopLoss":21,"pips":757.5999999999999,"pipsPerTrade":2.9826771653543305},"worst":{"slowWma":161,"trades":539,"stopLoss":24,"pips":-148.60000000000008,"pipsPerTrade":-0.2751851851851853}}}