{"noStops":{"best":{"overall":{"slowWma":116,"trades":281,"pips":748.4000000000003,"pipsPerTrade":2.6539007092198594,"stopLoss":{"best":{"stopLoss":22,"pips":1015.8000000000003,"pipsPerTrade":3.602127659574469},"worst":{"stopLoss":1,"pips":63.90000000000005,"pipsPerTrade":0.22659574468085122}}},"perTrade":{"slowWma":116,"trades":281,"pips":748.4000000000003,"pipsPerTrade":2.6539007092198594,"stopLoss":{"best":{"stopLoss":22,"pips":1015.8000000000003,"pipsPerTrade":3.602127659574469},"worst":{"stopLoss":1,"pips":63.90000000000005,"pipsPerTrade":0.22659574468085122}}}},"worst":{"overall":{"slowWma":133,"trades":314,"pips":19.300000000000153,"pipsPerTrade":0.06126984126984176,"stopLoss":{"best":{"stopLoss":5,"pips":23.50000000000014,"pipsPerTrade":0.07460317460317505},"worst":{"stopLoss":24,"pips":-354.49999999999994,"pipsPerTrade":-1.1253968253968252}}},"perTrade":{"slowWma":133,"trades":314,"pips":19.300000000000153,"pipsPerTrade":0.06126984126984176,"stopLoss":{"best":{"stopLoss":5,"pips":23.50000000000014,"pipsPerTrade":0.07460317460317505},"worst":{"stopLoss":24,"pips":-354.49999999999994,"pipsPerTrade":-1.1253968253968252}}}}},"withStopLoss":{"best":{"slowWma":116,"trades":281,"stopLoss":22,"pips":1015.8000000000003,"pipsPerTrade":3.602127659574469},"worst":{"slowWma":161,"trades":535,"stopLoss":1,"pips":-263.5,"pipsPerTrade":-0.4916044776119403}}}