{"noStops":{"best":{"overall":{"slowWma":110,"trades":286,"pips":491.1000000000002,"pipsPerTrade":1.7111498257839728,"stopLoss":{"best":{"stopLoss":22,"pips":578.9000000000004,"pipsPerTrade":2.0170731707317087},"worst":{"stopLoss":9,"pips":-140.70000000000005,"pipsPerTrade":-0.49024390243902455}}},"perTrade":{"slowWma":115,"trades":261,"pips":487.90000000000055,"pipsPerTrade":1.8622137404580172,"stopLoss":{"best":{"stopLoss":23,"pips":706.2000000000002,"pipsPerTrade":2.6954198473282447},"worst":{"stopLoss":3,"pips":166.20000000000013,"pipsPerTrade":0.6343511450381685}}}},"worst":{"overall":{"slowWma":198,"trades":859,"pips":-313.0999999999998,"pipsPerTrade":-0.3640697674418602,"stopLoss":{"best":{"stopLoss":12,"pips":111.50000000000014,"pipsPerTrade":0.12965116279069783},"worst":{"stopLoss":3,"pips":-210.6000000000001,"pipsPerTrade":-0.2448837209302327}}},"perTrade":{"slowWma":134,"trades":280,"pips":-221.70000000000002,"pipsPerTrade":-0.7889679715302492,"stopLoss":{"best":{"stopLoss":6,"pips":53.00000000000028,"pipsPerTrade":0.1886120996441291},"worst":{"stopLoss":22,"pips":-307.89999999999986,"pipsPerTrade":-1.0957295373665477}}}}},"withStopLoss":{"best":{"slowWma":117,"trades":267,"stopLoss":24,"pips":777.5000000000005,"pipsPerTrade":2.9011194029850764},"worst":{"slowWma":134,"trades":280,"stopLoss":22,"pips":-307.89999999999986,"pipsPerTrade":-1.0957295373665477}}}