{"noStops":{"best":{"overall":{"slowWma":110,"trades":287,"pips":775.8000000000002,"pipsPerTrade":2.6937500000000005,"stopLoss":{"best":{"stopLoss":22,"pips":863.6000000000004,"pipsPerTrade":2.9986111111111122},"worst":{"stopLoss":9,"pips":-140.70000000000005,"pipsPerTrade":-0.4885416666666668}}},"perTrade":{"slowWma":115,"trades":262,"pips":770.9000000000005,"pipsPerTrade":2.9311787072243365,"stopLoss":{"best":{"stopLoss":23,"pips":989.2000000000002,"pipsPerTrade":3.7612167300380235},"worst":{"stopLoss":3,"pips":162.00000000000014,"pipsPerTrade":0.6159695817490499}}}},"worst":{"overall":{"slowWma":134,"trades":281,"pips":62.900000000000006,"pipsPerTrade":0.22304964539007094,"stopLoss":{"best":{"stopLoss":6,"pips":53.00000000000028,"pipsPerTrade":0.1879432624113485},"worst":{"stopLoss":22,"pips":-307.89999999999986,"pipsPerTrade":-1.0918439716312052}}},"perTrade":{"slowWma":134,"trades":281,"pips":62.900000000000006,"pipsPerTrade":0.22304964539007094,"stopLoss":{"best":{"stopLoss":6,"pips":53.00000000000028,"pipsPerTrade":0.1879432624113485},"worst":{"stopLoss":22,"pips":-307.89999999999986,"pipsPerTrade":-1.0918439716312052}}}}},"withStopLoss":{"best":{"slowWma":117,"trades":268,"stopLoss":24,"pips":1035.7000000000005,"pipsPerTrade":3.85018587360595},"worst":{"slowWma":134,"trades":281,"stopLoss":22,"pips":-307.89999999999986,"pipsPerTrade":-1.0918439716312052}}}