{"noStops":{"best":{"overall":{"slowWma":110,"trades":278,"pips":562.9000000000001,"pipsPerTrade":2.0175627240143372,"stopLoss":{"best":{"stopLoss":24,"pips":694.8000000000003,"pipsPerTrade":2.4903225806451625},"worst":{"stopLoss":9,"pips":-67.50000000000007,"pipsPerTrade":-0.241935483870968}}},"perTrade":{"slowWma":115,"trades":251,"pips":545.6000000000001,"pipsPerTrade":2.165079365079366,"stopLoss":{"best":{"stopLoss":21,"pips":617.7000000000005,"pipsPerTrade":2.451190476190478},"worst":{"stopLoss":13,"pips":20.000000000000252,"pipsPerTrade":0.07936507936508036}}}},"worst":{"overall":{"slowWma":199,"trades":762,"pips":-295.2,"pipsPerTrade":-0.3868938401048493,"stopLoss":{"best":{"stopLoss":9,"pips":128.5999999999999,"pipsPerTrade":0.16854521625163815},"worst":{"stopLoss":2,"pips":-267.90000000000003,"pipsPerTrade":-0.35111402359108784}}},"perTrade":{"slowWma":134,"trades":277,"pips":-267.80000000000007,"pipsPerTrade":-0.9633093525179859,"stopLoss":{"best":{"stopLoss":6,"pips":-45.79999999999977,"pipsPerTrade":-0.16474820143884808},"worst":{"stopLoss":24,"pips":-385.2,"pipsPerTrade":-1.385611510791367}}}}},"withStopLoss":{"best":{"slowWma":110,"trades":278,"stopLoss":24,"pips":694.8000000000003,"pipsPerTrade":2.4903225806451625},"worst":{"slowWma":134,"trades":277,"stopLoss":24,"pips":-385.2,"pipsPerTrade":-1.385611510791367}}}