{"noStops":{"best":{"overall":{"slowWma":110,"trades":279,"pips":845.1000000000001,"pipsPerTrade":3.0182142857142864,"stopLoss":{"best":{"stopLoss":24,"pips":977.0000000000002,"pipsPerTrade":3.489285714285715},"worst":{"stopLoss":9,"pips":-89.90000000000006,"pipsPerTrade":-0.3210714285714288}}},"perTrade":{"slowWma":115,"trades":252,"pips":817.6000000000001,"pipsPerTrade":3.2316205533596842,"stopLoss":{"best":{"stopLoss":21,"pips":855.5000000000005,"pipsPerTrade":3.381422924901188},"worst":{"stopLoss":8,"pips":135.2000000000003,"pipsPerTrade":0.5343873517786574}}}},"worst":{"overall":{"slowWma":134,"trades":278,"pips":16.799999999999955,"pipsPerTrade":0.0602150537634407,"stopLoss":{"best":{"stopLoss":6,"pips":-45.79999999999977,"pipsPerTrade":-0.16415770609318914},"worst":{"stopLoss":24,"pips":-385.2,"pipsPerTrade":-1.3806451612903226}}},"perTrade":{"slowWma":134,"trades":278,"pips":16.799999999999955,"pipsPerTrade":0.0602150537634407,"stopLoss":{"best":{"stopLoss":6,"pips":-45.79999999999977,"pipsPerTrade":-0.16415770609318914},"worst":{"stopLoss":24,"pips":-385.2,"pipsPerTrade":-1.3806451612903226}}}}},"withStopLoss":{"best":{"slowWma":110,"trades":279,"stopLoss":24,"pips":977.0000000000002,"pipsPerTrade":3.489285714285715},"worst":{"slowWma":124,"trades":254,"stopLoss":21,"pips":-397.3,"pipsPerTrade":-1.5580392156862746}}}