{"noStops":{"best":{"overall":{"slowWma":109,"trades":330,"pips":724.9999999999999,"pipsPerTrade":2.1903323262839876,"stopLoss":{"best":{"stopLoss":24,"pips":830.7,"pipsPerTrade":2.509667673716012},"worst":{"stopLoss":9,"pips":-30.500000000000046,"pipsPerTrade":-0.09214501510574032}}},"perTrade":{"slowWma":109,"trades":330,"pips":724.9999999999999,"pipsPerTrade":2.1903323262839876,"stopLoss":{"best":{"stopLoss":24,"pips":830.7,"pipsPerTrade":2.509667673716012},"worst":{"stopLoss":9,"pips":-30.500000000000046,"pipsPerTrade":-0.09214501510574032}}}},"worst":{"overall":{"slowWma":199,"trades":854,"pips":-347.7,"pipsPerTrade":-0.4066666666666667,"stopLoss":{"best":{"stopLoss":17,"pips":275.10000000000014,"pipsPerTrade":0.32175438596491246},"worst":{"stopLoss":4,"pips":-326.00000000000006,"pipsPerTrade":-0.3812865497076024}}},"perTrade":{"slowWma":123,"trades":288,"pips":-218.50000000000003,"pipsPerTrade":-0.7560553633217995,"stopLoss":{"best":{"stopLoss":10,"pips":-81.89999999999995,"pipsPerTrade":-0.28339100346020746},"worst":{"stopLoss":23,"pips":-323.59999999999997,"pipsPerTrade":-1.1197231833910033}}}}},"withStopLoss":{"best":{"slowWma":109,"trades":330,"stopLoss":24,"pips":830.7,"pipsPerTrade":2.509667673716012},"worst":{"slowWma":123,"trades":288,"stopLoss":23,"pips":-323.59999999999997,"pipsPerTrade":-1.1197231833910033}}}