{"noStops":{"best":{"overall":{"slowWma":109,"trades":331,"pips":1012.5999999999999,"pipsPerTrade":3.05,"stopLoss":{"best":{"stopLoss":24,"pips":1118.3000000000002,"pipsPerTrade":3.3683734939759042},"worst":{"stopLoss":7,"pips":-16.500000000000018,"pipsPerTrade":-0.04969879518072295}}},"perTrade":{"slowWma":115,"trades":269,"pips":836.5000000000001,"pipsPerTrade":3.0981481481481485,"stopLoss":{"best":{"stopLoss":21,"pips":864.1,"pipsPerTrade":3.2003703703703703},"worst":{"stopLoss":8,"pips":9.70000000000013,"pipsPerTrade":0.03592592592592641}}}},"worst":{"overall":{"slowWma":144,"trades":409,"pips":-3.500000000000057,"pipsPerTrade":-0.008536585365853798,"stopLoss":{"best":{"stopLoss":1,"pips":31.700000000000045,"pipsPerTrade":0.07731707317073182},"worst":{"stopLoss":25,"pips":-309.4,"pipsPerTrade":-0.7546341463414633}}},"perTrade":{"slowWma":144,"trades":409,"pips":-3.500000000000057,"pipsPerTrade":-0.008536585365853798,"stopLoss":{"best":{"stopLoss":1,"pips":31.700000000000045,"pipsPerTrade":0.07731707317073182},"worst":{"stopLoss":25,"pips":-309.4,"pipsPerTrade":-0.7546341463414633}}}}},"withStopLoss":{"best":{"slowWma":109,"trades":331,"stopLoss":24,"pips":1118.3000000000002,"pipsPerTrade":3.3683734939759042},"worst":{"slowWma":123,"trades":289,"stopLoss":23,"pips":-323.59999999999997,"pipsPerTrade":-1.1158620689655172}}}