{"noStops":{"best":{"overall":{"slowWma":109,"trades":343,"pips":731.3999999999997,"pipsPerTrade":2.126162790697674,"stopLoss":{"best":{"stopLoss":24,"pips":673.0000000000002,"pipsPerTrade":1.95639534883721},"worst":{"stopLoss":2,"pips":160.80000000000004,"pipsPerTrade":0.4674418604651164}}},"perTrade":{"slowWma":109,"trades":343,"pips":731.3999999999997,"pipsPerTrade":2.126162790697674,"stopLoss":{"best":{"stopLoss":24,"pips":673.0000000000002,"pipsPerTrade":1.95639534883721},"worst":{"stopLoss":2,"pips":160.80000000000004,"pipsPerTrade":0.4674418604651164}}}},"worst":{"overall":{"slowWma":199,"trades":817,"pips":-403.7999999999999,"pipsPerTrade":-0.4936430317848409,"stopLoss":{"best":{"stopLoss":17,"pips":254.20000000000007,"pipsPerTrade":0.31075794621026903},"worst":{"stopLoss":4,"pips":-298.29999999999995,"pipsPerTrade":-0.3646699266503667}}},"perTrade":{"slowWma":123,"trades":247,"pips":-362.19999999999993,"pipsPerTrade":-1.4604838709677417,"stopLoss":{"best":{"stopLoss":1,"pips":16.999999999999915,"pipsPerTrade":0.06854838709677386},"worst":{"stopLoss":23,"pips":-425.9,"pipsPerTrade":-1.7173387096774193}}}}},"withStopLoss":{"best":{"slowWma":107,"trades":458,"stopLoss":13,"pips":673.7000000000002,"pipsPerTrade":1.4677559912854035},"worst":{"slowWma":125,"trades":272,"stopLoss":13,"pips":-175.49999999999991,"pipsPerTrade":-0.6428571428571426}}}