{"noStops":{"best":{"overall":{"slowWma":109,"trades":344,"pips":1016.3999999999997,"pipsPerTrade":2.9460869565217385,"stopLoss":{"best":{"stopLoss":24,"pips":923.8000000000002,"pipsPerTrade":2.6776811594202905},"worst":{"stopLoss":2,"pips":155.40000000000003,"pipsPerTrade":0.45043478260869574}}},"perTrade":{"slowWma":109,"trades":344,"pips":1016.3999999999997,"pipsPerTrade":2.9460869565217385,"stopLoss":{"best":{"stopLoss":24,"pips":923.8000000000002,"pipsPerTrade":2.6776811594202905},"worst":{"stopLoss":2,"pips":155.40000000000003,"pipsPerTrade":0.45043478260869574}}}},"worst":{"overall":{"slowWma":123,"trades":248,"pips":-90.89999999999992,"pipsPerTrade":-0.3650602409638551,"stopLoss":{"best":{"stopLoss":1,"pips":-5.000000000000085,"pipsPerTrade":-0.020080321285140906},"worst":{"stopLoss":23,"pips":-425.9,"pipsPerTrade":-1.710441767068273}}},"perTrade":{"slowWma":123,"trades":248,"pips":-90.89999999999992,"pipsPerTrade":-0.3650602409638551,"stopLoss":{"best":{"stopLoss":1,"pips":-5.000000000000085,"pipsPerTrade":-0.020080321285140906},"worst":{"stopLoss":23,"pips":-425.9,"pipsPerTrade":-1.710441767068273}}}}},"withStopLoss":{"best":{"slowWma":191,"trades":773,"stopLoss":18,"pips":1030.8999999999999,"pipsPerTrade":1.3319121447028421},"worst":{"slowWma":125,"trades":273,"stopLoss":13,"pips":-175.49999999999991,"pipsPerTrade":-0.6405109489051092}}}