{"noStops":{"best":{"overall":{"slowWma":116,"trades":263,"pips":513.6000000000004,"pipsPerTrade":1.9454545454545469,"stopLoss":{"best":{"stopLoss":24,"pips":578.2000000000003,"pipsPerTrade":2.1901515151515163},"worst":{"stopLoss":5,"pips":52.40000000000003,"pipsPerTrade":0.1984848484848486}}},"perTrade":{"slowWma":116,"trades":263,"pips":513.6000000000004,"pipsPerTrade":1.9454545454545469,"stopLoss":{"best":{"stopLoss":24,"pips":578.2000000000003,"pipsPerTrade":2.1901515151515163},"worst":{"stopLoss":5,"pips":52.40000000000003,"pipsPerTrade":0.1984848484848486}}}},"worst":{"overall":{"slowWma":199,"trades":904,"pips":-463.4999999999999,"pipsPerTrade":-0.5121546961325966,"stopLoss":{"best":{"stopLoss":22,"pips":123.49999999999997,"pipsPerTrade":0.13646408839779003},"worst":{"stopLoss":4,"pips":-348.3000000000001,"pipsPerTrade":-0.3848618784530388}}},"perTrade":{"slowWma":123,"trades":243,"pips":-389.70000000000005,"pipsPerTrade":-1.5971311475409837,"stopLoss":{"best":{"stopLoss":6,"pips":-78.59999999999984,"pipsPerTrade":-0.32213114754098293},"worst":{"stopLoss":12,"pips":-368.59999999999997,"pipsPerTrade":-1.510655737704918}}}}},"withStopLoss":{"best":{"slowWma":116,"trades":263,"stopLoss":24,"pips":578.2000000000003,"pipsPerTrade":2.1901515151515163},"worst":{"slowWma":121,"trades":275,"stopLoss":21,"pips":-398.50000000000006,"pipsPerTrade":-1.4438405797101452}}}