{"noStops":{"best":{"overall":{"slowWma":116,"trades":264,"pips":791.4000000000003,"pipsPerTrade":2.9864150943396237,"stopLoss":{"best":{"stopLoss":24,"pips":827.2000000000003,"pipsPerTrade":3.1215094339622653},"worst":{"stopLoss":5,"pips":41.800000000000026,"pipsPerTrade":0.15773584905660387}}},"perTrade":{"slowWma":116,"trades":264,"pips":791.4000000000003,"pipsPerTrade":2.9864150943396237,"stopLoss":{"best":{"stopLoss":24,"pips":827.2000000000003,"pipsPerTrade":3.1215094339622653},"worst":{"stopLoss":5,"pips":41.800000000000026,"pipsPerTrade":0.15773584905660387}}}},"worst":{"overall":{"slowWma":123,"trades":244,"pips":-131.20000000000005,"pipsPerTrade":-0.5355102040816329,"stopLoss":{"best":{"stopLoss":6,"pips":-78.59999999999984,"pipsPerTrade":-0.3208163265306116},"worst":{"stopLoss":12,"pips":-368.59999999999997,"pipsPerTrade":-1.5044897959183672}}},"perTrade":{"slowWma":123,"trades":244,"pips":-131.20000000000005,"pipsPerTrade":-0.5355102040816329,"stopLoss":{"best":{"stopLoss":6,"pips":-78.59999999999984,"pipsPerTrade":-0.3208163265306116},"worst":{"stopLoss":12,"pips":-368.59999999999997,"pipsPerTrade":-1.5044897959183672}}}}},"withStopLoss":{"best":{"slowWma":193,"trades":667,"stopLoss":17,"pips":978.9,"pipsPerTrade":1.4654191616766468},"worst":{"slowWma":121,"trades":276,"stopLoss":13,"pips":-403.00000000000006,"pipsPerTrade":-1.4548736462093865}}}