{"noStops":{"best":{"overall":{"slowWma":115,"trades":270,"pips":779.1000000000004,"pipsPerTrade":2.874907749077492,"stopLoss":{"best":{"stopLoss":24,"pips":542.9000000000003,"pipsPerTrade":2.0033210332103333},"worst":{"stopLoss":11,"pips":-160.89999999999995,"pipsPerTrade":-0.5937269372693725}}},"perTrade":{"slowWma":115,"trades":270,"pips":779.1000000000004,"pipsPerTrade":2.874907749077492,"stopLoss":{"best":{"stopLoss":24,"pips":542.9000000000003,"pipsPerTrade":2.0033210332103333},"worst":{"stopLoss":11,"pips":-160.89999999999995,"pipsPerTrade":-0.5937269372693725}}}},"worst":{"overall":{"slowWma":123,"trades":259,"pips":-274.79999999999995,"pipsPerTrade":-1.0569230769230769,"stopLoss":{"best":{"stopLoss":5,"pips":-190.29999999999998,"pipsPerTrade":-0.7319230769230769},"worst":{"stopLoss":1,"pips":-439.30000000000007,"pipsPerTrade":-1.689615384615385}}},"perTrade":{"slowWma":123,"trades":259,"pips":-274.79999999999995,"pipsPerTrade":-1.0569230769230769,"stopLoss":{"best":{"stopLoss":5,"pips":-190.29999999999998,"pipsPerTrade":-0.7319230769230769},"worst":{"stopLoss":1,"pips":-439.30000000000007,"pipsPerTrade":-1.689615384615385}}}}},"withStopLoss":{"best":{"slowWma":180,"trades":626,"stopLoss":22,"pips":1056.6000000000001,"pipsPerTrade":1.6851674641148326},"worst":{"slowWma":122,"trades":276,"stopLoss":13,"pips":-512.6000000000001,"pipsPerTrade":-1.850541516245488}}}