{"noStops":{"best":{"overall":{"slowWma":115,"trades":269,"pips":512.3000000000004,"pipsPerTrade":1.897407407407409,"stopLoss":{"best":{"stopLoss":24,"pips":542.9000000000003,"pipsPerTrade":2.010740740740742},"worst":{"stopLoss":11,"pips":-142.69999999999996,"pipsPerTrade":-0.5285185185185184}}},"perTrade":{"slowWma":115,"trades":269,"pips":512.3000000000004,"pipsPerTrade":1.897407407407409,"stopLoss":{"best":{"stopLoss":24,"pips":542.9000000000003,"pipsPerTrade":2.010740740740742},"worst":{"stopLoss":11,"pips":-142.69999999999996,"pipsPerTrade":-0.5285185185185184}}}},"worst":{"overall":{"slowWma":123,"trades":258,"pips":-533.3,"pipsPerTrade":-2.0590733590733588,"stopLoss":{"best":{"stopLoss":5,"pips":-190.29999999999998,"pipsPerTrade":-0.7347490347490346},"worst":{"stopLoss":1,"pips":-439.30000000000007,"pipsPerTrade":-1.6961389961389963}}},"perTrade":{"slowWma":123,"trades":258,"pips":-533.3,"pipsPerTrade":-2.0590733590733588,"stopLoss":{"best":{"stopLoss":5,"pips":-190.29999999999998,"pipsPerTrade":-0.7347490347490346},"worst":{"stopLoss":1,"pips":-439.30000000000007,"pipsPerTrade":-1.6961389961389963}}}}},"withStopLoss":{"best":{"slowWma":180,"trades":625,"stopLoss":22,"pips":548.4000000000001,"pipsPerTrade":0.8760383386581471},"worst":{"slowWma":122,"trades":275,"stopLoss":13,"pips":-490.6000000000001,"pipsPerTrade":-1.7775362318840582}}}