{"noStops":{"best":{"overall":{"slowWma":115,"trades":291,"pips":689.9000000000003,"pipsPerTrade":2.362671232876713,"stopLoss":{"best":{"stopLoss":25,"pips":389.9000000000007,"pipsPerTrade":1.3352739726027423},"worst":{"stopLoss":11,"pips":-104.00000000000001,"pipsPerTrade":-0.35616438356164387}}},"perTrade":{"slowWma":115,"trades":291,"pips":689.9000000000003,"pipsPerTrade":2.362671232876713,"stopLoss":{"best":{"stopLoss":25,"pips":389.9000000000007,"pipsPerTrade":1.3352739726027423},"worst":{"stopLoss":11,"pips":-104.00000000000001,"pipsPerTrade":-0.35616438356164387}}}},"worst":{"overall":{"slowWma":123,"trades":255,"pips":-262.50000000000017,"pipsPerTrade":-1.0253906250000007,"stopLoss":{"best":{"stopLoss":5,"pips":-120.09999999999995,"pipsPerTrade":-0.4691406249999998},"worst":{"stopLoss":25,"pips":-485.2000000000001,"pipsPerTrade":-1.8953125000000004}}},"perTrade":{"slowWma":123,"trades":255,"pips":-262.50000000000017,"pipsPerTrade":-1.0253906250000007,"stopLoss":{"best":{"stopLoss":5,"pips":-120.09999999999995,"pipsPerTrade":-0.4691406249999998},"worst":{"stopLoss":25,"pips":-485.2000000000001,"pipsPerTrade":-1.8953125000000004}}}}},"withStopLoss":{"best":{"slowWma":189,"trades":621,"stopLoss":10,"pips":1011.3000000000001,"pipsPerTrade":1.6258842443729904},"worst":{"slowWma":120,"trades":262,"stopLoss":24,"pips":-538.7,"pipsPerTrade":-2.0482889733840306}}}