{"noStops":{"best":{"overall":{"slowWma":115,"trades":290,"pips":408.0000000000004,"pipsPerTrade":1.4020618556701046,"stopLoss":{"best":{"stopLoss":17,"pips":402.70000000000044,"pipsPerTrade":1.3838487972508606},"worst":{"stopLoss":11,"pips":-85.80000000000001,"pipsPerTrade":-0.29484536082474233}}},"perTrade":{"slowWma":115,"trades":290,"pips":408.0000000000004,"pipsPerTrade":1.4020618556701046,"stopLoss":{"best":{"stopLoss":17,"pips":402.70000000000044,"pipsPerTrade":1.3838487972508606},"worst":{"stopLoss":11,"pips":-85.80000000000001,"pipsPerTrade":-0.29484536082474233}}}},"worst":{"overall":{"slowWma":198,"trades":815,"pips":-526.3999999999996,"pipsPerTrade":-0.6450980392156859,"stopLoss":{"best":{"stopLoss":22,"pips":109.10000000000005,"pipsPerTrade":0.13370098039215692},"worst":{"stopLoss":4,"pips":-240.89999999999992,"pipsPerTrade":-0.295220588235294}}},"perTrade":{"slowWma":123,"trades":254,"pips":-510.00000000000017,"pipsPerTrade":-2.000000000000001,"stopLoss":{"best":{"stopLoss":5,"pips":-120.09999999999995,"pipsPerTrade":-0.47098039215686255},"worst":{"stopLoss":25,"pips":-485.2000000000001,"pipsPerTrade":-1.902745098039216}}}}},"withStopLoss":{"best":{"slowWma":175,"trades":502,"stopLoss":17,"pips":503.70000000000033,"pipsPerTrade":1.0013916500994042},"worst":{"slowWma":120,"trades":261,"stopLoss":24,"pips":-538.7,"pipsPerTrade":-2.0561068702290077}}}