{"noStops":{"best":{"overall":{"slowWma":115,"trades":299,"pips":285.30000000000007,"pipsPerTrade":0.9510000000000002,"stopLoss":{"best":{"stopLoss":18,"pips":324.8999999999999,"pipsPerTrade":1.0829999999999997},"worst":{"stopLoss":8,"pips":-281.5999999999998,"pipsPerTrade":-0.938666666666666}}},"perTrade":{"slowWma":115,"trades":299,"pips":285.30000000000007,"pipsPerTrade":0.9510000000000002,"stopLoss":{"best":{"stopLoss":18,"pips":324.8999999999999,"pipsPerTrade":1.0829999999999997},"worst":{"stopLoss":8,"pips":-281.5999999999998,"pipsPerTrade":-0.938666666666666}}}},"worst":{"overall":{"slowWma":198,"trades":778,"pips":-489.4999999999999,"pipsPerTrade":-0.6283697047496789,"stopLoss":{"best":{"stopLoss":9,"pips":108.5,"pipsPerTrade":0.1392811296534018},"worst":{"stopLoss":25,"pips":-196.9,"pipsPerTrade":-0.2527599486521181}}},"perTrade":{"slowWma":123,"trades":241,"pips":-382.5000000000003,"pipsPerTrade":-1.5805785123966953,"stopLoss":{"best":{"stopLoss":8,"pips":12.40000000000029,"pipsPerTrade":0.051239669421488804},"worst":{"stopLoss":25,"pips":-409.30000000000007,"pipsPerTrade":-1.691322314049587}}}}},"withStopLoss":{"best":{"slowWma":178,"trades":592,"stopLoss":22,"pips":515.1999999999999,"pipsPerTrade":0.8688026981450252},"worst":{"slowWma":121,"trades":272,"stopLoss":25,"pips":-533.1999999999999,"pipsPerTrade":-1.9531135531135528}}}