{"noStops":{"best":{"overall":{"slowWma":188,"trades":689,"pips":573.9000000000001,"pipsPerTrade":0.8317391304347828,"stopLoss":{"best":{"stopLoss":16,"pips":804.9,"pipsPerTrade":1.1665217391304348},"worst":{"stopLoss":1,"pips":-92.30000000000005,"pipsPerTrade":-0.13376811594202906}}},"perTrade":{"slowWma":115,"trades":300,"pips":552.5,"pipsPerTrade":1.8355481727574752,"stopLoss":{"best":{"stopLoss":25,"pips":308.40000000000043,"pipsPerTrade":1.0245847176079748},"worst":{"stopLoss":8,"pips":-303.5999999999998,"pipsPerTrade":-1.0086378737541521}}}},"worst":{"overall":{"slowWma":122,"trades":272,"pips":-179.80000000000013,"pipsPerTrade":-0.658608058608059,"stopLoss":{"best":{"stopLoss":18,"pips":-169.70000000000005,"pipsPerTrade":-0.6216117216117217},"worst":{"stopLoss":2,"pips":-418.7,"pipsPerTrade":-1.5336996336996336}}},"perTrade":{"slowWma":122,"trades":272,"pips":-179.80000000000013,"pipsPerTrade":-0.658608058608059,"stopLoss":{"best":{"stopLoss":18,"pips":-169.70000000000005,"pipsPerTrade":-0.6216117216117217},"worst":{"stopLoss":2,"pips":-418.7,"pipsPerTrade":-1.5336996336996336}}}}},"withStopLoss":{"best":{"slowWma":178,"trades":593,"stopLoss":22,"pips":1014.3999999999999,"pipsPerTrade":1.7077441077441076},"worst":{"slowWma":121,"trades":273,"stopLoss":25,"pips":-533.1999999999999,"pipsPerTrade":-1.9459854014598537}}}