{"noStops":{"best":{"overall":{"slowWma":57,"trades":450,"pips":590.2,"pipsPerTrade":1.308647450110865,"stopLoss":{"best":{"stopLoss":18,"pips":965.3000000000002,"pipsPerTrade":2.1403547671840357},"worst":{"stopLoss":4,"pips":-329.10000000000014,"pipsPerTrade":-0.7297117516629715}}},"perTrade":{"slowWma":57,"trades":450,"pips":590.2,"pipsPerTrade":1.308647450110865,"stopLoss":{"best":{"stopLoss":18,"pips":965.3000000000002,"pipsPerTrade":2.1403547671840357},"worst":{"stopLoss":4,"pips":-329.10000000000014,"pipsPerTrade":-0.7297117516629715}}}},"worst":{"overall":{"slowWma":171,"trades":1358,"pips":-587,"pipsPerTrade":-0.43193524650478293,"stopLoss":{"best":{"stopLoss":20,"pips":-157.8999999999999,"pipsPerTrade":-0.11618837380426776},"worst":{"stopLoss":7,"pips":-679.4000000000002,"pipsPerTrade":-0.499926416482708}}},"perTrade":{"slowWma":171,"trades":1358,"pips":-587,"pipsPerTrade":-0.43193524650478293,"stopLoss":{"best":{"stopLoss":20,"pips":-157.8999999999999,"pipsPerTrade":-0.11618837380426776},"worst":{"stopLoss":7,"pips":-679.4000000000002,"pipsPerTrade":-0.499926416482708}}}}},"withStopLoss":{"best":{"slowWma":58,"trades":517,"stopLoss":18,"pips":974.3999999999996,"pipsPerTrade":1.8810810810810803},"worst":{"slowWma":169,"trades":1363,"stopLoss":8,"pips":-639.4000000000003,"pipsPerTrade":-0.46876832844574806}}}