{"noStops":{"best":{"overall":{"slowWma":180,"trades":533,"pips":576.4999999999999,"pipsPerTrade":1.079588014981273,"stopLoss":{"best":{"stopLoss":17,"pips":859.6,"pipsPerTrade":1.6097378277153558},"worst":{"stopLoss":3,"pips":-17.300000000000104,"pipsPerTrade":-0.032397003745318544}}},"perTrade":{"slowWma":113,"trades":381,"pips":531.6,"pipsPerTrade":1.3916230366492148,"stopLoss":{"best":{"stopLoss":25,"pips":228.40000000000006,"pipsPerTrade":0.5979057591623038},"worst":{"stopLoss":12,"pips":-273.4000000000001,"pipsPerTrade":-0.7157068062827228}}}},"worst":{"overall":{"slowWma":123,"trades":242,"pips":-276.50000000000006,"pipsPerTrade":-1.137860082304527,"stopLoss":{"best":{"stopLoss":8,"pips":-67.69999999999976,"pipsPerTrade":-0.2786008230452665},"worst":{"stopLoss":25,"pips":-591.4,"pipsPerTrade":-2.433744855967078}}},"perTrade":{"slowWma":123,"trades":242,"pips":-276.50000000000006,"pipsPerTrade":-1.137860082304527,"stopLoss":{"best":{"stopLoss":8,"pips":-67.69999999999976,"pipsPerTrade":-0.2786008230452665},"worst":{"stopLoss":25,"pips":-591.4,"pipsPerTrade":-2.433744855967078}}}}},"withStopLoss":{"best":{"slowWma":175,"trades":489,"stopLoss":24,"pips":983.7000000000003,"pipsPerTrade":2.007551020408164},"worst":{"slowWma":120,"trades":253,"stopLoss":22,"pips":-600,"pipsPerTrade":-2.3622047244094486}}}