{"noStops":{"best":{"overall":{"slowWma":113,"trades":379,"pips":294.5,"pipsPerTrade":0.775,"stopLoss":{"best":{"stopLoss":25,"pips":174.50000000000006,"pipsPerTrade":0.4592105263157896},"worst":{"stopLoss":12,"pips":-238.30000000000013,"pipsPerTrade":-0.627105263157895}}},"perTrade":{"slowWma":113,"trades":379,"pips":294.5,"pipsPerTrade":0.775,"stopLoss":{"best":{"stopLoss":25,"pips":174.50000000000006,"pipsPerTrade":0.4592105263157896},"worst":{"stopLoss":12,"pips":-238.30000000000013,"pipsPerTrade":-0.627105263157895}}}},"worst":{"overall":{"slowWma":123,"trades":241,"pips":-535.8000000000001,"pipsPerTrade":-2.2140495867768597,"stopLoss":{"best":{"stopLoss":8,"pips":-67.69999999999976,"pipsPerTrade":-0.27975206611570147},"worst":{"stopLoss":25,"pips":-591.4,"pipsPerTrade":-2.443801652892562}}},"perTrade":{"slowWma":123,"trades":241,"pips":-535.8000000000001,"pipsPerTrade":-2.2140495867768597,"stopLoss":{"best":{"stopLoss":8,"pips":-67.69999999999976,"pipsPerTrade":-0.27975206611570147},"worst":{"stopLoss":25,"pips":-591.4,"pipsPerTrade":-2.443801652892562}}}}},"withStopLoss":{"best":{"slowWma":189,"trades":607,"stopLoss":9,"pips":541.0000000000007,"pipsPerTrade":0.8898026315789485},"worst":{"slowWma":120,"trades":252,"stopLoss":22,"pips":-600,"pipsPerTrade":-2.3715415019762847}}}