{"noStops":{"best":{"overall":{"slowWma":113,"trades":449,"pips":242.60000000000008,"pipsPerTrade":0.5391111111111113,"stopLoss":{"best":{"stopLoss":14,"pips":231.6,"pipsPerTrade":0.5146666666666666},"worst":{"stopLoss":6,"pips":-213.5,"pipsPerTrade":-0.47444444444444445}}},"perTrade":{"slowWma":113,"trades":449,"pips":242.60000000000008,"pipsPerTrade":0.5391111111111113,"stopLoss":{"best":{"stopLoss":14,"pips":231.6,"pipsPerTrade":0.5146666666666666},"worst":{"stopLoss":6,"pips":-213.5,"pipsPerTrade":-0.47444444444444445}}}},"worst":{"overall":{"slowWma":123,"trades":246,"pips":-542.5,"pipsPerTrade":-2.1963562753036436,"stopLoss":{"best":{"stopLoss":8,"pips":-58.499999999999964,"pipsPerTrade":-0.23684210526315774},"worst":{"stopLoss":25,"pips":-680.8,"pipsPerTrade":-2.7562753036437244}}},"perTrade":{"slowWma":123,"trades":246,"pips":-542.5,"pipsPerTrade":-2.1963562753036436,"stopLoss":{"best":{"stopLoss":8,"pips":-58.499999999999964,"pipsPerTrade":-0.23684210526315774},"worst":{"stopLoss":25,"pips":-680.8,"pipsPerTrade":-2.7562753036437244}}}}},"withStopLoss":{"best":{"slowWma":189,"trades":600,"stopLoss":9,"pips":529.4000000000007,"pipsPerTrade":0.8808652246256251},"worst":{"slowWma":121,"trades":258,"stopLoss":2,"pips":-387.70000000000016,"pipsPerTrade":-1.4969111969111975}}}