{"noStops":{"best":{"overall":{"slowWma":187,"trades":586,"pips":564.4999999999999,"pipsPerTrade":0.9616695059625211,"stopLoss":{"best":{"stopLoss":16,"pips":751.0999999999997,"pipsPerTrade":1.2795570698466774},"worst":{"stopLoss":1,"pips":-61.60000000000011,"pipsPerTrade":-0.104940374787053}}},"perTrade":{"slowWma":114,"trades":374,"pips":432.19999999999993,"pipsPerTrade":1.1525333333333332,"stopLoss":{"best":{"stopLoss":14,"pips":201.89999999999978,"pipsPerTrade":0.5383999999999994},"worst":{"stopLoss":6,"pips":-330.0999999999999,"pipsPerTrade":-0.8802666666666664}}}},"worst":{"overall":{"slowWma":123,"trades":247,"pips":-275.2,"pipsPerTrade":-1.1096774193548387,"stopLoss":{"best":{"stopLoss":8,"pips":-71.79999999999997,"pipsPerTrade":-0.28951612903225793},"worst":{"stopLoss":25,"pips":-680.8,"pipsPerTrade":-2.7451612903225806}}},"perTrade":{"slowWma":123,"trades":247,"pips":-275.2,"pipsPerTrade":-1.1096774193548387,"stopLoss":{"best":{"stopLoss":8,"pips":-71.79999999999997,"pipsPerTrade":-0.28951612903225793},"worst":{"stopLoss":25,"pips":-680.8,"pipsPerTrade":-2.7451612903225806}}}}},"withStopLoss":{"best":{"slowWma":175,"trades":486,"stopLoss":24,"pips":999.4000000000002,"pipsPerTrade":2.0521560574948667},"worst":{"slowWma":121,"trades":259,"stopLoss":2,"pips":-391.20000000000016,"pipsPerTrade":-1.5046153846153851}}}