{"noStops":{"best":{"overall":{"slowWma":187,"trades":578,"pips":601.8999999999999,"pipsPerTrade":1.039550949913644,"stopLoss":{"best":{"stopLoss":15,"pips":813.1999999999999,"pipsPerTrade":1.4044905008635578},"worst":{"stopLoss":3,"pips":-72.89999999999998,"pipsPerTrade":-0.1259067357512953}}},"perTrade":{"slowWma":137,"trades":285,"pips":339.8000000000005,"pipsPerTrade":1.18811188811189,"stopLoss":{"best":{"stopLoss":8,"pips":191.80000000000035,"pipsPerTrade":0.6706293706293719},"worst":{"stopLoss":15,"pips":-96.5999999999999,"pipsPerTrade":-0.3377622377622374}}}},"worst":{"overall":{"slowWma":123,"trades":249,"pips":-253.3,"pipsPerTrade":-1.0132,"stopLoss":{"best":{"stopLoss":6,"pips":-92.99999999999993,"pipsPerTrade":-0.3719999999999997},"worst":{"stopLoss":25,"pips":-484,"pipsPerTrade":-1.936}}},"perTrade":{"slowWma":123,"trades":249,"pips":-253.3,"pipsPerTrade":-1.0132,"stopLoss":{"best":{"stopLoss":6,"pips":-92.99999999999993,"pipsPerTrade":-0.3719999999999997},"worst":{"stopLoss":25,"pips":-484,"pipsPerTrade":-1.936}}}}},"withStopLoss":{"best":{"slowWma":173,"trades":526,"stopLoss":17,"pips":967.5,"pipsPerTrade":1.8358633776091082},"worst":{"slowWma":120,"trades":259,"stopLoss":23,"pips":-550.5000000000001,"pipsPerTrade":-2.117307692307693}}}