{"noStops":{"best":{"overall":{"slowWma":113,"trades":616,"pips":195.50000000000028,"pipsPerTrade":0.31685575364667795,"stopLoss":{"best":{"stopLoss":14,"pips":80.20000000000017,"pipsPerTrade":0.1299837925445708},"worst":{"stopLoss":1,"pips":-295.5999999999999,"pipsPerTrade":-0.479092382495948}}},"perTrade":{"slowWma":113,"trades":616,"pips":195.50000000000028,"pipsPerTrade":0.31685575364667795,"stopLoss":{"best":{"stopLoss":14,"pips":80.20000000000017,"pipsPerTrade":0.1299837925445708},"worst":{"stopLoss":1,"pips":-295.5999999999999,"pipsPerTrade":-0.479092382495948}}}},"worst":{"overall":{"slowWma":199,"trades":853,"pips":-555.1999999999998,"pipsPerTrade":-0.6501170960187351,"stopLoss":{"best":{"stopLoss":14,"pips":-20.800000000000022,"pipsPerTrade":-0.024355971896955528},"worst":{"stopLoss":7,"pips":-430.5999999999999,"pipsPerTrade":-0.504215456674473}}},"perTrade":{"slowWma":123,"trades":248,"pips":-537.1,"pipsPerTrade":-2.157028112449799,"stopLoss":{"best":{"stopLoss":6,"pips":-79.69999999999993,"pipsPerTrade":-0.3200803212851403},"worst":{"stopLoss":25,"pips":-484,"pipsPerTrade":-1.9437751004016064}}}}},"withStopLoss":{"best":{"slowWma":173,"trades":525,"stopLoss":17,"pips":520.2,"pipsPerTrade":0.9889733840304183},"worst":{"slowWma":120,"trades":258,"stopLoss":23,"pips":-550.5000000000001,"pipsPerTrade":-2.125482625482626}}}