{"noStops":{"best":{"overall":{"slowWma":115,"trades":441,"pips":126.30000000000018,"pipsPerTrade":0.28574660633484206,"stopLoss":{"best":{"stopLoss":11,"pips":188.80000000000015,"pipsPerTrade":0.4271493212669687},"worst":{"stopLoss":23,"pips":-8.999999999999861,"pipsPerTrade":-0.02036199095022593}}},"perTrade":{"slowWma":115,"trades":441,"pips":126.30000000000018,"pipsPerTrade":0.28574660633484206,"stopLoss":{"best":{"stopLoss":11,"pips":188.80000000000015,"pipsPerTrade":0.4271493212669687},"worst":{"stopLoss":23,"pips":-8.999999999999861,"pipsPerTrade":-0.02036199095022593}}}},"worst":{"overall":{"slowWma":119,"trades":288,"pips":-522.5999999999998,"pipsPerTrade":-1.8083044982698955,"stopLoss":{"best":{"stopLoss":6,"pips":69.3000000000002,"pipsPerTrade":0.23979238754325327},"worst":{"stopLoss":24,"pips":-398.20000000000005,"pipsPerTrade":-1.377854671280277}}},"perTrade":{"slowWma":122,"trades":253,"pips":-504.8999999999999,"pipsPerTrade":-1.9877952755905508,"stopLoss":{"best":{"stopLoss":10,"pips":55.10000000000011,"pipsPerTrade":0.21692913385826815},"worst":{"stopLoss":25,"pips":-419.0999999999999,"pipsPerTrade":-1.6499999999999997}}}}},"withStopLoss":{"best":{"slowWma":189,"trades":615,"stopLoss":6,"pips":446.5,"pipsPerTrade":0.7248376623376623},"worst":{"slowWma":130,"trades":274,"stopLoss":15,"pips":-401.99999999999994,"pipsPerTrade":-1.4618181818181817}}}