{"noStops":{"best":{"overall":{"slowWma":177,"trades":552,"pips":581.9000000000001,"pipsPerTrade":1.0522603978300182,"stopLoss":{"best":{"stopLoss":7,"pips":981.1000000000005,"pipsPerTrade":1.774141048824594},"worst":{"stopLoss":5,"pips":66.79999999999997,"pipsPerTrade":0.1207956600361663}}},"perTrade":{"slowWma":177,"trades":552,"pips":581.9000000000001,"pipsPerTrade":1.0522603978300182,"stopLoss":{"best":{"stopLoss":7,"pips":981.1000000000005,"pipsPerTrade":1.774141048824594},"worst":{"stopLoss":5,"pips":66.79999999999997,"pipsPerTrade":0.1207956600361663}}}},"worst":{"overall":{"slowWma":119,"trades":289,"pips":-255.79999999999978,"pipsPerTrade":-0.8820689655172407,"stopLoss":{"best":{"stopLoss":6,"pips":56.0000000000002,"pipsPerTrade":0.19310344827586276},"worst":{"stopLoss":24,"pips":-398.20000000000005,"pipsPerTrade":-1.3731034482758622}}},"perTrade":{"slowWma":122,"trades":254,"pips":-236.5999999999999,"pipsPerTrade":-0.9278431372549016,"stopLoss":{"best":{"stopLoss":10,"pips":55.10000000000011,"pipsPerTrade":0.21607843137254945},"worst":{"stopLoss":25,"pips":-419.0999999999999,"pipsPerTrade":-1.6435294117647055}}}}},"withStopLoss":{"best":{"slowWma":177,"trades":552,"stopLoss":7,"pips":981.1000000000005,"pipsPerTrade":1.774141048824594},"worst":{"slowWma":120,"trades":275,"stopLoss":24,"pips":-479.5999999999999,"pipsPerTrade":-1.7376811594202894}}}