{"noStops":{"best":{"overall":{"slowWma":184,"trades":682,"pips":595.3,"pipsPerTrade":0.8715959004392386,"stopLoss":{"best":{"stopLoss":21,"pips":663.0999999999998,"pipsPerTrade":0.9708638360175692},"worst":{"stopLoss":19,"pips":105.9999999999998,"pipsPerTrade":0.15519765739385036}}},"perTrade":{"slowWma":142,"trades":297,"pips":342.9000000000003,"pipsPerTrade":1.1506711409395984,"stopLoss":{"best":{"stopLoss":18,"pips":540.7000000000004,"pipsPerTrade":1.8144295302013436},"worst":{"stopLoss":1,"pips":31.500000000000107,"pipsPerTrade":0.10570469798657754}}}},"worst":{"overall":{"slowWma":122,"trades":255,"pips":-272.20000000000016,"pipsPerTrade":-1.0632812500000006,"stopLoss":{"best":{"stopLoss":5,"pips":-85.20000000000002,"pipsPerTrade":-0.33281250000000007},"worst":{"stopLoss":25,"pips":-508.2,"pipsPerTrade":-1.98515625}}},"perTrade":{"slowWma":122,"trades":255,"pips":-272.20000000000016,"pipsPerTrade":-1.0632812500000006,"stopLoss":{"best":{"stopLoss":5,"pips":-85.20000000000002,"pipsPerTrade":-0.33281250000000007},"worst":{"stopLoss":25,"pips":-508.2,"pipsPerTrade":-1.98515625}}}}},"withStopLoss":{"best":{"slowWma":193,"trades":644,"stopLoss":19,"pips":1012.8999999999999,"pipsPerTrade":1.5703875968992247},"worst":{"slowWma":119,"trades":306,"stopLoss":25,"pips":-685.0000000000002,"pipsPerTrade":-2.2312703583061895}}}