{"noStops":{"best":{"overall":{"slowWma":142,"trades":296,"pips":92.00000000000034,"pipsPerTrade":0.3097643097643109,"stopLoss":{"best":{"stopLoss":18,"pips":289.80000000000035,"pipsPerTrade":0.9757575757575769},"worst":{"stopLoss":1,"pips":35.50000000000011,"pipsPerTrade":0.11952861952861989}}},"perTrade":{"slowWma":142,"trades":296,"pips":92.00000000000034,"pipsPerTrade":0.3097643097643109,"stopLoss":{"best":{"stopLoss":18,"pips":289.80000000000035,"pipsPerTrade":0.9757575757575769},"worst":{"stopLoss":1,"pips":35.50000000000011,"pipsPerTrade":0.11952861952861989}}}},"worst":{"overall":{"slowWma":199,"trades":779,"pips":-576.5999999999998,"pipsPerTrade":-0.7392307692307689,"stopLoss":{"best":{"stopLoss":9,"pips":2.7999999999998604,"pipsPerTrade":0.0035897435897434106},"worst":{"stopLoss":1,"pips":-335.9,"pipsPerTrade":-0.43064102564102563}}},"perTrade":{"slowWma":122,"trades":254,"pips":-557.8000000000002,"pipsPerTrade":-2.187450980392158,"stopLoss":{"best":{"stopLoss":5,"pips":-85.20000000000002,"pipsPerTrade":-0.3341176470588236},"worst":{"stopLoss":25,"pips":-508.2,"pipsPerTrade":-1.9929411764705882}}}}},"withStopLoss":{"best":{"slowWma":183,"trades":602,"stopLoss":6,"pips":439.70000000000016,"pipsPerTrade":0.7291873963515757},"worst":{"slowWma":119,"trades":305,"stopLoss":25,"pips":-685.0000000000002,"pipsPerTrade":-2.238562091503269}}}