{"noStops":{"best":{"overall":{"slowWma":142,"trades":290,"pips":145.30000000000035,"pipsPerTrade":0.4993127147766335,"stopLoss":{"best":{"stopLoss":15,"pips":331.00000000000017,"pipsPerTrade":1.1374570446735401},"worst":{"stopLoss":1,"pips":-63.29999999999993,"pipsPerTrade":-0.21752577319587607}}},"perTrade":{"slowWma":142,"trades":290,"pips":145.30000000000035,"pipsPerTrade":0.4993127147766335,"stopLoss":{"best":{"stopLoss":15,"pips":331.00000000000017,"pipsPerTrade":1.1374570446735401},"worst":{"stopLoss":1,"pips":-63.29999999999993,"pipsPerTrade":-0.21752577319587607}}}},"worst":{"overall":{"slowWma":198,"trades":760,"pips":-597.4999999999999,"pipsPerTrade":-0.7851511169513796,"stopLoss":{"best":{"stopLoss":12,"pips":11.500000000000089,"pipsPerTrade":0.015111695137976463},"worst":{"stopLoss":8,"pips":-316.69999999999993,"pipsPerTrade":-0.4161629434954007}}},"perTrade":{"slowWma":122,"trades":281,"pips":-569.5000000000002,"pipsPerTrade":-2.0195035460992914,"stopLoss":{"best":{"stopLoss":5,"pips":-123.6000000000001,"pipsPerTrade":-0.4382978723404259},"worst":{"stopLoss":18,"pips":-376.4999999999999,"pipsPerTrade":-1.335106382978723}}}}},"withStopLoss":{"best":{"slowWma":194,"trades":648,"stopLoss":8,"pips":519.9999999999997,"pipsPerTrade":0.8012326656394447},"worst":{"slowWma":126,"trades":267,"stopLoss":15,"pips":-419.3999999999999,"pipsPerTrade":-1.564925373134328}}}