{"noStops":{"best":{"overall":{"slowWma":184,"trades":702,"pips":573.3,"pipsPerTrade":0.8155049786628733,"stopLoss":{"best":{"stopLoss":20,"pips":656.6999999999999,"pipsPerTrade":0.9341394025604551},"worst":{"stopLoss":3,"pips":-234.20000000000002,"pipsPerTrade":-0.33314366998577527}}},"perTrade":{"slowWma":142,"trades":291,"pips":390.2000000000004,"pipsPerTrade":1.336301369863015,"stopLoss":{"best":{"stopLoss":15,"pips":575.9000000000002,"pipsPerTrade":1.9722602739726034},"worst":{"stopLoss":1,"pips":-67.29999999999993,"pipsPerTrade":-0.23047945205479425}}}},"worst":{"overall":{"slowWma":122,"trades":282,"pips":-294.80000000000024,"pipsPerTrade":-1.0416961130742057,"stopLoss":{"best":{"stopLoss":5,"pips":-123.6000000000001,"pipsPerTrade":-0.43674911660777416},"worst":{"stopLoss":18,"pips":-376.4999999999999,"pipsPerTrade":-1.330388692579505}}},"perTrade":{"slowWma":122,"trades":282,"pips":-294.80000000000024,"pipsPerTrade":-1.0416961130742057,"stopLoss":{"best":{"stopLoss":5,"pips":-123.6000000000001,"pipsPerTrade":-0.43674911660777416},"worst":{"stopLoss":18,"pips":-376.4999999999999,"pipsPerTrade":-1.330388692579505}}}}},"withStopLoss":{"best":{"slowWma":194,"trades":649,"stopLoss":8,"pips":1110.5999999999997,"pipsPerTrade":1.7086153846153842},"worst":{"slowWma":126,"trades":268,"stopLoss":15,"pips":-419.3999999999999,"pipsPerTrade":-1.5591078066914494}}}