{"noStops":{"best":{"overall":{"slowWma":190,"trades":607,"pips":565.3999999999999,"pipsPerTrade":0.9299342105263155,"stopLoss":{"best":{"stopLoss":16,"pips":1196.9,"pipsPerTrade":1.9685855263157896},"worst":{"stopLoss":4,"pips":446.4000000000001,"pipsPerTrade":0.7342105263157896}}},"perTrade":{"slowWma":141,"trades":257,"pips":477.90000000000055,"pipsPerTrade":1.852325581395351,"stopLoss":{"best":{"stopLoss":15,"pips":528.2000000000002,"pipsPerTrade":2.047286821705427},"worst":{"stopLoss":1,"pips":99.40000000000022,"pipsPerTrade":0.3852713178294582}}}},"worst":{"overall":{"slowWma":117,"trades":610,"pips":-175.90000000000023,"pipsPerTrade":-0.2878887070376436,"stopLoss":{"best":{"stopLoss":10,"pips":-47.89999999999962,"pipsPerTrade":-0.07839607201309268},"worst":{"stopLoss":25,"pips":-462.90000000000003,"pipsPerTrade":-0.7576104746317512}}},"perTrade":{"slowWma":123,"trades":276,"pips":-167.19999999999987,"pipsPerTrade":-0.6036101083032487,"stopLoss":{"best":{"stopLoss":6,"pips":-36.29999999999987,"pipsPerTrade":-0.13104693140794177},"worst":{"stopLoss":17,"pips":-466.80000000000007,"pipsPerTrade":-1.685198555956679}}}}},"withStopLoss":{"best":{"slowWma":190,"trades":607,"stopLoss":16,"pips":1196.9,"pipsPerTrade":1.9685855263157896},"worst":{"slowWma":127,"trades":255,"stopLoss":4,"pips":-385.99999999999994,"pipsPerTrade":-1.5078124999999998}}}