{"noStops":{"best":{"overall":{"slowWma":142,"trades":312,"pips":239.50000000000037,"pipsPerTrade":0.7651757188498415,"stopLoss":{"best":{"stopLoss":15,"pips":282.0000000000003,"pipsPerTrade":0.900958466453675},"worst":{"stopLoss":1,"pips":-123.30000000000007,"pipsPerTrade":-0.39392971246006414}}},"perTrade":{"slowWma":141,"trades":256,"pips":233.0000000000005,"pipsPerTrade":0.9066147859922199,"stopLoss":{"best":{"stopLoss":6,"pips":337.8000000000003,"pipsPerTrade":1.3143968871595342},"worst":{"stopLoss":1,"pips":99.40000000000022,"pipsPerTrade":0.38677042801556505}}}},"worst":{"overall":{"slowWma":199,"trades":762,"pips":-662.1999999999998,"pipsPerTrade":-0.8678899082568805,"stopLoss":{"best":{"stopLoss":14,"pips":74.79999999999988,"pipsPerTrade":0.09803407601572724},"worst":{"stopLoss":5,"pips":-376.1000000000001,"pipsPerTrade":-0.49292267365661874}}},"perTrade":{"slowWma":123,"trades":275,"pips":-437.2999999999999,"pipsPerTrade":-1.584420289855072,"stopLoss":{"best":{"stopLoss":6,"pips":-36.29999999999987,"pipsPerTrade":-0.1315217391304343},"worst":{"stopLoss":17,"pips":-466.80000000000007,"pipsPerTrade":-1.6913043478260872}}}}},"withStopLoss":{"best":{"slowWma":193,"trades":632,"stopLoss":9,"pips":616.5999999999999,"pipsPerTrade":0.9740916271721958},"worst":{"slowWma":127,"trades":254,"stopLoss":4,"pips":-385.99999999999994,"pipsPerTrade":-1.5137254901960782}}}