{"noStops":{"best":{"overall":{"slowWma":182,"trades":600,"pips":611.6,"pipsPerTrade":1.0176372712146422,"stopLoss":{"best":{"stopLoss":16,"pips":803.6999999999998,"pipsPerTrade":1.3372712146422625},"worst":{"stopLoss":1,"pips":-127.10000000000002,"pipsPerTrade":-0.21148086522462567}}},"perTrade":{"slowWma":137,"trades":285,"pips":516.3000000000001,"pipsPerTrade":1.8052447552447555,"stopLoss":{"best":{"stopLoss":15,"pips":374.5000000000001,"pipsPerTrade":1.3094405594405598},"worst":{"stopLoss":11,"pips":199.60000000000002,"pipsPerTrade":0.697902097902098}}}},"worst":{"overall":{"slowWma":198,"trades":719,"pips":-157.5999999999998,"pipsPerTrade":-0.2188888888888886,"stopLoss":{"best":{"stopLoss":16,"pips":752.5999999999999,"pipsPerTrade":1.0452777777777778},"worst":{"stopLoss":5,"pips":-293.2,"pipsPerTrade":-0.4072222222222222}}},"perTrade":{"slowWma":123,"trades":282,"pips":-110.69999999999993,"pipsPerTrade":-0.39116607773851564,"stopLoss":{"best":{"stopLoss":6,"pips":-114.69999999999985,"pipsPerTrade":-0.4053003533568899},"worst":{"stopLoss":1,"pips":-404.70000000000005,"pipsPerTrade":-1.430035335689046}}}}},"withStopLoss":{"best":{"slowWma":189,"trades":634,"stopLoss":16,"pips":1174.1999999999998,"pipsPerTrade":1.8491338582677161},"worst":{"slowWma":121,"trades":331,"stopLoss":13,"pips":-444.09999999999997,"pipsPerTrade":-1.3376506024096384}}}