{"noStops":{"best":{"overall":{"slowWma":142,"trades":305,"pips":302.2000000000004,"pipsPerTrade":0.9875816993464065,"stopLoss":{"best":{"stopLoss":15,"pips":293.70000000000056,"pipsPerTrade":0.9598039215686293},"worst":{"stopLoss":2,"pips":67.40000000000005,"pipsPerTrade":0.2202614379084969}}},"perTrade":{"slowWma":141,"trades":304,"pips":301.40000000000015,"pipsPerTrade":0.9881967213114758,"stopLoss":{"best":{"stopLoss":6,"pips":256.7000000000002,"pipsPerTrade":0.8416393442622958},"worst":{"stopLoss":12,"pips":-14.099999999999948,"pipsPerTrade":-0.04622950819672114}}}},"worst":{"overall":{"slowWma":199,"trades":811,"pips":-670.0999999999999,"pipsPerTrade":-0.8252463054187191,"stopLoss":{"best":{"stopLoss":14,"pips":22.299999999999933,"pipsPerTrade":0.027463054187192037},"worst":{"stopLoss":5,"pips":-379.8999999999999,"pipsPerTrade":-0.46785714285714275}}},"perTrade":{"slowWma":123,"trades":281,"pips":-395.99999999999994,"pipsPerTrade":-1.404255319148936,"stopLoss":{"best":{"stopLoss":6,"pips":-114.69999999999985,"pipsPerTrade":-0.4067375886524817},"worst":{"stopLoss":1,"pips":-404.70000000000005,"pipsPerTrade":-1.4351063829787236}}}}},"withStopLoss":{"best":{"slowWma":189,"trades":633,"stopLoss":16,"pips":583.5999999999999,"pipsPerTrade":0.9205047318611986},"worst":{"slowWma":121,"trades":330,"stopLoss":13,"pips":-444.09999999999997,"pipsPerTrade":-1.341691842900302}}}