{"noStops":{"best":{"overall":{"slowWma":140,"trades":295,"pips":258.60000000000014,"pipsPerTrade":0.8736486486486491,"stopLoss":{"best":{"stopLoss":6,"pips":246.69999999999996,"pipsPerTrade":0.8334459459459458},"worst":{"stopLoss":11,"pips":37.4000000000001,"pipsPerTrade":0.12635135135135167}}},"perTrade":{"slowWma":140,"trades":295,"pips":258.60000000000014,"pipsPerTrade":0.8736486486486491,"stopLoss":{"best":{"stopLoss":6,"pips":246.69999999999996,"pipsPerTrade":0.8334459459459458},"worst":{"stopLoss":11,"pips":37.4000000000001,"pipsPerTrade":0.12635135135135167}}}},"worst":{"overall":{"slowWma":199,"trades":749,"pips":-670.2999999999998,"pipsPerTrade":-0.8937333333333332,"stopLoss":{"best":{"stopLoss":16,"pips":267.5,"pipsPerTrade":0.3566666666666667},"worst":{"stopLoss":1,"pips":-252.39999999999998,"pipsPerTrade":-0.3365333333333333}}},"perTrade":{"slowWma":123,"trades":300,"pips":-415.39999999999986,"pipsPerTrade":-1.3800664451827238,"stopLoss":{"best":{"stopLoss":9,"pips":-178.0999999999999,"pipsPerTrade":-0.5916943521594681},"worst":{"stopLoss":25,"pips":-476.49999999999994,"pipsPerTrade":-1.5830564784053154}}}}},"withStopLoss":{"best":{"slowWma":190,"trades":663,"stopLoss":9,"pips":639.9999999999998,"pipsPerTrade":0.9638554216867466},"worst":{"slowWma":122,"trades":332,"stopLoss":17,"pips":-457,"pipsPerTrade":-1.3723723723723724}}}