{"noStops":{"best":{"overall":{"slowWma":181,"trades":581,"pips":568.3,"pipsPerTrade":0.9764604810996563,"stopLoss":{"best":{"stopLoss":14,"pips":780.0999999999997,"pipsPerTrade":1.3403780068728517},"worst":{"stopLoss":1,"pips":-213.90000000000003,"pipsPerTrade":-0.36752577319587637}}},"perTrade":{"slowWma":135,"trades":276,"pips":533.6000000000003,"pipsPerTrade":1.9263537906137194,"stopLoss":{"best":{"stopLoss":4,"pips":461.9,"pipsPerTrade":1.667509025270758},"worst":{"stopLoss":25,"pips":264.5,"pipsPerTrade":0.9548736462093863}}}},"worst":{"overall":{"slowWma":123,"trades":301,"pips":-127.39999999999986,"pipsPerTrade":-0.4218543046357611,"stopLoss":{"best":{"stopLoss":9,"pips":-178.0999999999999,"pipsPerTrade":-0.589735099337748},"worst":{"stopLoss":25,"pips":-476.49999999999994,"pipsPerTrade":-1.5778145695364236}}},"perTrade":{"slowWma":123,"trades":301,"pips":-127.39999999999986,"pipsPerTrade":-0.4218543046357611,"stopLoss":{"best":{"stopLoss":9,"pips":-178.0999999999999,"pipsPerTrade":-0.589735099337748},"worst":{"stopLoss":25,"pips":-476.49999999999994,"pipsPerTrade":-1.5778145695364236}}}}},"withStopLoss":{"best":{"slowWma":190,"trades":664,"stopLoss":9,"pips":1223.1999999999998,"pipsPerTrade":1.8393984962406011},"worst":{"slowWma":122,"trades":333,"stopLoss":17,"pips":-457,"pipsPerTrade":-1.3682634730538923}}}