{"noStops":{"best":{"overall":{"slowWma":137,"trades":278,"pips":354.0000000000001,"pipsPerTrade":1.2688172043010757,"stopLoss":{"best":{"stopLoss":20,"pips":321.8000000000002,"pipsPerTrade":1.1534050179211477},"worst":{"stopLoss":12,"pips":25.700000000000156,"pipsPerTrade":0.09211469534050234}}},"perTrade":{"slowWma":137,"trades":278,"pips":354.0000000000001,"pipsPerTrade":1.2688172043010757,"stopLoss":{"best":{"stopLoss":20,"pips":321.8000000000002,"pipsPerTrade":1.1534050179211477},"worst":{"stopLoss":12,"pips":25.700000000000156,"pipsPerTrade":0.09211469534050234}}}},"worst":{"overall":{"slowWma":198,"trades":733,"pips":-632.7,"pipsPerTrade":-0.8619891008174387,"stopLoss":{"best":{"stopLoss":8,"pips":423.5999999999998,"pipsPerTrade":0.5771117166212532},"worst":{"stopLoss":1,"pips":-219.49999999999991,"pipsPerTrade":-0.29904632152588545}}},"perTrade":{"slowWma":198,"trades":733,"pips":-632.7,"pipsPerTrade":-0.8619891008174387,"stopLoss":{"best":{"stopLoss":8,"pips":423.5999999999998,"pipsPerTrade":0.5771117166212532},"worst":{"stopLoss":1,"pips":-219.49999999999991,"pipsPerTrade":-0.29904632152588545}}}}},"withStopLoss":{"best":{"slowWma":190,"trades":729,"stopLoss":7,"pips":654.5999999999997,"pipsPerTrade":0.8967123287671228},"worst":{"slowWma":122,"trades":367,"stopLoss":17,"pips":-365.6000000000002,"pipsPerTrade":-0.9934782608695657}}}