{"noStops":{"best":{"overall":{"slowWma":180,"trades":566,"pips":726.3999999999999,"pipsPerTrade":1.2811287477954143,"stopLoss":{"best":{"stopLoss":14,"pips":978.6999999999999,"pipsPerTrade":1.7261022927689593},"worst":{"stopLoss":1,"pips":-203.89999999999995,"pipsPerTrade":-0.3596119929453262}}},"perTrade":{"slowWma":137,"trades":279,"pips":598.9000000000001,"pipsPerTrade":2.138928571428572,"stopLoss":{"best":{"stopLoss":20,"pips":566.7000000000002,"pipsPerTrade":2.023928571428572},"worst":{"stopLoss":5,"pips":93.00000000000011,"pipsPerTrade":0.3321428571428576}}}},"worst":{"overall":{"slowWma":198,"trades":734,"pips":-89.40000000000009,"pipsPerTrade":-0.12163265306122462,"stopLoss":{"best":{"stopLoss":8,"pips":966.8999999999997,"pipsPerTrade":1.3155102040816322},"worst":{"stopLoss":1,"pips":-219.49999999999991,"pipsPerTrade":-0.2986394557823128}}},"perTrade":{"slowWma":198,"trades":734,"pips":-89.40000000000009,"pipsPerTrade":-0.12163265306122462,"stopLoss":{"best":{"stopLoss":8,"pips":966.8999999999997,"pipsPerTrade":1.3155102040816322},"worst":{"stopLoss":1,"pips":-219.49999999999991,"pipsPerTrade":-0.2986394557823128}}}}},"withStopLoss":{"best":{"slowWma":190,"trades":730,"stopLoss":7,"pips":1211.9999999999995,"pipsPerTrade":1.6580027359781115},"worst":{"slowWma":122,"trades":368,"stopLoss":17,"pips":-365.6000000000002,"pipsPerTrade":-0.9907859078590792}}}