{"noStops":{"best":{"overall":{"slowWma":57,"trades":445,"pips":601.6999999999991,"pipsPerTrade":1.349103139013451,"stopLoss":{"best":{"stopLoss":23,"pips":947.1999999999996,"pipsPerTrade":2.123766816143497},"worst":{"stopLoss":8,"pips":-322.09999999999997,"pipsPerTrade":-0.7221973094170403}}},"perTrade":{"slowWma":57,"trades":445,"pips":601.6999999999991,"pipsPerTrade":1.349103139013451,"stopLoss":{"best":{"stopLoss":23,"pips":947.1999999999996,"pipsPerTrade":2.123766816143497},"worst":{"stopLoss":8,"pips":-322.09999999999997,"pipsPerTrade":-0.7221973094170403}}}},"worst":{"overall":{"slowWma":191,"trades":1564,"pips":-520.0000000000002,"pipsPerTrade":-0.3322683706070289,"stopLoss":{"best":{"stopLoss":5,"pips":36.399999999999906,"pipsPerTrade":0.023258785942491953},"worst":{"stopLoss":1,"pips":-514.4000000000003,"pipsPerTrade":-0.32869009584664555}}},"perTrade":{"slowWma":20,"trades":715,"pips":-331,"pipsPerTrade":-0.4622905027932961,"stopLoss":{"best":{"stopLoss":3,"pips":265.6000000000001,"pipsPerTrade":0.37094972067039117},"worst":{"stopLoss":7,"pips":-160.69999999999953,"pipsPerTrade":-0.22444134078212225}}}}},"withStopLoss":{"best":{"slowWma":57,"trades":445,"stopLoss":23,"pips":947.1999999999996,"pipsPerTrade":2.123766816143497},"worst":{"slowWma":169,"trades":1233,"stopLoss":10,"pips":-651.1000000000003,"pipsPerTrade":-0.5276337115072935}}}