{"noStops":{"best":{"overall":{"slowWma":138,"trades":256,"pips":334.9000000000001,"pipsPerTrade":1.3031128404669263,"stopLoss":{"best":{"stopLoss":17,"pips":305.0000000000002,"pipsPerTrade":1.186770428015565},"worst":{"stopLoss":11,"pips":-14.10000000000007,"pipsPerTrade":-0.05486381322957226}}},"perTrade":{"slowWma":138,"trades":256,"pips":334.9000000000001,"pipsPerTrade":1.3031128404669263,"stopLoss":{"best":{"stopLoss":17,"pips":305.0000000000002,"pipsPerTrade":1.186770428015565},"worst":{"stopLoss":11,"pips":-14.10000000000007,"pipsPerTrade":-0.05486381322957226}}}},"worst":{"overall":{"slowWma":199,"trades":734,"pips":-596.7,"pipsPerTrade":-0.8118367346938776,"stopLoss":{"best":{"stopLoss":8,"pips":409.0999999999998,"pipsPerTrade":0.556598639455782},"worst":{"stopLoss":1,"pips":-166.60000000000005,"pipsPerTrade":-0.22666666666666674}}},"perTrade":{"slowWma":154,"trades":361,"pips":-302.50000000000006,"pipsPerTrade":-0.8356353591160223,"stopLoss":{"best":{"stopLoss":5,"pips":75.49999999999994,"pipsPerTrade":0.20856353591160207},"worst":{"stopLoss":17,"pips":-206.39999999999995,"pipsPerTrade":-0.5701657458563535}}}}},"withStopLoss":{"best":{"slowWma":189,"trades":607,"stopLoss":14,"pips":640.3999999999999,"pipsPerTrade":1.0532894736842102},"worst":{"slowWma":122,"trades":443,"stopLoss":2,"pips":-366.5999999999999,"pipsPerTrade":-0.8256756756756755}}}