{"noStops":{"best":{"overall":{"slowWma":180,"trades":530,"pips":598.4,"pipsPerTrade":1.126930320150659,"stopLoss":{"best":{"stopLoss":14,"pips":948.5999999999999,"pipsPerTrade":1.7864406779661015},"worst":{"stopLoss":3,"pips":-266,"pipsPerTrade":-0.5009416195856874}}},"perTrade":{"slowWma":138,"trades":257,"pips":579.1000000000001,"pipsPerTrade":2.2445736434108534,"stopLoss":{"best":{"stopLoss":19,"pips":516.4000000000001,"pipsPerTrade":2.0015503875968994},"worst":{"stopLoss":11,"pips":-14.10000000000007,"pipsPerTrade":-0.05465116279069795}}}},"worst":{"overall":{"slowWma":199,"trades":735,"pips":-37.60000000000002,"pipsPerTrade":-0.05108695652173916,"stopLoss":{"best":{"stopLoss":8,"pips":968.1999999999998,"pipsPerTrade":1.3154891304347824},"worst":{"stopLoss":1,"pips":392.5,"pipsPerTrade":0.5332880434782609}}},"perTrade":{"slowWma":156,"trades":378,"pips":-32.599999999999966,"pipsPerTrade":-0.08601583113456455,"stopLoss":{"best":{"stopLoss":8,"pips":24.70000000000006,"pipsPerTrade":0.0651715039577838},"worst":{"stopLoss":13,"pips":-146.60000000000002,"pipsPerTrade":-0.3868073878627969}}}}},"withStopLoss":{"best":{"slowWma":189,"trades":608,"stopLoss":14,"pips":1197.7999999999997,"pipsPerTrade":1.9668308702791457},"worst":{"slowWma":122,"trades":445,"stopLoss":2,"pips":-286.4999999999999,"pipsPerTrade":-0.6423766816143496}}}