{"noStops":{"best":{"overall":{"slowWma":137,"trades":249,"pips":262.99999999999994,"pipsPerTrade":1.0519999999999998,"stopLoss":{"best":{"stopLoss":13,"pips":179.40000000000012,"pipsPerTrade":0.7176000000000005},"worst":{"stopLoss":25,"pips":-2.9000000000000163,"pipsPerTrade":-0.011600000000000065}}},"perTrade":{"slowWma":137,"trades":249,"pips":262.99999999999994,"pipsPerTrade":1.0519999999999998,"stopLoss":{"best":{"stopLoss":13,"pips":179.40000000000012,"pipsPerTrade":0.7176000000000005},"worst":{"stopLoss":25,"pips":-2.9000000000000163,"pipsPerTrade":-0.011600000000000065}}}},"worst":{"overall":{"slowWma":197,"trades":629,"pips":-586.9999999999999,"pipsPerTrade":-0.9317460317460315,"stopLoss":{"best":{"stopLoss":8,"pips":445.69999999999976,"pipsPerTrade":0.7074603174603171},"worst":{"stopLoss":6,"pips":61.60000000000002,"pipsPerTrade":0.09777777777777781}}},"perTrade":{"slowWma":156,"trades":298,"pips":-393.89999999999986,"pipsPerTrade":-1.3173913043478256,"stopLoss":{"best":{"stopLoss":8,"pips":20.19999999999996,"pipsPerTrade":0.06755852842809351},"worst":{"stopLoss":16,"pips":-269.7000000000001,"pipsPerTrade":-0.902006688963211}}}}},"withStopLoss":{"best":{"slowWma":188,"trades":555,"stopLoss":13,"pips":601.6999999999998,"pipsPerTrade":1.0821942446043162},"worst":{"slowWma":125,"trades":327,"stopLoss":14,"pips":-313.29999999999995,"pipsPerTrade":-0.9551829268292682}}}