{"noStops":{"best":{"overall":{"slowWma":180,"trades":461,"pips":555.4,"pipsPerTrade":1.2021645021645022,"stopLoss":{"best":{"stopLoss":9,"pips":935.5999999999999,"pipsPerTrade":2.025108225108225},"worst":{"stopLoss":3,"pips":389.2000000000001,"pipsPerTrade":0.8424242424242426}}},"perTrade":{"slowWma":138,"trades":234,"pips":484.5,"pipsPerTrade":2.0617021276595744,"stopLoss":{"best":{"stopLoss":15,"pips":516.3999999999999,"pipsPerTrade":2.197446808510638},"worst":{"stopLoss":1,"pips":3.8999999999999986,"pipsPerTrade":0.01659574468085106}}}},"worst":{"overall":{"slowWma":154,"trades":350,"pips":-200.00000000000006,"pipsPerTrade":-0.5698005698005699,"stopLoss":{"best":{"stopLoss":5,"pips":70.30000000000005,"pipsPerTrade":0.20028490028490045},"worst":{"stopLoss":25,"pips":-290,"pipsPerTrade":-0.8262108262108262}}},"perTrade":{"slowWma":154,"trades":350,"pips":-200.00000000000006,"pipsPerTrade":-0.5698005698005699,"stopLoss":{"best":{"stopLoss":5,"pips":70.30000000000005,"pipsPerTrade":0.20028490028490045},"worst":{"stopLoss":25,"pips":-290,"pipsPerTrade":-0.8262108262108262}}}}},"withStopLoss":{"best":{"slowWma":188,"trades":556,"stopLoss":13,"pips":1126.1999999999998,"pipsPerTrade":2.0219030520646317},"worst":{"slowWma":156,"trades":299,"stopLoss":16,"pips":-269.7000000000001,"pipsPerTrade":-0.8990000000000004}}}