{"noStops":{"best":{"overall":{"slowWma":138,"trades":232,"pips":323.2000000000002,"pipsPerTrade":1.3871244635193143,"stopLoss":{"best":{"stopLoss":15,"pips":315.2,"pipsPerTrade":1.3527896995708153},"worst":{"stopLoss":1,"pips":70.50000000000007,"pipsPerTrade":0.3025751072961376}}},"perTrade":{"slowWma":138,"trades":232,"pips":323.2000000000002,"pipsPerTrade":1.3871244635193143,"stopLoss":{"best":{"stopLoss":15,"pips":315.2,"pipsPerTrade":1.3527896995708153},"worst":{"stopLoss":1,"pips":70.50000000000007,"pipsPerTrade":0.3025751072961376}}}},"worst":{"overall":{"slowWma":198,"trades":631,"pips":-481.29999999999984,"pipsPerTrade":-0.7615506329113921,"stopLoss":{"best":{"stopLoss":7,"pips":393.09999999999985,"pipsPerTrade":0.6219936708860757},"worst":{"stopLoss":5,"pips":-12.200000000000056,"pipsPerTrade":-0.01930379746835452}}},"perTrade":{"slowWma":151,"trades":294,"pips":-287.79999999999995,"pipsPerTrade":-0.9755932203389829,"stopLoss":{"best":{"stopLoss":3,"pips":82.30000000000008,"pipsPerTrade":0.2789830508474579},"worst":{"stopLoss":19,"pips":-299.3,"pipsPerTrade":-1.0145762711864408}}}}},"withStopLoss":{"best":{"slowWma":189,"trades":556,"stopLoss":8,"pips":745.3000000000003,"pipsPerTrade":1.3380610412926397},"worst":{"slowWma":155,"trades":349,"stopLoss":25,"pips":-144.89999999999998,"pipsPerTrade":-0.4139999999999999}}}