{"noStops":{"best":{"overall":{"slowWma":180,"trades":454,"pips":604.3,"pipsPerTrade":1.3281318681318681,"stopLoss":{"best":{"stopLoss":9,"pips":1041.1,"pipsPerTrade":2.288131868131868},"worst":{"stopLoss":3,"pips":390.5000000000001,"pipsPerTrade":0.8582417582417585}}},"perTrade":{"slowWma":138,"trades":233,"pips":600.6000000000001,"pipsPerTrade":2.5666666666666673,"stopLoss":{"best":{"stopLoss":15,"pips":592.5999999999999,"pipsPerTrade":2.532478632478632},"worst":{"stopLoss":1,"pips":70.50000000000007,"pipsPerTrade":0.3012820512820516}}}},"worst":{"overall":{"slowWma":151,"trades":295,"pips":-39.39999999999995,"pipsPerTrade":-0.13310810810810794,"stopLoss":{"best":{"stopLoss":3,"pips":82.30000000000008,"pipsPerTrade":0.27804054054054084},"worst":{"stopLoss":19,"pips":-299.3,"pipsPerTrade":-1.0111486486486487}}},"perTrade":{"slowWma":151,"trades":295,"pips":-39.39999999999995,"pipsPerTrade":-0.13310810810810794,"stopLoss":{"best":{"stopLoss":3,"pips":82.30000000000008,"pipsPerTrade":0.27804054054054084},"worst":{"stopLoss":19,"pips":-299.3,"pipsPerTrade":-1.0111486486486487}}}}},"withStopLoss":{"best":{"slowWma":189,"trades":557,"stopLoss":13,"pips":1205.1999999999998,"pipsPerTrade":2.1598566308243723},"worst":{"slowWma":155,"trades":350,"stopLoss":25,"pips":-144.89999999999998,"pipsPerTrade":-0.41282051282051274}}}