{"noStops":{"best":{"overall":{"slowWma":177,"trades":538,"pips":606.5999999999998,"pipsPerTrade":1.1254174397031536,"stopLoss":{"best":{"stopLoss":7,"pips":995.7,"pipsPerTrade":1.8473098330241189},"worst":{"stopLoss":2,"pips":443,"pipsPerTrade":0.8218923933209648}}},"perTrade":{"slowWma":137,"trades":257,"pips":517.1000000000001,"pipsPerTrade":2.0042635658914736,"stopLoss":{"best":{"stopLoss":15,"pips":588.7,"pipsPerTrade":2.2817829457364343},"worst":{"stopLoss":10,"pips":297.90000000000015,"pipsPerTrade":1.1546511627906983}}}},"worst":{"overall":{"slowWma":151,"trades":322,"pips":-34.39999999999992,"pipsPerTrade":-0.10650154798761585,"stopLoss":{"best":{"stopLoss":2,"pips":47.10000000000001,"pipsPerTrade":0.14582043343653253},"worst":{"stopLoss":15,"pips":-158.19999999999993,"pipsPerTrade":-0.4897832817337459}}},"perTrade":{"slowWma":151,"trades":322,"pips":-34.39999999999992,"pipsPerTrade":-0.10650154798761585,"stopLoss":{"best":{"stopLoss":2,"pips":47.10000000000001,"pipsPerTrade":0.14582043343653253},"worst":{"stopLoss":15,"pips":-158.19999999999993,"pipsPerTrade":-0.4897832817337459}}}}},"withStopLoss":{"best":{"slowWma":189,"trades":587,"stopLoss":14,"pips":1158.1,"pipsPerTrade":1.9695578231292517},"worst":{"slowWma":155,"trades":350,"stopLoss":25,"pips":-201.19999999999996,"pipsPerTrade":-0.5732193732193731}}}