{"noStops":{"best":{"overall":{"slowWma":129,"trades":297,"pips":251.09999999999982,"pipsPerTrade":0.842617449664429,"stopLoss":{"best":{"stopLoss":6,"pips":303.7000000000001,"pipsPerTrade":1.0191275167785239},"worst":{"stopLoss":13,"pips":157.4999999999998,"pipsPerTrade":0.5285234899328852}}},"perTrade":{"slowWma":137,"trades":256,"pips":230.9000000000001,"pipsPerTrade":0.8984435797665373,"stopLoss":{"best":{"stopLoss":15,"pips":302.5000000000001,"pipsPerTrade":1.1770428015564207},"worst":{"stopLoss":10,"pips":11.700000000000168,"pipsPerTrade":0.04552529182879443}}}},"worst":{"overall":{"slowWma":199,"trades":758,"pips":-507,"pipsPerTrade":-0.6679841897233202,"stopLoss":{"best":{"stopLoss":7,"pips":283.8999999999999,"pipsPerTrade":0.37404479578392613},"worst":{"stopLoss":3,"pips":-337.2,"pipsPerTrade":-0.4442687747035573}}},"perTrade":{"slowWma":151,"trades":321,"pips":-283.69999999999993,"pipsPerTrade":-0.8810559006211178,"stopLoss":{"best":{"stopLoss":2,"pips":47.10000000000001,"pipsPerTrade":0.14627329192546587},"worst":{"stopLoss":15,"pips":-158.19999999999993,"pipsPerTrade":-0.49130434782608673}}}}},"withStopLoss":{"best":{"slowWma":189,"trades":586,"stopLoss":14,"pips":626.5999999999999,"pipsPerTrade":1.0674616695059624},"worst":{"slowWma":155,"trades":349,"stopLoss":25,"pips":-201.19999999999996,"pipsPerTrade":-0.5748571428571427}}}