{"noStops":{"best":{"overall":{"slowWma":137,"trades":238,"pips":271.6000000000001,"pipsPerTrade":1.1364016736401676,"stopLoss":{"best":{"stopLoss":12,"pips":477.90000000000026,"pipsPerTrade":1.9995815899581602},"worst":{"stopLoss":2,"pips":119.50000000000009,"pipsPerTrade":0.5000000000000003}}},"perTrade":{"slowWma":137,"trades":238,"pips":271.6000000000001,"pipsPerTrade":1.1364016736401676,"stopLoss":{"best":{"stopLoss":12,"pips":477.90000000000026,"pipsPerTrade":1.9995815899581602},"worst":{"stopLoss":2,"pips":119.50000000000009,"pipsPerTrade":0.5000000000000003}}}},"worst":{"overall":{"slowWma":199,"trades":702,"pips":-472,"pipsPerTrade":-0.6714082503556188,"stopLoss":{"best":{"stopLoss":6,"pips":357.5999999999999,"pipsPerTrade":0.5086770981507822},"worst":{"stopLoss":4,"pips":-67.70000000000005,"pipsPerTrade":-0.09630156472261742}}},"perTrade":{"slowWma":151,"trades":287,"pips":-309.99999999999983,"pipsPerTrade":-1.0763888888888884,"stopLoss":{"best":{"stopLoss":5,"pips":140.6999999999999,"pipsPerTrade":0.4885416666666663},"worst":{"stopLoss":24,"pips":-197.60000000000005,"pipsPerTrade":-0.6861111111111113}}}}},"withStopLoss":{"best":{"slowWma":193,"trades":573,"stopLoss":7,"pips":666,"pipsPerTrade":1.1602787456445993},"worst":{"slowWma":127,"trades":352,"stopLoss":5,"pips":-108.29999999999986,"pipsPerTrade":-0.30679886685552366}}}