{"noStops":{"best":{"overall":{"slowWma":137,"trades":239,"pips":524.6000000000001,"pipsPerTrade":2.185833333333334,"stopLoss":{"best":{"stopLoss":12,"pips":730.9000000000003,"pipsPerTrade":3.045416666666668},"worst":{"stopLoss":2,"pips":119.50000000000009,"pipsPerTrade":0.497916666666667}}},"perTrade":{"slowWma":137,"trades":239,"pips":524.6000000000001,"pipsPerTrade":2.185833333333334,"stopLoss":{"best":{"stopLoss":12,"pips":730.9000000000003,"pipsPerTrade":3.045416666666668},"worst":{"stopLoss":2,"pips":119.50000000000009,"pipsPerTrade":0.497916666666667}}}},"worst":{"overall":{"slowWma":151,"trades":288,"pips":-60.599999999999824,"pipsPerTrade":-0.20968858131487828,"stopLoss":{"best":{"stopLoss":5,"pips":140.6999999999999,"pipsPerTrade":0.48685121107266405},"worst":{"stopLoss":24,"pips":-197.60000000000005,"pipsPerTrade":-0.6837370242214534}}},"perTrade":{"slowWma":151,"trades":288,"pips":-60.599999999999824,"pipsPerTrade":-0.20968858131487828,"stopLoss":{"best":{"stopLoss":5,"pips":140.6999999999999,"pipsPerTrade":0.48685121107266405},"worst":{"stopLoss":24,"pips":-197.60000000000005,"pipsPerTrade":-0.6837370242214534}}}}},"withStopLoss":{"best":{"slowWma":189,"trades":513,"stopLoss":13,"pips":1212.4999999999998,"pipsPerTrade":2.358949416342412},"worst":{"slowWma":149,"trades":305,"stopLoss":20,"pips":-125.9,"pipsPerTrade":-0.41143790849673206}}}