{"noStops":{"best":{"overall":{"slowWma":165,"trades":371,"pips":508.9,"pipsPerTrade":1.368010752688172,"stopLoss":{"best":{"stopLoss":17,"pips":868.3000000000002,"pipsPerTrade":2.334139784946237},"worst":{"stopLoss":2,"pips":-377.79999999999995,"pipsPerTrade":-1.0155913978494622}}},"perTrade":{"slowWma":137,"trades":241,"pips":356,"pipsPerTrade":1.4710743801652892,"stopLoss":{"best":{"stopLoss":14,"pips":556.3000000000001,"pipsPerTrade":2.2987603305785127},"worst":{"stopLoss":1,"pips":-9.299999999999862,"pipsPerTrade":-0.03842975206611513}}}},"worst":{"overall":{"slowWma":151,"trades":285,"pips":-87.00000000000011,"pipsPerTrade":-0.3041958041958046,"stopLoss":{"best":{"stopLoss":3,"pips":82.90000000000003,"pipsPerTrade":0.28986013986014},"worst":{"stopLoss":15,"pips":-146.20000000000007,"pipsPerTrade":-0.5111888111888114}}},"perTrade":{"slowWma":151,"trades":285,"pips":-87.00000000000011,"pipsPerTrade":-0.3041958041958046,"stopLoss":{"best":{"stopLoss":3,"pips":82.90000000000003,"pipsPerTrade":0.28986013986014},"worst":{"stopLoss":15,"pips":-146.20000000000007,"pipsPerTrade":-0.5111888111888114}}}}},"withStopLoss":{"best":{"slowWma":189,"trades":507,"stopLoss":8,"pips":1154.3999999999996,"pipsPerTrade":2.272440944881889},"worst":{"slowWma":160,"trades":298,"stopLoss":23,"pips":-117.19999999999999,"pipsPerTrade":-0.3919732441471572}}}