{"noStops":{"best":{"overall":{"slowWma":165,"trades":370,"pips":147.6,"pipsPerTrade":0.3978436657681941,"stopLoss":{"best":{"stopLoss":17,"pips":507.0000000000001,"pipsPerTrade":1.3665768194070085},"worst":{"stopLoss":2,"pips":-377.79999999999995,"pipsPerTrade":-1.0183288409703504}}},"perTrade":{"slowWma":135,"trades":248,"pips":111.20000000000005,"pipsPerTrade":0.4465863453815263,"stopLoss":{"best":{"stopLoss":15,"pips":207.50000000000003,"pipsPerTrade":0.8333333333333335},"worst":{"stopLoss":1,"pips":-236.7,"pipsPerTrade":-0.9506024096385541}}}},"worst":{"overall":{"slowWma":195,"trades":654,"pips":-467.1,"pipsPerTrade":-0.7131297709923664,"stopLoss":{"best":{"stopLoss":7,"pips":496.2999999999997,"pipsPerTrade":0.7577099236641217},"worst":{"stopLoss":25,"pips":69.50000000000009,"pipsPerTrade":0.10610687022900776}}},"perTrade":{"slowWma":151,"trades":284,"pips":-353.4000000000001,"pipsPerTrade":-1.2400000000000002,"stopLoss":{"best":{"stopLoss":3,"pips":82.90000000000003,"pipsPerTrade":0.29087719298245623},"worst":{"stopLoss":15,"pips":-146.20000000000007,"pipsPerTrade":-0.5129824561403511}}}}},"withStopLoss":{"best":{"slowWma":193,"trades":566,"stopLoss":7,"pips":636.6999999999998,"pipsPerTrade":1.1229276895943558},"worst":{"slowWma":127,"trades":417,"stopLoss":25,"pips":-130.29999999999964,"pipsPerTrade":-0.3117224880382767}}}