{"noStops":{"best":{"overall":{"slowWma":165,"trades":391,"pips":143.9,"pipsPerTrade":0.36709183673469387,"stopLoss":{"best":{"stopLoss":17,"pips":559.3000000000002,"pipsPerTrade":1.4267857142857148},"worst":{"stopLoss":1,"pips":-306.2,"pipsPerTrade":-0.7811224489795918}}},"perTrade":{"slowWma":135,"trades":249,"pips":96.49999999999999,"pipsPerTrade":0.38599999999999995,"stopLoss":{"best":{"stopLoss":16,"pips":271.8000000000002,"pipsPerTrade":1.0872000000000008},"worst":{"stopLoss":1,"pips":-238.29999999999995,"pipsPerTrade":-0.9531999999999998}}}},"worst":{"overall":{"slowWma":199,"trades":687,"pips":-365.9,"pipsPerTrade":-0.5318313953488372,"stopLoss":{"best":{"stopLoss":8,"pips":350.4999999999999,"pipsPerTrade":0.5094476744186045},"worst":{"stopLoss":4,"pips":10.499999999999972,"pipsPerTrade":0.015261627906976704}}},"perTrade":{"slowWma":151,"trades":276,"pips":-228.10000000000014,"pipsPerTrade":-0.8234657039711196,"stopLoss":{"best":{"stopLoss":9,"pips":274.4000000000002,"pipsPerTrade":0.9906137184115531},"worst":{"stopLoss":25,"pips":-109.8000000000001,"pipsPerTrade":-0.39638989169675126}}}}},"withStopLoss":{"best":{"slowWma":189,"trades":527,"stopLoss":8,"pips":657.0999999999999,"pipsPerTrade":1.2445075757575756},"worst":{"slowWma":132,"trades":294,"stopLoss":13,"pips":-273.30000000000007,"pipsPerTrade":-0.926440677966102}}}