{"noStops":{"best":{"overall":{"slowWma":175,"trades":426,"pips":523.5999999999999,"pipsPerTrade":1.2262295081967212,"stopLoss":{"best":{"stopLoss":14,"pips":960.8000000000002,"pipsPerTrade":2.250117096018736},"worst":{"stopLoss":1,"pips":462.49999999999994,"pipsPerTrade":1.0831381733021075}}},"perTrade":{"slowWma":137,"trades":244,"pips":327.9000000000001,"pipsPerTrade":1.3383673469387758,"stopLoss":{"best":{"stopLoss":18,"pips":434.60000000000014,"pipsPerTrade":1.7738775510204088},"worst":{"stopLoss":1,"pips":-223.39999999999992,"pipsPerTrade":-0.9118367346938773}}}},"worst":{"overall":{"slowWma":151,"trades":277,"pips":39.59999999999985,"pipsPerTrade":0.1424460431654671,"stopLoss":{"best":{"stopLoss":9,"pips":274.4000000000002,"pipsPerTrade":0.987050359712231},"worst":{"stopLoss":25,"pips":-109.8000000000001,"pipsPerTrade":-0.3949640287769788}}},"perTrade":{"slowWma":151,"trades":277,"pips":39.59999999999985,"pipsPerTrade":0.1424460431654671,"stopLoss":{"best":{"stopLoss":9,"pips":274.4000000000002,"pipsPerTrade":0.987050359712231},"worst":{"stopLoss":25,"pips":-109.8000000000001,"pipsPerTrade":-0.3949640287769788}}}}},"withStopLoss":{"best":{"slowWma":189,"trades":528,"stopLoss":13,"pips":1185,"pipsPerTrade":2.2400756143667295},"worst":{"slowWma":159,"trades":319,"stopLoss":2,"pips":-214.90000000000003,"pipsPerTrade":-0.6715625000000001}}}