{"noStops":{"best":{"overall":{"slowWma":175,"trades":441,"pips":549.1000000000001,"pipsPerTrade":1.2423076923076926,"stopLoss":{"best":{"stopLoss":14,"pips":943.3000000000002,"pipsPerTrade":2.134162895927602},"worst":{"stopLoss":1,"pips":475.90000000000003,"pipsPerTrade":1.0766968325791857}}},"perTrade":{"slowWma":175,"trades":441,"pips":549.1000000000001,"pipsPerTrade":1.2423076923076926,"stopLoss":{"best":{"stopLoss":14,"pips":943.3000000000002,"pipsPerTrade":2.134162895927602},"worst":{"stopLoss":1,"pips":475.90000000000003,"pipsPerTrade":1.0766968325791857}}}},"worst":{"overall":{"slowWma":131,"trades":320,"pips":15.100000000000193,"pipsPerTrade":0.047040498442368205,"stopLoss":{"best":{"stopLoss":18,"pips":87.30000000000013,"pipsPerTrade":0.2719626168224303},"worst":{"stopLoss":13,"pips":-254.29999999999995,"pipsPerTrade":-0.7922118380062304}}},"perTrade":{"slowWma":131,"trades":320,"pips":15.100000000000193,"pipsPerTrade":0.047040498442368205,"stopLoss":{"best":{"stopLoss":18,"pips":87.30000000000013,"pipsPerTrade":0.2719626168224303},"worst":{"stopLoss":13,"pips":-254.29999999999995,"pipsPerTrade":-0.7922118380062304}}}}},"withStopLoss":{"best":{"slowWma":193,"trades":662,"stopLoss":8,"pips":1115.9999999999998,"pipsPerTrade":1.6832579185520358},"worst":{"slowWma":132,"trades":307,"stopLoss":22,"pips":-286.8,"pipsPerTrade":-0.9311688311688312}}}