{"noStops":{"best":{"overall":{"slowWma":168,"trades":424,"pips":97.99999999999991,"pipsPerTrade":0.23058823529411746,"stopLoss":{"best":{"stopLoss":14,"pips":375.40000000000026,"pipsPerTrade":0.8832941176470595},"worst":{"stopLoss":4,"pips":-207.9,"pipsPerTrade":-0.4891764705882353}}},"perTrade":{"slowWma":164,"trades":389,"pips":90.29999999999994,"pipsPerTrade":0.2315384615384614,"stopLoss":{"best":{"stopLoss":17,"pips":434.8000000000002,"pipsPerTrade":1.1148717948717954},"worst":{"stopLoss":2,"pips":-315.00000000000006,"pipsPerTrade":-0.8076923076923078}}}},"worst":{"overall":{"slowWma":199,"trades":722,"pips":-401.7999999999999,"pipsPerTrade":-0.5557399723374826,"stopLoss":{"best":{"stopLoss":8,"pips":346.2,"pipsPerTrade":0.4788381742738589},"worst":{"stopLoss":5,"pips":-64.6,"pipsPerTrade":-0.08934993084370677}}},"perTrade":{"slowWma":156,"trades":325,"pips":-224.5000000000001,"pipsPerTrade":-0.6886503067484666,"stopLoss":{"best":{"stopLoss":15,"pips":227.60000000000008,"pipsPerTrade":0.6981595092024543},"worst":{"stopLoss":5,"pips":-160.4,"pipsPerTrade":-0.4920245398773006}}}}},"withStopLoss":{"best":{"slowWma":193,"trades":661,"stopLoss":8,"pips":596.1999999999998,"pipsPerTrade":0.9006042296072505},"worst":{"slowWma":131,"trades":318,"stopLoss":22,"pips":-322.29999999999984,"pipsPerTrade":-1.0103448275862064}}}