{"noStops":{"best":{"overall":{"slowWma":165,"trades":311,"pips":167.5,"pipsPerTrade":0.5368589743589743,"stopLoss":{"best":{"stopLoss":17,"pips":512.5000000000001,"pipsPerTrade":1.6426282051282055},"worst":{"stopLoss":2,"pips":-156.40000000000003,"pipsPerTrade":-0.5012820512820514}}},"perTrade":{"slowWma":165,"trades":311,"pips":167.5,"pipsPerTrade":0.5368589743589743,"stopLoss":{"best":{"stopLoss":17,"pips":512.5000000000001,"pipsPerTrade":1.6426282051282055},"worst":{"stopLoss":2,"pips":-156.40000000000003,"pipsPerTrade":-0.5012820512820514}}}},"worst":{"overall":{"slowWma":196,"trades":541,"pips":-402.9,"pipsPerTrade":-0.7433579335793358,"stopLoss":{"best":{"stopLoss":8,"pips":392.6999999999998,"pipsPerTrade":0.7245387453874536},"worst":{"stopLoss":2,"pips":72.29999999999995,"pipsPerTrade":0.1333948339483394}}},"perTrade":{"slowWma":139,"trades":224,"pips":-238.59999999999997,"pipsPerTrade":-1.0604444444444443,"stopLoss":{"best":{"stopLoss":25,"pips":-59.000000000000085,"pipsPerTrade":-0.2622222222222226},"worst":{"stopLoss":11,"pips":-288.2,"pipsPerTrade":-1.2808888888888887}}}}},"withStopLoss":{"best":{"slowWma":193,"trades":546,"stopLoss":8,"pips":624.1999999999998,"pipsPerTrade":1.1411334552102372},"worst":{"slowWma":139,"trades":224,"stopLoss":11,"pips":-288.2,"pipsPerTrade":-1.2808888888888887}}}