{"noStops":{"best":{"overall":{"slowWma":165,"trades":312,"pips":523.1,"pipsPerTrade":1.6712460063897765,"stopLoss":{"best":{"stopLoss":17,"pips":512.5000000000001,"pipsPerTrade":1.637380191693291},"worst":{"stopLoss":2,"pips":-156.40000000000003,"pipsPerTrade":-0.4996805111821087}}},"perTrade":{"slowWma":165,"trades":312,"pips":523.1,"pipsPerTrade":1.6712460063897765,"stopLoss":{"best":{"stopLoss":17,"pips":512.5000000000001,"pipsPerTrade":1.637380191693291},"worst":{"stopLoss":2,"pips":-156.40000000000003,"pipsPerTrade":-0.4996805111821087}}}},"worst":{"overall":{"slowWma":130,"trades":411,"pips":-29.59999999999994,"pipsPerTrade":-0.07184466019417461,"stopLoss":{"best":{"stopLoss":4,"pips":-56.29999999999992,"pipsPerTrade":-0.136650485436893},"worst":{"stopLoss":22,"pips":-433.20000000000005,"pipsPerTrade":-1.0514563106796118}}},"perTrade":{"slowWma":130,"trades":411,"pips":-29.59999999999994,"pipsPerTrade":-0.07184466019417461,"stopLoss":{"best":{"stopLoss":4,"pips":-56.29999999999992,"pipsPerTrade":-0.136650485436893},"worst":{"stopLoss":22,"pips":-433.20000000000005,"pipsPerTrade":-1.0514563106796118}}}}},"withStopLoss":{"best":{"slowWma":191,"trades":594,"stopLoss":8,"pips":1139.6999999999998,"pipsPerTrade":1.9154621848739493},"worst":{"slowWma":139,"trades":225,"stopLoss":11,"pips":-288.2,"pipsPerTrade":-1.275221238938053}}}