{"noStops":{"best":{"overall":{"slowWma":173,"trades":365,"pips":533.5000000000001,"pipsPerTrade":1.457650273224044,"stopLoss":{"best":{"stopLoss":18,"pips":832.1000000000001,"pipsPerTrade":2.2734972677595633},"worst":{"stopLoss":2,"pips":-65,"pipsPerTrade":-0.17759562841530055}}},"perTrade":{"slowWma":165,"trades":306,"pips":532.0999999999999,"pipsPerTrade":1.7332247557003255,"stopLoss":{"best":{"stopLoss":22,"pips":871.9,"pipsPerTrade":2.8400651465798044},"worst":{"stopLoss":5,"pips":246.19999999999993,"pipsPerTrade":0.8019543973941365}}}},"worst":{"overall":{"slowWma":131,"trades":406,"pips":-22.000000000000107,"pipsPerTrade":-0.054054054054054314,"stopLoss":{"best":{"stopLoss":8,"pips":-59.099999999999625,"pipsPerTrade":-0.14520884520884428},"worst":{"stopLoss":15,"pips":-375.00000000000006,"pipsPerTrade":-0.9213759213759215}}},"perTrade":{"slowWma":131,"trades":406,"pips":-22.000000000000107,"pipsPerTrade":-0.054054054054054314,"stopLoss":{"best":{"stopLoss":8,"pips":-59.099999999999625,"pipsPerTrade":-0.14520884520884428},"worst":{"stopLoss":15,"pips":-375.00000000000006,"pipsPerTrade":-0.9213759213759215}}}}},"withStopLoss":{"best":{"slowWma":191,"trades":587,"stopLoss":8,"pips":1163.2999999999997,"pipsPerTrade":1.9784013605442172},"worst":{"slowWma":131,"trades":406,"stopLoss":15,"pips":-375.00000000000006,"pipsPerTrade":-0.9213759213759215}}}