{"noStops":{"best":{"overall":{"slowWma":165,"trades":305,"pips":130.0999999999999,"pipsPerTrade":0.42516339869281017,"stopLoss":{"best":{"stopLoss":22,"pips":469.9,"pipsPerTrade":1.5356209150326796},"worst":{"stopLoss":5,"pips":-155.80000000000007,"pipsPerTrade":-0.5091503267973858}}},"perTrade":{"slowWma":165,"trades":305,"pips":130.0999999999999,"pipsPerTrade":0.42516339869281017,"stopLoss":{"best":{"stopLoss":22,"pips":469.9,"pipsPerTrade":1.5356209150326796},"worst":{"stopLoss":5,"pips":-155.80000000000007,"pipsPerTrade":-0.5091503267973858}}}},"worst":{"overall":{"slowWma":199,"trades":559,"pips":-381.2,"pipsPerTrade":-0.6807142857142857,"stopLoss":{"best":{"stopLoss":8,"pips":411.29999999999995,"pipsPerTrade":0.7344642857142857},"worst":{"stopLoss":4,"pips":-29.599999999999984,"pipsPerTrade":-0.052857142857142825}}},"perTrade":{"slowWma":139,"trades":230,"pips":-202.5000000000002,"pipsPerTrade":-0.8766233766233775,"stopLoss":{"best":{"stopLoss":16,"pips":48.60000000000005,"pipsPerTrade":0.2103896103896106},"worst":{"stopLoss":4,"pips":-182.60000000000008,"pipsPerTrade":-0.7904761904761908}}}}},"withStopLoss":{"best":{"slowWma":191,"trades":586,"stopLoss":8,"pips":646.4999999999998,"pipsPerTrade":1.1013628620102212},"worst":{"slowWma":131,"trades":403,"stopLoss":15,"pips":-384.6000000000001,"pipsPerTrade":-0.9519801980198022}}}