{"noStops":{"best":{"overall":{"slowWma":115,"trades":741,"pips":547.299999999999,"pipsPerTrade":0.7376010781671146,"stopLoss":{"best":{"stopLoss":25,"pips":470.3999999999993,"pipsPerTrade":0.6339622641509425},"worst":{"stopLoss":1,"pips":-70.3000000000001,"pipsPerTrade":-0.09474393530997317}}},"perTrade":{"slowWma":58,"trades":470,"pips":484.39999999999986,"pipsPerTrade":1.0284501061571123,"stopLoss":{"best":{"stopLoss":17,"pips":949.7999999999996,"pipsPerTrade":2.0165605095541395},"worst":{"stopLoss":8,"pips":177.70000000000013,"pipsPerTrade":0.3772823779193209}}}},"worst":{"overall":{"slowWma":172,"trades":1341,"pips":-500.20000000000005,"pipsPerTrade":-0.37272727272727274,"stopLoss":{"best":{"stopLoss":23,"pips":-291.00000000000017,"pipsPerTrade":-0.2168405365126678},"worst":{"stopLoss":12,"pips":-737.8000000000002,"pipsPerTrade":-0.5497764530551417}}},"perTrade":{"slowWma":23,"trades":614,"pips":-326.8000000000001,"pipsPerTrade":-0.5313821138211384,"stopLoss":{"best":{"stopLoss":2,"pips":16.700000000000113,"pipsPerTrade":0.02715447154471563},"worst":{"stopLoss":7,"pips":-387.90000000000003,"pipsPerTrade":-0.6307317073170732}}}}},"withStopLoss":{"best":{"slowWma":58,"trades":470,"stopLoss":17,"pips":949.7999999999996,"pipsPerTrade":2.0165605095541395},"worst":{"slowWma":172,"trades":1341,"stopLoss":12,"pips":-737.8000000000002,"pipsPerTrade":-0.5497764530551417}}}