{"noStops":{"best":{"overall":{"slowWma":173,"trades":358,"pips":639.4999999999999,"pipsPerTrade":1.7813370473537602,"stopLoss":{"best":{"stopLoss":8,"pips":1083.4,"pipsPerTrade":3.0178272980501397},"worst":{"stopLoss":2,"pips":102.2,"pipsPerTrade":0.28467966573816156}}},"perTrade":{"slowWma":141,"trades":227,"pips":449.8000000000001,"pipsPerTrade":1.9728070175438601,"stopLoss":{"best":{"stopLoss":21,"pips":356.7000000000001,"pipsPerTrade":1.5644736842105267},"worst":{"stopLoss":2,"pips":23.200000000000138,"pipsPerTrade":0.10175438596491289}}}},"worst":{"overall":{"slowWma":131,"trades":561,"pips":81.19999999999997,"pipsPerTrade":0.1444839857651245,"stopLoss":{"best":{"stopLoss":7,"pips":196.50000000000023,"pipsPerTrade":0.3496441281138794},"worst":{"stopLoss":1,"pips":-180.70000000000013,"pipsPerTrade":-0.3215302491103205}}},"perTrade":{"slowWma":131,"trades":561,"pips":81.19999999999997,"pipsPerTrade":0.1444839857651245,"stopLoss":{"best":{"stopLoss":7,"pips":196.50000000000023,"pipsPerTrade":0.3496441281138794},"worst":{"stopLoss":1,"pips":-180.70000000000013,"pipsPerTrade":-0.3215302491103205}}}}},"withStopLoss":{"best":{"slowWma":190,"trades":481,"stopLoss":8,"pips":1267.3000000000002,"pipsPerTrade":2.6292531120331954},"worst":{"slowWma":139,"trades":237,"stopLoss":1,"pips":-112.4,"pipsPerTrade":-0.47226890756302525}}}