{"noStops":{"best":{"overall":{"slowWma":170,"trades":333,"pips":196.5000000000001,"pipsPerTrade":0.5883233532934136,"stopLoss":{"best":{"stopLoss":15,"pips":505.70000000000005,"pipsPerTrade":1.5140718562874254},"worst":{"stopLoss":1,"pips":-170.2,"pipsPerTrade":-0.5095808383233532}}},"perTrade":{"slowWma":141,"trades":226,"pips":192.5000000000001,"pipsPerTrade":0.8480176211453749,"stopLoss":{"best":{"stopLoss":21,"pips":356.7000000000001,"pipsPerTrade":1.5713656387665202},"worst":{"stopLoss":2,"pips":23.200000000000138,"pipsPerTrade":0.10220264317180677}}}},"worst":{"overall":{"slowWma":195,"trades":521,"pips":-353.09999999999997,"pipsPerTrade":-0.6764367816091953,"stopLoss":{"best":{"stopLoss":8,"pips":454.7999999999998,"pipsPerTrade":0.8712643678160915},"worst":{"stopLoss":5,"pips":47.59999999999999,"pipsPerTrade":0.09118773946360151}}},"perTrade":{"slowWma":195,"trades":521,"pips":-353.09999999999997,"pipsPerTrade":-0.6764367816091953,"stopLoss":{"best":{"stopLoss":8,"pips":454.7999999999998,"pipsPerTrade":0.8712643678160915},"worst":{"stopLoss":5,"pips":47.59999999999999,"pipsPerTrade":0.09118773946360151}}}}},"withStopLoss":{"best":{"slowWma":190,"trades":480,"stopLoss":8,"pips":754.3000000000001,"pipsPerTrade":1.5681912681912684},"worst":{"slowWma":139,"trades":236,"stopLoss":1,"pips":-112.4,"pipsPerTrade":-0.4742616033755275}}}