{"noStops":{"best":{"overall":{"slowWma":132,"trades":556,"pips":236.00000000000006,"pipsPerTrade":0.4236983842010773,"stopLoss":{"best":{"stopLoss":7,"pips":508.5999999999999,"pipsPerTrade":0.9131059245960501},"worst":{"stopLoss":1,"pips":118.60000000000008,"pipsPerTrade":0.21292639138240588}}},"perTrade":{"slowWma":170,"trades":326,"pips":192.10000000000008,"pipsPerTrade":0.5874617737003061,"stopLoss":{"best":{"stopLoss":16,"pips":551.1,"pipsPerTrade":1.6853211009174314},"worst":{"stopLoss":1,"pips":-138.99999999999997,"pipsPerTrade":-0.4250764525993883}}}},"worst":{"overall":{"slowWma":195,"trades":608,"pips":-430.99999999999983,"pipsPerTrade":-0.707717569786535,"stopLoss":{"best":{"stopLoss":6,"pips":400.1,"pipsPerTrade":0.6569786535303777},"worst":{"stopLoss":4,"pips":48.09999999999998,"pipsPerTrade":0.07898193760262723}}},"perTrade":{"slowWma":195,"trades":608,"pips":-430.99999999999983,"pipsPerTrade":-0.707717569786535,"stopLoss":{"best":{"stopLoss":6,"pips":400.1,"pipsPerTrade":0.6569786535303777},"worst":{"stopLoss":4,"pips":48.09999999999998,"pipsPerTrade":0.07898193760262723}}}}},"withStopLoss":{"best":{"slowWma":190,"trades":561,"stopLoss":8,"pips":706.3999999999997,"pipsPerTrade":1.256939501779359},"worst":{"slowWma":153,"trades":281,"stopLoss":19,"pips":-145,"pipsPerTrade":-0.5141843971631206}}}