{"noStops":{"best":{"overall":{"slowWma":170,"trades":327,"pips":571.4000000000001,"pipsPerTrade":1.7420731707317076,"stopLoss":{"best":{"stopLoss":16,"pips":551.1,"pipsPerTrade":1.6801829268292683},"worst":{"stopLoss":1,"pips":-138.99999999999997,"pipsPerTrade":-0.423780487804878}}},"perTrade":{"slowWma":170,"trades":327,"pips":571.4000000000001,"pipsPerTrade":1.7420731707317076,"stopLoss":{"best":{"stopLoss":16,"pips":551.1,"pipsPerTrade":1.6801829268292683},"worst":{"stopLoss":1,"pips":-138.99999999999997,"pipsPerTrade":-0.423780487804878}}}},"worst":{"overall":{"slowWma":195,"trades":609,"pips":61.80000000000018,"pipsPerTrade":0.10131147540983636,"stopLoss":{"best":{"stopLoss":6,"pips":892.9000000000001,"pipsPerTrade":1.4637704918032788},"worst":{"stopLoss":4,"pips":48.09999999999998,"pipsPerTrade":0.07885245901639341}}},"perTrade":{"slowWma":195,"trades":609,"pips":61.80000000000018,"pipsPerTrade":0.10131147540983636,"stopLoss":{"best":{"stopLoss":6,"pips":892.9000000000001,"pipsPerTrade":1.4637704918032788},"worst":{"stopLoss":4,"pips":48.09999999999998,"pipsPerTrade":0.07885245901639341}}}}},"withStopLoss":{"best":{"slowWma":189,"trades":492,"stopLoss":8,"pips":1208.8999999999999,"pipsPerTrade":2.4521298174442188},"worst":{"slowWma":140,"trades":259,"stopLoss":12,"pips":-77.39999999999998,"pipsPerTrade":-0.2976923076923076}}}