{"noStops":{"best":{"overall":{"slowWma":170,"trades":320,"pips":216.99999999999997,"pipsPerTrade":0.67601246105919,"stopLoss":{"best":{"stopLoss":15,"pips":580.1000000000001,"pipsPerTrade":1.8071651090342684},"worst":{"stopLoss":5,"pips":-53.400000000000034,"pipsPerTrade":-0.166355140186916}}},"perTrade":{"slowWma":170,"trades":320,"pips":216.99999999999997,"pipsPerTrade":0.67601246105919,"stopLoss":{"best":{"stopLoss":15,"pips":580.1000000000001,"pipsPerTrade":1.8071651090342684},"worst":{"stopLoss":5,"pips":-53.400000000000034,"pipsPerTrade":-0.166355140186916}}}},"worst":{"overall":{"slowWma":195,"trades":503,"pips":-372.9999999999999,"pipsPerTrade":-0.7400793650793649,"stopLoss":{"best":{"stopLoss":7,"pips":401.9999999999998,"pipsPerTrade":0.7976190476190471},"worst":{"stopLoss":4,"pips":70.90000000000003,"pipsPerTrade":0.14067460317460323}}},"perTrade":{"slowWma":190,"trades":464,"pips":-354.59999999999997,"pipsPerTrade":-0.7625806451612902,"stopLoss":{"best":{"stopLoss":8,"pips":620.4999999999999,"pipsPerTrade":1.3344086021505375},"worst":{"stopLoss":4,"pips":124.80000000000007,"pipsPerTrade":0.2683870967741937}}}}},"withStopLoss":{"best":{"slowWma":189,"trades":457,"stopLoss":8,"pips":685.3999999999997,"pipsPerTrade":1.4965065502183401},"worst":{"slowWma":164,"trades":275,"stopLoss":6,"pips":-179.9,"pipsPerTrade":-0.6518115942028986}}}