{"noStops":{"best":{"overall":{"slowWma":170,"trades":321,"pips":591.3,"pipsPerTrade":1.836335403726708,"stopLoss":{"best":{"stopLoss":15,"pips":580.1000000000001,"pipsPerTrade":1.8015527950310564},"worst":{"stopLoss":5,"pips":-53.400000000000034,"pipsPerTrade":-0.1658385093167703}}},"perTrade":{"slowWma":170,"trades":321,"pips":591.3,"pipsPerTrade":1.836335403726708,"stopLoss":{"best":{"stopLoss":15,"pips":580.1000000000001,"pipsPerTrade":1.8015527950310564},"worst":{"stopLoss":5,"pips":-53.400000000000034,"pipsPerTrade":-0.1658385093167703}}}},"worst":{"overall":{"slowWma":195,"trades":504,"pips":79.60000000000014,"pipsPerTrade":0.1576237623762379,"stopLoss":{"best":{"stopLoss":7,"pips":401.9999999999998,"pipsPerTrade":0.7960396039603956},"worst":{"stopLoss":4,"pips":70.90000000000003,"pipsPerTrade":0.14039603960396047}}},"perTrade":{"slowWma":195,"trades":504,"pips":79.60000000000014,"pipsPerTrade":0.1576237623762379,"stopLoss":{"best":{"stopLoss":7,"pips":401.9999999999998,"pipsPerTrade":0.7960396039603956},"worst":{"stopLoss":4,"pips":70.90000000000003,"pipsPerTrade":0.14039603960396047}}}}},"withStopLoss":{"best":{"slowWma":188,"trades":509,"stopLoss":14,"pips":1092.7999999999997,"pipsPerTrade":2.142745098039215},"worst":{"slowWma":164,"trades":276,"stopLoss":6,"pips":-179.9,"pipsPerTrade":-0.6494584837545126}}}