{"noStops":{"best":{"overall":{"slowWma":170,"trades":316,"pips":708.5,"pipsPerTrade":2.2350157728706623,"stopLoss":{"best":{"stopLoss":14,"pips":1089.3000000000004,"pipsPerTrade":3.4362776025236608},"worst":{"stopLoss":1,"pips":187.5999999999999,"pipsPerTrade":0.5917981072555202}}},"perTrade":{"slowWma":170,"trades":316,"pips":708.5,"pipsPerTrade":2.2350157728706623,"stopLoss":{"best":{"stopLoss":14,"pips":1089.3000000000004,"pipsPerTrade":3.4362776025236608},"worst":{"stopLoss":1,"pips":187.5999999999999,"pipsPerTrade":0.5917981072555202}}}},"worst":{"overall":{"slowWma":195,"trades":653,"pips":140,"pipsPerTrade":0.21406727828746178,"stopLoss":{"best":{"stopLoss":7,"pips":371.1999999999998,"pipsPerTrade":0.567584097859327},"worst":{"stopLoss":5,"pips":32.40000000000001,"pipsPerTrade":0.04954128440366974}}},"perTrade":{"slowWma":195,"trades":653,"pips":140,"pipsPerTrade":0.21406727828746178,"stopLoss":{"best":{"stopLoss":7,"pips":371.1999999999998,"pipsPerTrade":0.567584097859327},"worst":{"stopLoss":5,"pips":32.40000000000001,"pipsPerTrade":0.04954128440366974}}}}},"withStopLoss":{"best":{"slowWma":190,"trades":606,"stopLoss":6,"pips":1140.7999999999997,"pipsPerTrade":1.879406919275123},"worst":{"slowWma":159,"trades":312,"stopLoss":6,"pips":-232.00000000000006,"pipsPerTrade":-0.7412140575079874}}}