{"noStops":{"best":{"overall":{"slowWma":170,"trades":315,"pips":300.19999999999993,"pipsPerTrade":0.9499999999999997,"stopLoss":{"best":{"stopLoss":14,"pips":681.0000000000003,"pipsPerTrade":2.1550632911392418},"worst":{"stopLoss":5,"pips":161.5,"pipsPerTrade":0.5110759493670886}}},"perTrade":{"slowWma":170,"trades":315,"pips":300.19999999999993,"pipsPerTrade":0.9499999999999997,"stopLoss":{"best":{"stopLoss":14,"pips":681.0000000000003,"pipsPerTrade":2.1550632911392418},"worst":{"stopLoss":5,"pips":161.5,"pipsPerTrade":0.5110759493670886}}}},"worst":{"overall":{"slowWma":192,"trades":562,"pips":-350.8999999999999,"pipsPerTrade":-0.6232682060390763,"stopLoss":{"best":{"stopLoss":7,"pips":510.5999999999998,"pipsPerTrade":0.9069271758436941},"worst":{"stopLoss":4,"pips":132.79999999999998,"pipsPerTrade":0.2358792184724689}}},"perTrade":{"slowWma":186,"trades":460,"pips":-296.7999999999999,"pipsPerTrade":-0.6438177874186549,"stopLoss":{"best":{"stopLoss":6,"pips":397.1999999999998,"pipsPerTrade":0.8616052060737523},"worst":{"stopLoss":1,"pips":99.39999999999999,"pipsPerTrade":0.21561822125813448}}}}},"withStopLoss":{"best":{"slowWma":189,"trades":538,"stopLoss":6,"pips":697.4999999999999,"pipsPerTrade":1.2940630797773653},"worst":{"slowWma":159,"trades":311,"stopLoss":6,"pips":-232.00000000000006,"pipsPerTrade":-0.7435897435897437}}}