{"noStops":{"best":{"overall":{"slowWma":170,"trades":343,"pips":268.7,"pipsPerTrade":0.7811046511627907,"stopLoss":{"best":{"stopLoss":16,"pips":594.9000000000004,"pipsPerTrade":1.7293604651162804},"worst":{"stopLoss":5,"pips":111.4,"pipsPerTrade":0.3238372093023256}}},"perTrade":{"slowWma":170,"trades":343,"pips":268.7,"pipsPerTrade":0.7811046511627907,"stopLoss":{"best":{"stopLoss":16,"pips":594.9000000000004,"pipsPerTrade":1.7293604651162804},"worst":{"stopLoss":5,"pips":111.4,"pipsPerTrade":0.3238372093023256}}}},"worst":{"overall":{"slowWma":188,"trades":522,"pips":-267,"pipsPerTrade":-0.5105162523900574,"stopLoss":{"best":{"stopLoss":6,"pips":539.1,"pipsPerTrade":1.0307839388145317},"worst":{"stopLoss":2,"pips":-78.50000000000001,"pipsPerTrade":-0.1500956022944551}}},"perTrade":{"slowWma":157,"trades":265,"pips":-172.7,"pipsPerTrade":-0.6492481203007519,"stopLoss":{"best":{"stopLoss":14,"pips":215.70000000000016,"pipsPerTrade":0.8109022556390983},"worst":{"stopLoss":5,"pips":-281.20000000000005,"pipsPerTrade":-1.0571428571428574}}}}},"withStopLoss":{"best":{"slowWma":189,"trades":530,"stopLoss":7,"pips":709,"pipsPerTrade":1.335216572504708},"worst":{"slowWma":145,"trades":263,"stopLoss":6,"pips":-186.70000000000002,"pipsPerTrade":-0.7071969696969698}}}