{"noStops":{"best":{"overall":{"slowWma":171,"trades":354,"pips":657.8999999999999,"pipsPerTrade":1.853239436619718,"stopLoss":{"best":{"stopLoss":22,"pips":892.5000000000001,"pipsPerTrade":2.514084507042254},"worst":{"stopLoss":1,"pips":-12.500000000000053,"pipsPerTrade":-0.03521126760563395}}},"perTrade":{"slowWma":170,"trades":344,"pips":657.0999999999999,"pipsPerTrade":1.9046376811594201,"stopLoss":{"best":{"stopLoss":16,"pips":594.9000000000004,"pipsPerTrade":1.7243478260869578},"worst":{"stopLoss":5,"pips":111.4,"pipsPerTrade":0.3228985507246377}}}},"worst":{"overall":{"slowWma":145,"trades":264,"pips":115.89999999999995,"pipsPerTrade":0.43735849056603754,"stopLoss":{"best":{"stopLoss":21,"pips":429.20000000000005,"pipsPerTrade":1.6196226415094341},"worst":{"stopLoss":6,"pips":-186.70000000000002,"pipsPerTrade":-0.7045283018867925}}},"perTrade":{"slowWma":192,"trades":615,"pips":190.10000000000008,"pipsPerTrade":0.3086038961038962,"stopLoss":{"best":{"stopLoss":6,"pips":514.2999999999998,"pipsPerTrade":0.8349025974025971},"worst":{"stopLoss":1,"pips":129.50000000000003,"pipsPerTrade":0.21022727272727276}}}}},"withStopLoss":{"best":{"slowWma":189,"trades":531,"stopLoss":7,"pips":1224.1,"pipsPerTrade":2.30093984962406},"worst":{"slowWma":158,"trades":273,"stopLoss":6,"pips":-282.4000000000001,"pipsPerTrade":-1.0306569343065697}}}