{"noStops":{"best":{"overall":{"slowWma":148,"trades":238,"pips":284.3999999999999,"pipsPerTrade":1.1899581589958155,"stopLoss":{"best":{"stopLoss":9,"pips":681.5999999999999,"pipsPerTrade":2.851882845188284},"worst":{"stopLoss":2,"pips":173.8,"pipsPerTrade":0.7271966527196653}}},"perTrade":{"slowWma":148,"trades":238,"pips":284.3999999999999,"pipsPerTrade":1.1899581589958155,"stopLoss":{"best":{"stopLoss":9,"pips":681.5999999999999,"pipsPerTrade":2.851882845188284},"worst":{"stopLoss":2,"pips":173.8,"pipsPerTrade":0.7271966527196653}}}},"worst":{"overall":{"slowWma":186,"trades":446,"pips":-363.8,"pipsPerTrade":-0.8138702460850112,"stopLoss":{"best":{"stopLoss":13,"pips":397.2999999999998,"pipsPerTrade":0.8888143176733776},"worst":{"stopLoss":2,"pips":-97.80000000000001,"pipsPerTrade":-0.21879194630872487}}},"perTrade":{"slowWma":186,"trades":446,"pips":-363.8,"pipsPerTrade":-0.8138702460850112,"stopLoss":{"best":{"stopLoss":13,"pips":397.2999999999998,"pipsPerTrade":0.8888143176733776},"worst":{"stopLoss":2,"pips":-97.80000000000001,"pipsPerTrade":-0.21879194630872487}}}}},"withStopLoss":{"best":{"slowWma":189,"trades":467,"stopLoss":6,"pips":732.4,"pipsPerTrade":1.564957264957265},"worst":{"slowWma":145,"trades":245,"stopLoss":5,"pips":-66.9,"pipsPerTrade":-0.27195121951219514}}}