{"noStops":{"best":{"overall":{"slowWma":168,"trades":317,"pips":657.1999999999999,"pipsPerTrade":2.0666666666666664,"stopLoss":{"best":{"stopLoss":9,"pips":1082.2000000000003,"pipsPerTrade":3.403144654088051},"worst":{"stopLoss":5,"pips":487.09999999999997,"pipsPerTrade":1.5317610062893081}}},"perTrade":{"slowWma":148,"trades":239,"pips":537.8,"pipsPerTrade":2.2408333333333332,"stopLoss":{"best":{"stopLoss":9,"pips":681.5999999999999,"pipsPerTrade":2.8399999999999994},"worst":{"stopLoss":2,"pips":173.8,"pipsPerTrade":0.7241666666666667}}}},"worst":{"overall":{"slowWma":191,"trades":540,"pips":114.50000000000011,"pipsPerTrade":0.21164510166358616,"stopLoss":{"best":{"stopLoss":6,"pips":550.5,"pipsPerTrade":1.0175600739371533},"worst":{"stopLoss":5,"pips":103.10000000000002,"pipsPerTrade":0.1905730129390019}}},"perTrade":{"slowWma":191,"trades":540,"pips":114.50000000000011,"pipsPerTrade":0.21164510166358616,"stopLoss":{"best":{"stopLoss":6,"pips":550.5,"pipsPerTrade":1.0175600739371533},"worst":{"stopLoss":5,"pips":103.10000000000002,"pipsPerTrade":0.1905730129390019}}}}},"withStopLoss":{"best":{"slowWma":188,"trades":516,"stopLoss":6,"pips":1106.8999999999996,"pipsPerTrade":2.1410058027079297},"worst":{"slowWma":145,"trades":246,"stopLoss":5,"pips":-66.9,"pipsPerTrade":-0.2708502024291498}}}