{"noStops":{"best":{"overall":{"slowWma":170,"trades":295,"pips":545.9,"pipsPerTrade":1.8442567567567567,"stopLoss":{"best":{"stopLoss":10,"pips":956.7,"pipsPerTrade":3.232094594594595},"worst":{"stopLoss":1,"pips":409.3,"pipsPerTrade":1.3827702702702702}}},"perTrade":{"slowWma":170,"trades":295,"pips":545.9,"pipsPerTrade":1.8442567567567567,"stopLoss":{"best":{"stopLoss":10,"pips":956.7,"pipsPerTrade":3.232094594594595},"worst":{"stopLoss":1,"pips":409.3,"pipsPerTrade":1.3827702702702702}}}},"worst":{"overall":{"slowWma":156,"trades":234,"pips":-13.39999999999992,"pipsPerTrade":-0.057021276595744345,"stopLoss":{"best":{"stopLoss":15,"pips":452.79999999999995,"pipsPerTrade":1.9268085106382977},"worst":{"stopLoss":3,"pips":-252.9,"pipsPerTrade":-1.0761702127659574}}},"perTrade":{"slowWma":156,"trades":234,"pips":-13.39999999999992,"pipsPerTrade":-0.057021276595744345,"stopLoss":{"best":{"stopLoss":15,"pips":452.79999999999995,"pipsPerTrade":1.9268085106382977},"worst":{"stopLoss":3,"pips":-252.9,"pipsPerTrade":-1.0761702127659574}}}}},"withStopLoss":{"best":{"slowWma":178,"trades":379,"stopLoss":11,"pips":1184.2000000000003,"pipsPerTrade":3.116315789473685},"worst":{"slowWma":141,"trades":278,"stopLoss":7,"pips":-49.89999999999998,"pipsPerTrade":-0.178853046594982}}}