{"noStops":{"best":{"overall":{"slowWma":175,"trades":322,"pips":513.6,"pipsPerTrade":1.590092879256966,"stopLoss":{"best":{"stopLoss":16,"pips":1109.5,"pipsPerTrade":3.434984520123839},"worst":{"stopLoss":2,"pips":-110.39999999999998,"pipsPerTrade":-0.34179566563467484}}},"perTrade":{"slowWma":175,"trades":322,"pips":513.6,"pipsPerTrade":1.590092879256966,"stopLoss":{"best":{"stopLoss":16,"pips":1109.5,"pipsPerTrade":3.434984520123839},"worst":{"stopLoss":2,"pips":-110.39999999999998,"pipsPerTrade":-0.34179566563467484}}}},"worst":{"overall":{"slowWma":156,"trades":271,"pips":78.20000000000005,"pipsPerTrade":0.28750000000000014,"stopLoss":{"best":{"stopLoss":15,"pips":555.3000000000002,"pipsPerTrade":2.0415441176470597},"worst":{"stopLoss":3,"pips":-235.79999999999993,"pipsPerTrade":-0.866911764705882}}},"perTrade":{"slowWma":156,"trades":271,"pips":78.20000000000005,"pipsPerTrade":0.28750000000000014,"stopLoss":{"best":{"stopLoss":15,"pips":555.3000000000002,"pipsPerTrade":2.0415441176470597},"worst":{"stopLoss":3,"pips":-235.79999999999993,"pipsPerTrade":-0.866911764705882}}}}},"withStopLoss":{"best":{"slowWma":175,"trades":322,"stopLoss":16,"pips":1109.5,"pipsPerTrade":3.434984520123839},"worst":{"slowWma":143,"trades":263,"stopLoss":5,"pips":-75.8,"pipsPerTrade":-0.2871212121212121}}}