{"noStops":{"best":{"overall":{"slowWma":138,"trades":536,"pips":190.39999999999972,"pipsPerTrade":0.3545623836126624,"stopLoss":{"best":{"stopLoss":18,"pips":684.7000000000004,"pipsPerTrade":1.2750465549348238},"worst":{"stopLoss":2,"pips":365.6999999999999,"pipsPerTrade":0.6810055865921786}}},"perTrade":{"slowWma":142,"trades":288,"pips":167.50000000000026,"pipsPerTrade":0.5795847750865061,"stopLoss":{"best":{"stopLoss":14,"pips":266.10000000000036,"pipsPerTrade":0.9207612456747417},"worst":{"stopLoss":7,"pips":23.400000000000095,"pipsPerTrade":0.08096885813148821}}}},"worst":{"overall":{"slowWma":185,"trades":395,"pips":-317.69999999999993,"pipsPerTrade":-0.8022727272727271,"stopLoss":{"best":{"stopLoss":13,"pips":299.2999999999997,"pipsPerTrade":0.7558080808080802},"worst":{"stopLoss":4,"pips":-7.199999999999937,"pipsPerTrade":-0.01818181818181802}}},"perTrade":{"slowWma":156,"trades":270,"pips":-285.49999999999994,"pipsPerTrade":-1.0535055350553504,"stopLoss":{"best":{"stopLoss":14,"pips":206.30000000000015,"pipsPerTrade":0.761254612546126},"worst":{"stopLoss":3,"pips":-235.79999999999993,"pipsPerTrade":-0.8701107011070108}}}}},"withStopLoss":{"best":{"slowWma":138,"trades":536,"stopLoss":18,"pips":684.7000000000004,"pipsPerTrade":1.2750465549348238},"worst":{"slowWma":161,"trades":274,"stopLoss":4,"pips":-353.5000000000001,"pipsPerTrade":-1.2854545454545458}}}