{"noStops":{"best":{"overall":{"slowWma":142,"trades":300,"pips":162.20000000000013,"pipsPerTrade":0.5388704318936881,"stopLoss":{"best":{"stopLoss":14,"pips":461.59999999999985,"pipsPerTrade":1.533554817275747},"worst":{"stopLoss":5,"pips":25.000000000000032,"pipsPerTrade":0.08305647840531571}}},"perTrade":{"slowWma":142,"trades":300,"pips":162.20000000000013,"pipsPerTrade":0.5388704318936881,"stopLoss":{"best":{"stopLoss":14,"pips":461.59999999999985,"pipsPerTrade":1.533554817275747},"worst":{"stopLoss":5,"pips":25.000000000000032,"pipsPerTrade":0.08305647840531571}}}},"worst":{"overall":{"slowWma":186,"trades":476,"pips":-309.6999999999999,"pipsPerTrade":-0.6492662473794547,"stopLoss":{"best":{"stopLoss":8,"pips":414,"pipsPerTrade":0.8679245283018868},"worst":{"stopLoss":2,"pips":-62.9,"pipsPerTrade":-0.13186582809224318}}},"perTrade":{"slowWma":154,"trades":262,"pips":-244.90000000000003,"pipsPerTrade":-0.9311787072243347,"stopLoss":{"best":{"stopLoss":15,"pips":228.00000000000023,"pipsPerTrade":0.8669201520912556},"worst":{"stopLoss":5,"pips":-181.2,"pipsPerTrade":-0.6889733840304182}}}}},"withStopLoss":{"best":{"slowWma":180,"trades":394,"stopLoss":8,"pips":585.0000000000001,"pipsPerTrade":1.4810126582278484},"worst":{"slowWma":159,"trades":282,"stopLoss":2,"pips":-354.6,"pipsPerTrade":-1.2530035335689047}}}