{"noStops":{"best":{"overall":{"slowWma":174,"trades":376,"pips":498.70000000000005,"pipsPerTrade":1.3228116710875333,"stopLoss":{"best":{"stopLoss":23,"pips":979.0000000000002,"pipsPerTrade":2.5968169761273217},"worst":{"stopLoss":1,"pips":-221.5,"pipsPerTrade":-0.5875331564986738}}},"perTrade":{"slowWma":160,"trades":284,"pips":434.29999999999995,"pipsPerTrade":1.523859649122807,"stopLoss":{"best":{"stopLoss":19,"pips":611.6000000000001,"pipsPerTrade":2.1459649122807023},"worst":{"stopLoss":2,"pips":90.99999999999989,"pipsPerTrade":0.3192982456140347}}}},"worst":{"overall":{"slowWma":145,"trades":266,"pips":105.30000000000004,"pipsPerTrade":0.3943820224719103,"stopLoss":{"best":{"stopLoss":8,"pips":330.8000000000002,"pipsPerTrade":1.2389513108614238},"worst":{"stopLoss":25,"pips":-187.69999999999996,"pipsPerTrade":-0.7029962546816478}}},"perTrade":{"slowWma":186,"trades":477,"pips":156.90000000000015,"pipsPerTrade":0.3282426778242681,"stopLoss":{"best":{"stopLoss":8,"pips":414,"pipsPerTrade":0.8661087866108786},"worst":{"stopLoss":2,"pips":-62.9,"pipsPerTrade":-0.13158995815899582}}}}},"withStopLoss":{"best":{"slowWma":180,"trades":395,"stopLoss":8,"pips":1112.3000000000002,"pipsPerTrade":2.8088383838383844},"worst":{"slowWma":141,"trades":331,"stopLoss":2,"pips":15.599999999999905,"pipsPerTrade":0.04698795180722863}}}