{"noStops":{"best":{"overall":{"slowWma":173,"trades":365,"pips":488.6000000000001,"pipsPerTrade":1.3349726775956285,"stopLoss":{"best":{"stopLoss":21,"pips":575.7000000000002,"pipsPerTrade":1.5729508196721316},"worst":{"stopLoss":1,"pips":-237,"pipsPerTrade":-0.6475409836065574}}},"perTrade":{"slowWma":152,"trades":250,"pips":379.1,"pipsPerTrade":1.510358565737052,"stopLoss":{"best":{"stopLoss":14,"pips":767.3000000000001,"pipsPerTrade":3.0569721115537853},"worst":{"stopLoss":4,"pips":404.90000000000003,"pipsPerTrade":1.613147410358566}}}},"worst":{"overall":{"slowWma":145,"trades":278,"pips":88.50000000000003,"pipsPerTrade":0.3172043010752689,"stopLoss":{"best":{"stopLoss":15,"pips":459.4000000000002,"pipsPerTrade":1.6465949820788537},"worst":{"stopLoss":2,"pips":-203.79999999999998,"pipsPerTrade":-0.7304659498207885}}},"perTrade":{"slowWma":145,"trades":278,"pips":88.50000000000003,"pipsPerTrade":0.3172043010752689,"stopLoss":{"best":{"stopLoss":15,"pips":459.4000000000002,"pipsPerTrade":1.6465949820788537},"worst":{"stopLoss":2,"pips":-203.79999999999998,"pipsPerTrade":-0.7304659498207885}}}}},"withStopLoss":{"best":{"slowWma":175,"trades":345,"stopLoss":17,"pips":1135.3,"pipsPerTrade":3.2812138728323696},"worst":{"slowWma":162,"trades":315,"stopLoss":5,"pips":-249.69999999999996,"pipsPerTrade":-0.7901898734177214}}}