{"noStops":{"best":{"overall":{"slowWma":142,"trades":335,"pips":178.89999999999984,"pipsPerTrade":0.5324404761904757,"stopLoss":{"best":{"stopLoss":9,"pips":507.6,"pipsPerTrade":1.5107142857142857},"worst":{"stopLoss":25,"pips":105.19999999999982,"pipsPerTrade":0.31309523809523754}}},"perTrade":{"slowWma":142,"trades":335,"pips":178.89999999999984,"pipsPerTrade":0.5324404761904757,"stopLoss":{"best":{"stopLoss":9,"pips":507.6,"pipsPerTrade":1.5107142857142857},"worst":{"stopLoss":25,"pips":105.19999999999982,"pipsPerTrade":0.31309523809523754}}}},"worst":{"overall":{"slowWma":198,"trades":567,"pips":-246.29999999999995,"pipsPerTrade":-0.4336267605633802,"stopLoss":{"best":{"stopLoss":7,"pips":443.7,"pipsPerTrade":0.7811619718309859},"worst":{"stopLoss":2,"pips":-96.09999999999998,"pipsPerTrade":-0.1691901408450704}}},"perTrade":{"slowWma":155,"trades":261,"pips":-231.89999999999995,"pipsPerTrade":-0.8851145038167937,"stopLoss":{"best":{"stopLoss":17,"pips":226,"pipsPerTrade":0.8625954198473282},"worst":{"stopLoss":6,"pips":-301.5,"pipsPerTrade":-1.150763358778626}}}}},"withStopLoss":{"best":{"slowWma":175,"trades":344,"stopLoss":17,"pips":721.9,"pipsPerTrade":2.092463768115942},"worst":{"slowWma":145,"trades":277,"stopLoss":25,"pips":-237.30000000000015,"pipsPerTrade":-0.8535971223021588}}}