{"noStops":{"best":{"overall":{"slowWma":58,"trades":446,"pips":684.5999999999995,"pipsPerTrade":1.5315436241610727,"stopLoss":{"best":{"stopLoss":23,"pips":906.8999999999996,"pipsPerTrade":2.028859060402684},"worst":{"stopLoss":4,"pips":225.4000000000001,"pipsPerTrade":0.5042505592841166}}},"perTrade":{"slowWma":58,"trades":446,"pips":684.5999999999995,"pipsPerTrade":1.5315436241610727,"stopLoss":{"best":{"stopLoss":23,"pips":906.8999999999996,"pipsPerTrade":2.028859060402684},"worst":{"stopLoss":4,"pips":225.4000000000001,"pipsPerTrade":0.5042505592841166}}}},"worst":{"overall":{"slowWma":18,"trades":940,"pips":-507.29999999999984,"pipsPerTrade":-0.539107332624867,"stopLoss":{"best":{"stopLoss":3,"pips":-109.00000000000023,"pipsPerTrade":-0.115834218916047},"worst":{"stopLoss":8,"pips":-718.5000000000003,"pipsPerTrade":-0.7635494155154094}}},"perTrade":{"slowWma":18,"trades":940,"pips":-507.29999999999984,"pipsPerTrade":-0.539107332624867,"stopLoss":{"best":{"stopLoss":3,"pips":-109.00000000000023,"pipsPerTrade":-0.115834218916047},"worst":{"stopLoss":8,"pips":-718.5000000000003,"pipsPerTrade":-0.7635494155154094}}}}},"withStopLoss":{"best":{"slowWma":57,"trades":420,"stopLoss":23,"pips":962.1,"pipsPerTrade":2.2852731591448934},"worst":{"slowWma":165,"trades":1355,"stopLoss":9,"pips":-739.9999999999998,"pipsPerTrade":-0.5457227138643066}}}