{"noStops":{"best":{"overall":{"slowWma":175,"trades":299,"pips":524.4,"pipsPerTrade":1.748,"stopLoss":{"best":{"stopLoss":22,"pips":1106.4000000000005,"pipsPerTrade":3.688000000000002},"worst":{"stopLoss":2,"pips":290.2,"pipsPerTrade":0.9673333333333333}}},"perTrade":{"slowWma":175,"trades":299,"pips":524.4,"pipsPerTrade":1.748,"stopLoss":{"best":{"stopLoss":22,"pips":1106.4000000000005,"pipsPerTrade":3.688000000000002},"worst":{"stopLoss":2,"pips":290.2,"pipsPerTrade":0.9673333333333333}}}},"worst":{"overall":{"slowWma":143,"trades":325,"pips":14.399999999999693,"pipsPerTrade":0.04417177914110335,"stopLoss":{"best":{"stopLoss":9,"pips":587.1000000000001,"pipsPerTrade":1.8009202453987734},"worst":{"stopLoss":25,"pips":78.90000000000003,"pipsPerTrade":0.24202453987730072}}},"perTrade":{"slowWma":143,"trades":325,"pips":14.399999999999693,"pipsPerTrade":0.04417177914110335,"stopLoss":{"best":{"stopLoss":9,"pips":587.1000000000001,"pipsPerTrade":1.8009202453987734},"worst":{"stopLoss":25,"pips":78.90000000000003,"pipsPerTrade":0.24202453987730072}}}}},"withStopLoss":{"best":{"slowWma":175,"trades":299,"stopLoss":22,"pips":1106.4000000000005,"pipsPerTrade":3.688000000000002},"worst":{"slowWma":161,"trades":279,"stopLoss":4,"pips":-161.3,"pipsPerTrade":-0.5760714285714286}}}