{"noStops":{"best":{"overall":{"slowWma":175,"trades":298,"pips":111.00000000000001,"pipsPerTrade":0.37123745819397996,"stopLoss":{"best":{"stopLoss":22,"pips":693.0000000000005,"pipsPerTrade":2.3177257525083625},"worst":{"stopLoss":2,"pips":-123.2,"pipsPerTrade":-0.41204013377926424}}},"perTrade":{"slowWma":175,"trades":298,"pips":111.00000000000001,"pipsPerTrade":0.37123745819397996,"stopLoss":{"best":{"stopLoss":22,"pips":693.0000000000005,"pipsPerTrade":2.3177257525083625},"worst":{"stopLoss":2,"pips":-123.2,"pipsPerTrade":-0.41204013377926424}}}},"worst":{"overall":{"slowWma":161,"trades":278,"pips":-286.1,"pipsPerTrade":-1.0254480286738352,"stopLoss":{"best":{"stopLoss":21,"pips":146.39999999999998,"pipsPerTrade":0.5247311827956989},"worst":{"stopLoss":4,"pips":-161.3,"pipsPerTrade":-0.5781362007168459}}},"perTrade":{"slowWma":151,"trades":223,"pips":-266.30000000000007,"pipsPerTrade":-1.188839285714286,"stopLoss":{"best":{"stopLoss":13,"pips":269,"pipsPerTrade":1.2008928571428572},"worst":{"stopLoss":4,"pips":-228.3,"pipsPerTrade":-1.0191964285714286}}}}},"withStopLoss":{"best":{"slowWma":175,"trades":298,"stopLoss":22,"pips":693.0000000000005,"pipsPerTrade":2.3177257525083625},"worst":{"slowWma":161,"trades":278,"stopLoss":4,"pips":-161.3,"pipsPerTrade":-0.5781362007168459}}}