{"noStops":{"best":{"overall":{"slowWma":174,"trades":316,"pips":151.30000000000004,"pipsPerTrade":0.47728706624605693,"stopLoss":{"best":{"stopLoss":9,"pips":624.5000000000002,"pipsPerTrade":1.9700315457413256},"worst":{"stopLoss":1,"pips":-201.29999999999993,"pipsPerTrade":-0.6350157728706622}}},"perTrade":{"slowWma":174,"trades":316,"pips":151.30000000000004,"pipsPerTrade":0.47728706624605693,"stopLoss":{"best":{"stopLoss":9,"pips":624.5000000000002,"pipsPerTrade":1.9700315457413256},"worst":{"stopLoss":1,"pips":-201.29999999999993,"pipsPerTrade":-0.6350157728706622}}}},"worst":{"overall":{"slowWma":151,"trades":232,"pips":-422.39999999999986,"pipsPerTrade":-1.8128755364806861,"stopLoss":{"best":{"stopLoss":13,"pips":87.19999999999993,"pipsPerTrade":0.37424892703862633},"worst":{"stopLoss":3,"pips":-423.70000000000005,"pipsPerTrade":-1.8184549356223179}}},"perTrade":{"slowWma":151,"trades":232,"pips":-422.39999999999986,"pipsPerTrade":-1.8128755364806861,"stopLoss":{"best":{"stopLoss":13,"pips":87.19999999999993,"pipsPerTrade":0.37424892703862633},"worst":{"stopLoss":3,"pips":-423.70000000000005,"pipsPerTrade":-1.8184549356223179}}}}},"withStopLoss":{"best":{"slowWma":173,"trades":343,"stopLoss":8,"pips":684.3000000000002,"pipsPerTrade":1.9892441860465122},"worst":{"slowWma":151,"trades":232,"stopLoss":3,"pips":-423.70000000000005,"pipsPerTrade":-1.8184549356223179}}}