{"noStops":{"best":{"overall":{"slowWma":173,"trades":344,"pips":522.4,"pipsPerTrade":1.5142028985507245,"stopLoss":{"best":{"stopLoss":8,"pips":684.3000000000002,"pipsPerTrade":1.9834782608695658},"worst":{"stopLoss":4,"pips":-281.69999999999993,"pipsPerTrade":-0.8165217391304346}}},"perTrade":{"slowWma":174,"trades":317,"pips":502.4000000000001,"pipsPerTrade":1.5798742138364783,"stopLoss":{"best":{"stopLoss":9,"pips":624.5000000000002,"pipsPerTrade":1.963836477987422},"worst":{"stopLoss":1,"pips":-201.29999999999993,"pipsPerTrade":-0.6330188679245281}}}},"worst":{"overall":{"slowWma":151,"trades":233,"pips":-63.899999999999864,"pipsPerTrade":-0.2730769230769225,"stopLoss":{"best":{"stopLoss":13,"pips":87.19999999999993,"pipsPerTrade":0.3726495726495724},"worst":{"stopLoss":3,"pips":-423.70000000000005,"pipsPerTrade":-1.810683760683761}}},"perTrade":{"slowWma":151,"trades":233,"pips":-63.899999999999864,"pipsPerTrade":-0.2730769230769225,"stopLoss":{"best":{"stopLoss":13,"pips":87.19999999999993,"pipsPerTrade":0.3726495726495724},"worst":{"stopLoss":3,"pips":-423.70000000000005,"pipsPerTrade":-1.810683760683761}}}}},"withStopLoss":{"best":{"slowWma":194,"trades":519,"stopLoss":25,"pips":883.3,"pipsPerTrade":1.698653846153846},"worst":{"slowWma":151,"trades":233,"stopLoss":3,"pips":-423.70000000000005,"pipsPerTrade":-1.810683760683761}}}