{"noStops":{"best":{"overall":{"slowWma":168,"trades":279,"pips":546.3,"pipsPerTrade":1.9510714285714283,"stopLoss":{"best":{"stopLoss":17,"pips":904.0000000000002,"pipsPerTrade":3.2285714285714295},"worst":{"stopLoss":1,"pips":373.2999999999999,"pipsPerTrade":1.3332142857142852}}},"perTrade":{"slowWma":168,"trades":279,"pips":546.3,"pipsPerTrade":1.9510714285714283,"stopLoss":{"best":{"stopLoss":17,"pips":904.0000000000002,"pipsPerTrade":3.2285714285714295},"worst":{"stopLoss":1,"pips":373.2999999999999,"pipsPerTrade":1.3332142857142852}}}},"worst":{"overall":{"slowWma":145,"trades":327,"pips":-128.30000000000013,"pipsPerTrade":-0.39115853658536626,"stopLoss":{"best":{"stopLoss":9,"pips":31.399999999999945,"pipsPerTrade":0.095731707317073},"worst":{"stopLoss":22,"pips":-274.90000000000003,"pipsPerTrade":-0.8381097560975611}}},"perTrade":{"slowWma":145,"trades":327,"pips":-128.30000000000013,"pipsPerTrade":-0.39115853658536626,"stopLoss":{"best":{"stopLoss":9,"pips":31.399999999999945,"pipsPerTrade":0.095731707317073},"worst":{"stopLoss":22,"pips":-274.90000000000003,"pipsPerTrade":-0.8381097560975611}}}}},"withStopLoss":{"best":{"slowWma":173,"trades":306,"stopLoss":8,"pips":1041.3000000000002,"pipsPerTrade":3.3918566775244305},"worst":{"slowWma":145,"trades":327,"stopLoss":22,"pips":-274.90000000000003,"pipsPerTrade":-0.8381097560975611}}}