{"noStops":{"best":{"overall":{"slowWma":168,"trades":278,"pips":133.4,"pipsPerTrade":0.47813620071684587,"stopLoss":{"best":{"stopLoss":17,"pips":491.10000000000025,"pipsPerTrade":1.7602150537634418},"worst":{"stopLoss":1,"pips":-39.60000000000008,"pipsPerTrade":-0.14193548387096802}}},"perTrade":{"slowWma":168,"trades":278,"pips":133.4,"pipsPerTrade":0.47813620071684587,"stopLoss":{"best":{"stopLoss":17,"pips":491.10000000000025,"pipsPerTrade":1.7602150537634418},"worst":{"stopLoss":1,"pips":-39.60000000000008,"pipsPerTrade":-0.14193548387096802}}}},"worst":{"overall":{"slowWma":152,"trades":235,"pips":-399.59999999999997,"pipsPerTrade":-1.6932203389830507,"stopLoss":{"best":{"stopLoss":12,"pips":68.2000000000001,"pipsPerTrade":0.28898305084745807},"worst":{"stopLoss":5,"pips":-381.4999999999999,"pipsPerTrade":-1.6165254237288131}}},"perTrade":{"slowWma":152,"trades":235,"pips":-399.59999999999997,"pipsPerTrade":-1.6932203389830507,"stopLoss":{"best":{"stopLoss":12,"pips":68.2000000000001,"pipsPerTrade":0.28898305084745807},"worst":{"stopLoss":5,"pips":-381.4999999999999,"pipsPerTrade":-1.6165254237288131}}}}},"withStopLoss":{"best":{"slowWma":173,"trades":305,"stopLoss":8,"pips":628.8000000000002,"pipsPerTrade":2.0549019607843144},"worst":{"slowWma":149,"trades":259,"stopLoss":4,"pips":-441.40000000000015,"pipsPerTrade":-1.6976923076923083}}}