{"noStops":{"best":{"overall":{"slowWma":170,"trades":283,"pips":194.89999999999986,"pipsPerTrade":0.6862676056338023,"stopLoss":{"best":{"stopLoss":23,"pips":623.5000000000001,"pipsPerTrade":2.195422535211268},"worst":{"stopLoss":4,"pips":-122.99999999999999,"pipsPerTrade":-0.4330985915492957}}},"perTrade":{"slowWma":170,"trades":283,"pips":194.89999999999986,"pipsPerTrade":0.6862676056338023,"stopLoss":{"best":{"stopLoss":23,"pips":623.5000000000001,"pipsPerTrade":2.195422535211268},"worst":{"stopLoss":4,"pips":-122.99999999999999,"pipsPerTrade":-0.4330985915492957}}}},"worst":{"overall":{"slowWma":152,"trades":248,"pips":-432.5999999999999,"pipsPerTrade":-1.737349397590361,"stopLoss":{"best":{"stopLoss":16,"pips":44.79999999999998,"pipsPerTrade":0.17991967871485937},"worst":{"stopLoss":5,"pips":-226.70000000000005,"pipsPerTrade":-0.9104417670682733}}},"perTrade":{"slowWma":152,"trades":248,"pips":-432.5999999999999,"pipsPerTrade":-1.737349397590361,"stopLoss":{"best":{"stopLoss":16,"pips":44.79999999999998,"pipsPerTrade":0.17991967871485937},"worst":{"stopLoss":5,"pips":-226.70000000000005,"pipsPerTrade":-0.9104417670682733}}}}},"withStopLoss":{"best":{"slowWma":194,"trades":525,"stopLoss":6,"pips":625.5999999999999,"pipsPerTrade":1.1893536121673003},"worst":{"slowWma":150,"trades":255,"stopLoss":3,"pips":-415.7999999999999,"pipsPerTrade":-1.6242187499999996}}}