{"noStops":{"best":{"overall":{"slowWma":170,"trades":284,"pips":587.0999999999999,"pipsPerTrade":2.0599999999999996,"stopLoss":{"best":{"stopLoss":23,"pips":1015.7,"pipsPerTrade":3.5638596491228074},"worst":{"stopLoss":4,"pips":269.2,"pipsPerTrade":0.9445614035087719}}},"perTrade":{"slowWma":170,"trades":284,"pips":587.0999999999999,"pipsPerTrade":2.0599999999999996,"stopLoss":{"best":{"stopLoss":23,"pips":1015.7,"pipsPerTrade":3.5638596491228074},"worst":{"stopLoss":4,"pips":269.2,"pipsPerTrade":0.9445614035087719}}}},"worst":{"overall":{"slowWma":152,"trades":249,"pips":-96.09999999999991,"pipsPerTrade":-0.38439999999999963,"stopLoss":{"best":{"stopLoss":16,"pips":44.79999999999998,"pipsPerTrade":0.17919999999999994},"worst":{"stopLoss":5,"pips":-226.70000000000005,"pipsPerTrade":-0.9068000000000002}}},"perTrade":{"slowWma":152,"trades":249,"pips":-96.09999999999991,"pipsPerTrade":-0.38439999999999963,"stopLoss":{"best":{"stopLoss":16,"pips":44.79999999999998,"pipsPerTrade":0.17919999999999994},"worst":{"stopLoss":5,"pips":-226.70000000000005,"pipsPerTrade":-0.9068000000000002}}}}},"withStopLoss":{"best":{"slowWma":170,"trades":284,"stopLoss":23,"pips":1015.7,"pipsPerTrade":3.5638596491228074},"worst":{"slowWma":150,"trades":256,"stopLoss":3,"pips":-415.7999999999999,"pipsPerTrade":-1.6178988326848245}}}