{"noStops":{"best":{"overall":{"slowWma":170,"trades":247,"pips":178.5999999999999,"pipsPerTrade":0.7201612903225802,"stopLoss":{"best":{"stopLoss":23,"pips":656,"pipsPerTrade":2.6451612903225805},"worst":{"stopLoss":2,"pips":42.20000000000002,"pipsPerTrade":0.1701612903225807}}},"perTrade":{"slowWma":170,"trades":247,"pips":178.5999999999999,"pipsPerTrade":0.7201612903225802,"stopLoss":{"best":{"stopLoss":23,"pips":656,"pipsPerTrade":2.6451612903225805},"worst":{"stopLoss":2,"pips":42.20000000000002,"pipsPerTrade":0.1701612903225807}}}},"worst":{"overall":{"slowWma":151,"trades":241,"pips":-518.4,"pipsPerTrade":-2.142148760330578,"stopLoss":{"best":{"stopLoss":7,"pips":-94.80000000000004,"pipsPerTrade":-0.3917355371900828},"worst":{"stopLoss":23,"pips":-383.7,"pipsPerTrade":-1.5855371900826445}}},"perTrade":{"slowWma":151,"trades":241,"pips":-518.4,"pipsPerTrade":-2.142148760330578,"stopLoss":{"best":{"stopLoss":7,"pips":-94.80000000000004,"pipsPerTrade":-0.3917355371900828},"worst":{"stopLoss":23,"pips":-383.7,"pipsPerTrade":-1.5855371900826445}}}}},"withStopLoss":{"best":{"slowWma":193,"trades":437,"stopLoss":6,"pips":670.1999999999998,"pipsPerTrade":1.5301369863013694},"worst":{"slowWma":151,"trades":241,"stopLoss":23,"pips":-383.7,"pipsPerTrade":-1.5855371900826445}}}