{"noStops":{"best":{"overall":{"slowWma":168,"trades":291,"pips":557.4999999999999,"pipsPerTrade":1.9092465753424654,"stopLoss":{"best":{"stopLoss":16,"pips":1021.7999999999998,"pipsPerTrade":3.49931506849315},"worst":{"stopLoss":1,"pips":198.5,"pipsPerTrade":0.6797945205479452}}},"perTrade":{"slowWma":170,"trades":248,"pips":537.3999999999999,"pipsPerTrade":2.158232931726907,"stopLoss":{"best":{"stopLoss":23,"pips":1014.8,"pipsPerTrade":4.075502008032128},"worst":{"stopLoss":2,"pips":42.20000000000002,"pipsPerTrade":0.1694779116465864}}}},"worst":{"overall":{"slowWma":151,"trades":242,"pips":-187.2,"pipsPerTrade":-0.7703703703703704,"stopLoss":{"best":{"stopLoss":7,"pips":-94.80000000000004,"pipsPerTrade":-0.3901234567901236},"worst":{"stopLoss":23,"pips":-383.7,"pipsPerTrade":-1.5790123456790124}}},"perTrade":{"slowWma":151,"trades":242,"pips":-187.2,"pipsPerTrade":-0.7703703703703704,"stopLoss":{"best":{"stopLoss":7,"pips":-94.80000000000004,"pipsPerTrade":-0.3901234567901236},"worst":{"stopLoss":23,"pips":-383.7,"pipsPerTrade":-1.5790123456790124}}}}},"withStopLoss":{"best":{"slowWma":168,"trades":291,"stopLoss":16,"pips":1021.7999999999998,"pipsPerTrade":3.49931506849315},"worst":{"slowWma":151,"trades":242,"stopLoss":23,"pips":-383.7,"pipsPerTrade":-1.5790123456790124}}}