{"noStops":{"best":{"overall":{"slowWma":170,"trades":244,"pips":155.29999999999998,"pipsPerTrade":0.6338775510204081,"stopLoss":{"best":{"stopLoss":9,"pips":490.1000000000001,"pipsPerTrade":2.0004081632653063},"worst":{"stopLoss":1,"pips":25.999999999999996,"pipsPerTrade":0.10612244897959182}}},"perTrade":{"slowWma":170,"trades":244,"pips":155.29999999999998,"pipsPerTrade":0.6338775510204081,"stopLoss":{"best":{"stopLoss":9,"pips":490.1000000000001,"pipsPerTrade":2.0004081632653063},"worst":{"stopLoss":1,"pips":25.999999999999996,"pipsPerTrade":0.10612244897959182}}}},"worst":{"overall":{"slowWma":151,"trades":252,"pips":-455.2000000000001,"pipsPerTrade":-1.7992094861660084,"stopLoss":{"best":{"stopLoss":10,"pips":-12.199999999999974,"pipsPerTrade":-0.04822134387351769},"worst":{"stopLoss":4,"pips":-433.09999999999997,"pipsPerTrade":-1.7118577075098813}}},"perTrade":{"slowWma":151,"trades":252,"pips":-455.2000000000001,"pipsPerTrade":-1.7992094861660084,"stopLoss":{"best":{"stopLoss":10,"pips":-12.199999999999974,"pipsPerTrade":-0.04822134387351769},"worst":{"stopLoss":4,"pips":-433.09999999999997,"pipsPerTrade":-1.7118577075098813}}}}},"withStopLoss":{"best":{"slowWma":193,"trades":427,"stopLoss":6,"pips":677.0999999999999,"pipsPerTrade":1.5820093457943922},"worst":{"slowWma":150,"trades":268,"stopLoss":5,"pips":-456.2999999999999,"pipsPerTrade":-1.6962825278810405}}}