{"noStops":{"best":{"overall":{"slowWma":194,"trades":457,"pips":518.5,"pipsPerTrade":1.1320960698689957,"stopLoss":{"best":{"stopLoss":5,"pips":582.0999999999998,"pipsPerTrade":1.270960698689956},"worst":{"stopLoss":1,"pips":267.7999999999998,"pipsPerTrade":0.5847161572052397}}},"perTrade":{"slowWma":170,"trades":245,"pips":481.19999999999993,"pipsPerTrade":1.9560975609756095,"stopLoss":{"best":{"stopLoss":22,"pips":783.5000000000002,"pipsPerTrade":3.184959349593497},"worst":{"stopLoss":1,"pips":25.999999999999996,"pipsPerTrade":0.1056910569105691}}}},"worst":{"overall":{"slowWma":151,"trades":253,"pips":-124.2000000000001,"pipsPerTrade":-0.48897637795275634,"stopLoss":{"best":{"stopLoss":10,"pips":-12.199999999999974,"pipsPerTrade":-0.04803149606299203},"worst":{"stopLoss":4,"pips":-433.09999999999997,"pipsPerTrade":-1.7051181102362203}}},"perTrade":{"slowWma":151,"trades":253,"pips":-124.2000000000001,"pipsPerTrade":-0.48897637795275634,"stopLoss":{"best":{"stopLoss":10,"pips":-12.199999999999974,"pipsPerTrade":-0.04803149606299203},"worst":{"stopLoss":4,"pips":-433.09999999999997,"pipsPerTrade":-1.7051181102362203}}}}},"withStopLoss":{"best":{"slowWma":171,"trades":249,"stopLoss":8,"pips":976.9999999999999,"pipsPerTrade":3.9079999999999995},"worst":{"slowWma":150,"trades":269,"stopLoss":5,"pips":-456.2999999999999,"pipsPerTrade":-1.6899999999999997}}}