{"noStops":{"best":{"overall":{"slowWma":168,"trades":256,"pips":158.10000000000002,"pipsPerTrade":0.6151750972762646,"stopLoss":{"best":{"stopLoss":14,"pips":543.1999999999998,"pipsPerTrade":2.1136186770428007},"worst":{"stopLoss":2,"pips":-71.9,"pipsPerTrade":-0.27976653696498055}}},"perTrade":{"slowWma":168,"trades":256,"pips":158.10000000000002,"pipsPerTrade":0.6151750972762646,"stopLoss":{"best":{"stopLoss":14,"pips":543.1999999999998,"pipsPerTrade":2.1136186770428007},"worst":{"stopLoss":2,"pips":-71.9,"pipsPerTrade":-0.27976653696498055}}}},"worst":{"overall":{"slowWma":151,"trades":269,"pips":-568.6999999999999,"pipsPerTrade":-2.106296296296296,"stopLoss":{"best":{"stopLoss":17,"pips":27.59999999999997,"pipsPerTrade":0.1022222222222221},"worst":{"stopLoss":4,"pips":-460.20000000000005,"pipsPerTrade":-1.7044444444444447}}},"perTrade":{"slowWma":151,"trades":269,"pips":-568.6999999999999,"pipsPerTrade":-2.106296296296296,"stopLoss":{"best":{"stopLoss":17,"pips":27.59999999999997,"pipsPerTrade":0.1022222222222221},"worst":{"stopLoss":4,"pips":-460.20000000000005,"pipsPerTrade":-1.7044444444444447}}}}},"withStopLoss":{"best":{"slowWma":191,"trades":451,"stopLoss":6,"pips":612.9999999999998,"pipsPerTrade":1.3561946902654862},"worst":{"slowWma":147,"trades":519,"stopLoss":5,"pips":-231.00000000000003,"pipsPerTrade":-0.44423076923076926}}}