{"noStops":{"best":{"overall":{"slowWma":168,"trades":247,"pips":512.7000000000002,"pipsPerTrade":2.06733870967742,"stopLoss":{"best":{"stopLoss":16,"pips":845.1000000000005,"pipsPerTrade":3.4076612903225825},"worst":{"stopLoss":1,"pips":58.90000000000002,"pipsPerTrade":0.23750000000000007}}},"perTrade":{"slowWma":168,"trades":247,"pips":512.7000000000002,"pipsPerTrade":2.06733870967742,"stopLoss":{"best":{"stopLoss":16,"pips":845.1000000000005,"pipsPerTrade":3.4076612903225825},"worst":{"stopLoss":1,"pips":58.90000000000002,"pipsPerTrade":0.23750000000000007}}}},"worst":{"overall":{"slowWma":151,"trades":276,"pips":-159.40000000000003,"pipsPerTrade":-0.5754512635379062,"stopLoss":{"best":{"stopLoss":19,"pips":555.8,"pipsPerTrade":2.006498194945848},"worst":{"stopLoss":4,"pips":129.40000000000006,"pipsPerTrade":0.4671480144404334}}},"perTrade":{"slowWma":151,"trades":276,"pips":-159.40000000000003,"pipsPerTrade":-0.5754512635379062,"stopLoss":{"best":{"stopLoss":19,"pips":555.8,"pipsPerTrade":2.006498194945848},"worst":{"stopLoss":4,"pips":129.40000000000006,"pipsPerTrade":0.4671480144404334}}}}},"withStopLoss":{"best":{"slowWma":173,"trades":280,"stopLoss":8,"pips":971.5,"pipsPerTrade":3.4572953736654806},"worst":{"slowWma":199,"trades":486,"stopLoss":1,"pips":-58.30000000000002,"pipsPerTrade":-0.11971252566735116}}}