{"noStops":{"best":{"overall":{"slowWma":168,"trades":246,"pips":176.10000000000014,"pipsPerTrade":0.712955465587045,"stopLoss":{"best":{"stopLoss":16,"pips":508.50000000000045,"pipsPerTrade":2.0587044534412975},"worst":{"stopLoss":4,"pips":-11.59999999999997,"pipsPerTrade":-0.046963562753036314}}},"perTrade":{"slowWma":168,"trades":246,"pips":176.10000000000014,"pipsPerTrade":0.712955465587045,"stopLoss":{"best":{"stopLoss":16,"pips":508.50000000000045,"pipsPerTrade":2.0587044534412975},"worst":{"stopLoss":4,"pips":-11.59999999999997,"pipsPerTrade":-0.046963562753036314}}}},"worst":{"overall":{"slowWma":151,"trades":275,"pips":-498.70000000000005,"pipsPerTrade":-1.8068840579710146,"stopLoss":{"best":{"stopLoss":19,"pips":216.5,"pipsPerTrade":0.7844202898550725},"worst":{"stopLoss":4,"pips":-209.89999999999995,"pipsPerTrade":-0.7605072463768114}}},"perTrade":{"slowWma":151,"trades":275,"pips":-498.70000000000005,"pipsPerTrade":-1.8068840579710146,"stopLoss":{"best":{"stopLoss":19,"pips":216.5,"pipsPerTrade":0.7844202898550725},"worst":{"stopLoss":4,"pips":-209.89999999999995,"pipsPerTrade":-0.7605072463768114}}}}},"withStopLoss":{"best":{"slowWma":173,"trades":279,"stopLoss":8,"pips":594.6999999999999,"pipsPerTrade":2.1239285714285714},"worst":{"slowWma":161,"trades":228,"stopLoss":3,"pips":-423.90000000000015,"pipsPerTrade":-1.8510917030567693}}}