{"noStops":{"best":{"overall":{"slowWma":165,"trades":255,"pips":145.40000000000015,"pipsPerTrade":0.5679687500000006,"stopLoss":{"best":{"stopLoss":16,"pips":347.9000000000002,"pipsPerTrade":1.3589843750000008},"worst":{"stopLoss":5,"pips":-211.89999999999995,"pipsPerTrade":-0.8277343749999998}}},"perTrade":{"slowWma":165,"trades":255,"pips":145.40000000000015,"pipsPerTrade":0.5679687500000006,"stopLoss":{"best":{"stopLoss":16,"pips":347.9000000000002,"pipsPerTrade":1.3589843750000008},"worst":{"stopLoss":5,"pips":-211.89999999999995,"pipsPerTrade":-0.8277343749999998}}}},"worst":{"overall":{"slowWma":151,"trades":327,"pips":-512.5,"pipsPerTrade":-1.5625,"stopLoss":{"best":{"stopLoss":23,"pips":117.60000000000011,"pipsPerTrade":0.358536585365854},"worst":{"stopLoss":4,"pips":-296.20000000000005,"pipsPerTrade":-0.903048780487805}}},"perTrade":{"slowWma":151,"trades":327,"pips":-512.5,"pipsPerTrade":-1.5625,"stopLoss":{"best":{"stopLoss":23,"pips":117.60000000000011,"pipsPerTrade":0.358536585365854},"worst":{"stopLoss":4,"pips":-296.20000000000005,"pipsPerTrade":-0.903048780487805}}}}},"withStopLoss":{"best":{"slowWma":168,"trades":247,"stopLoss":9,"pips":548.1999999999999,"pipsPerTrade":2.2104838709677415},"worst":{"slowWma":164,"trades":219,"stopLoss":5,"pips":-321.90000000000003,"pipsPerTrade":-1.4631818181818184}}}