{"noStops":{"best":{"overall":{"slowWma":165,"trades":256,"pips":514.9000000000001,"pipsPerTrade":2.0035019455252923,"stopLoss":{"best":{"stopLoss":16,"pips":717.4000000000002,"pipsPerTrade":2.791439688715954},"worst":{"stopLoss":1,"pips":-126.70000000000005,"pipsPerTrade":-0.49299610894941653}}},"perTrade":{"slowWma":165,"trades":256,"pips":514.9000000000001,"pipsPerTrade":2.0035019455252923,"stopLoss":{"best":{"stopLoss":16,"pips":717.4000000000002,"pipsPerTrade":2.791439688715954},"worst":{"stopLoss":1,"pips":-126.70000000000005,"pipsPerTrade":-0.49299610894941653}}}},"worst":{"overall":{"slowWma":199,"trades":455,"pips":-276.40000000000003,"pipsPerTrade":-0.6061403508771931,"stopLoss":{"best":{"stopLoss":8,"pips":101.29999999999988,"pipsPerTrade":0.2221491228070173},"worst":{"stopLoss":3,"pips":-201.29999999999995,"pipsPerTrade":-0.44144736842105253}}},"perTrade":{"slowWma":151,"trades":328,"pips":-206.60000000000002,"pipsPerTrade":-0.6279635258358663,"stopLoss":{"best":{"stopLoss":23,"pips":423.5000000000001,"pipsPerTrade":1.2872340425531918},"worst":{"stopLoss":4,"pips":-296.20000000000005,"pipsPerTrade":-0.9003039513677813}}}}},"withStopLoss":{"best":{"slowWma":168,"trades":248,"stopLoss":9,"pips":902.3999999999999,"pipsPerTrade":3.624096385542168},"worst":{"slowWma":198,"trades":498,"stopLoss":3,"pips":-129.40000000000003,"pipsPerTrade":-0.2593186372745492}}}