{"noStops":{"best":{"overall":{"slowWma":189,"trades":334,"pips":504.8,"pipsPerTrade":1.506865671641791,"stopLoss":{"best":{"stopLoss":8,"pips":500.3,"pipsPerTrade":1.4934328358208955},"worst":{"stopLoss":3,"pips":108.7,"pipsPerTrade":0.3244776119402985}}},"perTrade":{"slowWma":170,"trades":224,"pips":435.60000000000014,"pipsPerTrade":1.9360000000000006,"stopLoss":{"best":{"stopLoss":8,"pips":847.2,"pipsPerTrade":3.7653333333333334},"worst":{"stopLoss":4,"pips":504.5,"pipsPerTrade":2.2422222222222223}}}},"worst":{"overall":{"slowWma":199,"trades":447,"pips":-333.5,"pipsPerTrade":-0.7444196428571429,"stopLoss":{"best":{"stopLoss":8,"pips":121.89999999999998,"pipsPerTrade":0.27209821428571423},"worst":{"stopLoss":2,"pips":-130.69999999999996,"pipsPerTrade":-0.29174107142857136}}},"perTrade":{"slowWma":199,"trades":447,"pips":-333.5,"pipsPerTrade":-0.7444196428571429,"stopLoss":{"best":{"stopLoss":8,"pips":121.89999999999998,"pipsPerTrade":0.27209821428571423},"worst":{"stopLoss":2,"pips":-130.69999999999996,"pipsPerTrade":-0.29174107142857136}}}}},"withStopLoss":{"best":{"slowWma":166,"trades":218,"stopLoss":12,"pips":862.3,"pipsPerTrade":3.937442922374429},"worst":{"slowWma":199,"trades":447,"stopLoss":2,"pips":-130.69999999999996,"pipsPerTrade":-0.29174107142857136}}}