{"noStops":{"best":{"overall":{"slowWma":170,"trades":223,"pips":64.3000000000001,"pipsPerTrade":0.28705357142857185,"stopLoss":{"best":{"stopLoss":8,"pips":475.9000000000001,"pipsPerTrade":2.1245535714285717},"worst":{"stopLoss":4,"pips":133.2,"pipsPerTrade":0.5946428571428571}}},"perTrade":{"slowWma":170,"trades":223,"pips":64.3000000000001,"pipsPerTrade":0.28705357142857185,"stopLoss":{"best":{"stopLoss":8,"pips":475.9000000000001,"pipsPerTrade":2.1245535714285717},"worst":{"stopLoss":4,"pips":133.2,"pipsPerTrade":0.5946428571428571}}}},"worst":{"overall":{"slowWma":151,"trades":374,"pips":-506.20000000000033,"pipsPerTrade":-1.3498666666666674,"stopLoss":{"best":{"stopLoss":18,"pips":57.4,"pipsPerTrade":0.15306666666666666},"worst":{"stopLoss":4,"pips":-277.2999999999999,"pipsPerTrade":-0.7394666666666664}}},"perTrade":{"slowWma":155,"trades":242,"pips":-355.20000000000016,"pipsPerTrade":-1.461728395061729,"stopLoss":{"best":{"stopLoss":17,"pips":69.89999999999986,"pipsPerTrade":0.28765432098765376},"worst":{"stopLoss":1,"pips":-210.70000000000002,"pipsPerTrade":-0.8670781893004116}}}}},"withStopLoss":{"best":{"slowWma":166,"trades":217,"stopLoss":12,"pips":529.5999999999999,"pipsPerTrade":2.429357798165137},"worst":{"slowWma":153,"trades":277,"stopLoss":2,"pips":-253.5,"pipsPerTrade":-0.9118705035971223}}}