{"noStops":{"best":{"overall":{"slowWma":115,"trades":723,"pips":718.6999999999991,"pipsPerTrade":0.9926795580110486,"stopLoss":{"best":{"stopLoss":18,"pips":550.2999999999996,"pipsPerTrade":0.7600828729281762},"worst":{"stopLoss":1,"pips":-162.80000000000007,"pipsPerTrade":-0.22486187845303876}}},"perTrade":{"slowWma":57,"trades":415,"pips":542.0000000000002,"pipsPerTrade":1.3028846153846159,"stopLoss":{"best":{"stopLoss":25,"pips":870.4000000000008,"pipsPerTrade":2.092307692307694},"worst":{"stopLoss":14,"pips":274.5,"pipsPerTrade":0.6598557692307693}}}},"worst":{"overall":{"slowWma":27,"trades":528,"pips":-476.5000000000004,"pipsPerTrade":-0.9007561436672975,"stopLoss":{"best":{"stopLoss":22,"pips":-112.10000000000001,"pipsPerTrade":-0.2119092627599244},"worst":{"stopLoss":11,"pips":-699.3,"pipsPerTrade":-1.3219281663516067}}},"perTrade":{"slowWma":27,"trades":528,"pips":-476.5000000000004,"pipsPerTrade":-0.9007561436672975,"stopLoss":{"best":{"stopLoss":22,"pips":-112.10000000000001,"pipsPerTrade":-0.2119092627599244},"worst":{"stopLoss":11,"pips":-699.3,"pipsPerTrade":-1.3219281663516067}}}}},"withStopLoss":{"best":{"slowWma":57,"trades":415,"stopLoss":25,"pips":870.4000000000008,"pipsPerTrade":2.092307692307694},"worst":{"slowWma":26,"trades":559,"stopLoss":21,"pips":-568.8999999999999,"pipsPerTrade":-1.015892857142857}}}