{"noStops":{"best":{"overall":{"slowWma":188,"trades":350,"pips":485.50000000000006,"pipsPerTrade":1.3831908831908835,"stopLoss":{"best":{"stopLoss":8,"pips":421.99999999999994,"pipsPerTrade":1.2022792022792022},"worst":{"stopLoss":3,"pips":34.60000000000006,"pipsPerTrade":0.09857549857549874}}},"perTrade":{"slowWma":168,"trades":237,"pips":362.5000000000001,"pipsPerTrade":1.5231092436974796,"stopLoss":{"best":{"stopLoss":11,"pips":807.2,"pipsPerTrade":3.3915966386554626},"worst":{"stopLoss":1,"pips":308.6,"pipsPerTrade":1.296638655462185}}}},"worst":{"overall":{"slowWma":198,"trades":479,"pips":-257.19999999999993,"pipsPerTrade":-0.5358333333333332,"stopLoss":{"best":{"stopLoss":1,"pips":147.89999999999992,"pipsPerTrade":0.3081249999999998},"worst":{"stopLoss":25,"pips":-68.60000000000002,"pipsPerTrade":-0.14291666666666672}}},"perTrade":{"slowWma":198,"trades":479,"pips":-257.19999999999993,"pipsPerTrade":-0.5358333333333332,"stopLoss":{"best":{"stopLoss":1,"pips":147.89999999999992,"pipsPerTrade":0.3081249999999998},"worst":{"stopLoss":25,"pips":-68.60000000000002,"pipsPerTrade":-0.14291666666666672}}}}},"withStopLoss":{"best":{"slowWma":167,"trades":255,"stopLoss":11,"pips":821.0999999999999,"pipsPerTrade":3.2074218749999996},"worst":{"slowWma":198,"trades":479,"stopLoss":25,"pips":-68.60000000000002,"pipsPerTrade":-0.14291666666666672}}}