{"noStops":{"best":{"overall":{"slowWma":167,"trades":254,"pips":-2.0999999999998025,"pipsPerTrade":-0.008235294117646284,"stopLoss":{"best":{"stopLoss":11,"pips":461.59999999999997,"pipsPerTrade":1.8101960784313724},"worst":{"stopLoss":1,"pips":-69.50000000000001,"pipsPerTrade":-0.27254901960784317}}},"perTrade":{"slowWma":167,"trades":254,"pips":-2.0999999999998025,"pipsPerTrade":-0.008235294117646284,"stopLoss":{"best":{"stopLoss":11,"pips":461.59999999999997,"pipsPerTrade":1.8101960784313724},"worst":{"stopLoss":1,"pips":-69.50000000000001,"pipsPerTrade":-0.27254901960784317}}}},"worst":{"overall":{"slowWma":151,"trades":517,"pips":-496.00000000000017,"pipsPerTrade":-0.9575289575289578,"stopLoss":{"best":{"stopLoss":18,"pips":70.29999999999994,"pipsPerTrade":0.1357142857142856},"worst":{"stopLoss":1,"pips":-609.3000000000002,"pipsPerTrade":-1.1762548262548267}}},"perTrade":{"slowWma":156,"trades":259,"pips":-433.5999999999997,"pipsPerTrade":-1.6676923076923065,"stopLoss":{"best":{"stopLoss":17,"pips":-55.10000000000005,"pipsPerTrade":-0.21192307692307713},"worst":{"stopLoss":6,"pips":-408.0000000000001,"pipsPerTrade":-1.5692307692307697}}}}},"withStopLoss":{"best":{"slowWma":189,"trades":355,"stopLoss":6,"pips":585.5999999999998,"pipsPerTrade":1.6449438202247186},"worst":{"slowWma":156,"trades":259,"stopLoss":6,"pips":-408.0000000000001,"pipsPerTrade":-1.5692307692307697}}}