{"noStops":{"best":{"overall":{"slowWma":168,"trades":253,"pips":76.30000000000004,"pipsPerTrade":0.30039370078740174,"stopLoss":{"best":{"stopLoss":16,"pips":502.20000000000005,"pipsPerTrade":1.9771653543307088},"worst":{"stopLoss":4,"pips":65.69999999999999,"pipsPerTrade":0.2586614173228346}}},"perTrade":{"slowWma":168,"trades":253,"pips":76.30000000000004,"pipsPerTrade":0.30039370078740174,"stopLoss":{"best":{"stopLoss":16,"pips":502.20000000000005,"pipsPerTrade":1.9771653543307088},"worst":{"stopLoss":4,"pips":65.69999999999999,"pipsPerTrade":0.2586614173228346}}}},"worst":{"overall":{"slowWma":155,"trades":275,"pips":-369.70000000000005,"pipsPerTrade":-1.3394927536231886,"stopLoss":{"best":{"stopLoss":14,"pips":0.2000000000001343,"pipsPerTrade":0.0007246376811599069},"worst":{"stopLoss":4,"pips":-239.60000000000008,"pipsPerTrade":-0.8681159420289858}}},"perTrade":{"slowWma":155,"trades":275,"pips":-369.70000000000005,"pipsPerTrade":-1.3394927536231886,"stopLoss":{"best":{"stopLoss":14,"pips":0.2000000000001343,"pipsPerTrade":0.0007246376811599069},"worst":{"stopLoss":4,"pips":-239.60000000000008,"pipsPerTrade":-0.8681159420289858}}}}},"withStopLoss":{"best":{"slowWma":189,"trades":359,"stopLoss":8,"pips":581.7999999999997,"pipsPerTrade":1.6161111111111104},"worst":{"slowWma":155,"trades":275,"stopLoss":4,"pips":-239.60000000000008,"pipsPerTrade":-0.8681159420289858}}}