{"noStops":{"best":{"overall":{"slowWma":190,"trades":399,"pips":552.3000000000001,"pipsPerTrade":1.3807500000000001,"stopLoss":{"best":{"stopLoss":8,"pips":527.8000000000001,"pipsPerTrade":1.3195000000000001},"worst":{"stopLoss":2,"pips":108.30000000000003,"pipsPerTrade":0.27075000000000005}}},"perTrade":{"slowWma":170,"trades":221,"pips":386.79999999999995,"pipsPerTrade":1.742342342342342,"stopLoss":{"best":{"stopLoss":11,"pips":784.1000000000003,"pipsPerTrade":3.5319819819819833},"worst":{"stopLoss":2,"pips":433.3,"pipsPerTrade":1.951801801801802}}}},"worst":{"overall":{"slowWma":198,"trades":422,"pips":-174.29999999999998,"pipsPerTrade":-0.41205673758865247,"stopLoss":{"best":{"stopLoss":5,"pips":192.7999999999999,"pipsPerTrade":0.45579196217494067},"worst":{"stopLoss":25,"pips":-13.800000000000146,"pipsPerTrade":-0.03262411347517765}}},"perTrade":{"slowWma":198,"trades":422,"pips":-174.29999999999998,"pipsPerTrade":-0.41205673758865247,"stopLoss":{"best":{"stopLoss":5,"pips":192.7999999999999,"pipsPerTrade":0.45579196217494067},"worst":{"stopLoss":25,"pips":-13.800000000000146,"pipsPerTrade":-0.03262411347517765}}}}},"withStopLoss":{"best":{"slowWma":168,"trades":254,"stopLoss":16,"pips":861.7,"pipsPerTrade":3.37921568627451},"worst":{"slowWma":199,"trades":479,"stopLoss":4,"pips":-76.99999999999997,"pipsPerTrade":-0.1604166666666666}}}