{"noStops":{"best":{"overall":{"slowWma":188,"trades":377,"pips":554,"pipsPerTrade":1.4656084656084656,"stopLoss":{"best":{"stopLoss":8,"pips":421.4999999999999,"pipsPerTrade":1.1150793650793647},"worst":{"stopLoss":3,"pips":127,"pipsPerTrade":0.335978835978836}}},"perTrade":{"slowWma":187,"trades":331,"pips":506.5999999999999,"pipsPerTrade":1.525903614457831,"stopLoss":{"best":{"stopLoss":7,"pips":417.2999999999998,"pipsPerTrade":1.2569277108433727},"worst":{"stopLoss":3,"pips":185.90000000000003,"pipsPerTrade":0.5599397590361447}}}},"worst":{"overall":{"slowWma":198,"trades":462,"pips":-200.30000000000007,"pipsPerTrade":-0.43261339092872586,"stopLoss":{"best":{"stopLoss":5,"pips":182.6999999999999,"pipsPerTrade":0.39460043196544253},"worst":{"stopLoss":4,"pips":-82.89999999999996,"pipsPerTrade":-0.17904967602591784}}},"perTrade":{"slowWma":198,"trades":462,"pips":-200.30000000000007,"pipsPerTrade":-0.43261339092872586,"stopLoss":{"best":{"stopLoss":5,"pips":182.6999999999999,"pipsPerTrade":0.39460043196544253},"worst":{"stopLoss":4,"pips":-82.89999999999996,"pipsPerTrade":-0.17904967602591784}}}}},"withStopLoss":{"best":{"slowWma":177,"trades":302,"stopLoss":6,"pips":784.9000000000001,"pipsPerTrade":2.5904290429042907},"worst":{"slowWma":199,"trades":426,"stopLoss":4,"pips":-78.99999999999993,"pipsPerTrade":-0.18501170960187338}}}