{"noStops":{"best":{"overall":{"slowWma":188,"trades":376,"pips":52.19999999999998,"pipsPerTrade":0.1384615384615384,"stopLoss":{"best":{"stopLoss":8,"pips":421.4999999999999,"pipsPerTrade":1.1180371352785143},"worst":{"stopLoss":3,"pips":127,"pipsPerTrade":0.33687002652519893}}},"perTrade":{"slowWma":188,"trades":376,"pips":52.19999999999998,"pipsPerTrade":0.1384615384615384,"stopLoss":{"best":{"stopLoss":8,"pips":421.4999999999999,"pipsPerTrade":1.1180371352785143},"worst":{"stopLoss":3,"pips":127,"pipsPerTrade":0.33687002652519893}}}},"worst":{"overall":{"slowWma":155,"trades":312,"pips":-350.89999999999986,"pipsPerTrade":-1.1210862619808302,"stopLoss":{"best":{"stopLoss":6,"pips":177.40000000000015,"pipsPerTrade":0.5667731629392976},"worst":{"stopLoss":2,"pips":-205.00000000000003,"pipsPerTrade":-0.6549520766773164}}},"perTrade":{"slowWma":178,"trades":280,"pips":-330.9,"pipsPerTrade":-1.1775800711743771,"stopLoss":{"best":{"stopLoss":9,"pips":345.09999999999997,"pipsPerTrade":1.2281138790035586},"worst":{"stopLoss":1,"pips":6.799999999999989,"pipsPerTrade":0.02419928825622772}}}}},"withStopLoss":{"best":{"slowWma":189,"trades":343,"stopLoss":8,"pips":515.2,"pipsPerTrade":1.4976744186046513},"worst":{"slowWma":153,"trades":514,"stopLoss":2,"pips":-432.2999999999999,"pipsPerTrade":-0.8394174757281552}}}