{"noStops":{"best":{"overall":{"slowWma":187,"trades":325,"pips":184.29999999999978,"pipsPerTrade":0.5653374233128827,"stopLoss":{"best":{"stopLoss":8,"pips":725.6000000000003,"pipsPerTrade":2.225766871165645},"worst":{"stopLoss":5,"pips":118.89999999999995,"pipsPerTrade":0.36472392638036794}}},"perTrade":{"slowWma":187,"trades":325,"pips":184.29999999999978,"pipsPerTrade":0.5653374233128827,"stopLoss":{"best":{"stopLoss":8,"pips":725.6000000000003,"pipsPerTrade":2.225766871165645},"worst":{"stopLoss":5,"pips":118.89999999999995,"pipsPerTrade":0.36472392638036794}}}},"worst":{"overall":{"slowWma":178,"trades":249,"pips":-368.09999999999997,"pipsPerTrade":-1.4724,"stopLoss":{"best":{"stopLoss":9,"pips":298.00000000000006,"pipsPerTrade":1.1920000000000002},"worst":{"stopLoss":4,"pips":-27.399999999999892,"pipsPerTrade":-0.10959999999999957}}},"perTrade":{"slowWma":178,"trades":249,"pips":-368.09999999999997,"pipsPerTrade":-1.4724,"stopLoss":{"best":{"stopLoss":9,"pips":298.00000000000006,"pipsPerTrade":1.1920000000000002},"worst":{"stopLoss":4,"pips":-27.399999999999892,"pipsPerTrade":-0.10959999999999957}}}}},"withStopLoss":{"best":{"slowWma":187,"trades":325,"stopLoss":8,"pips":725.6000000000003,"pipsPerTrade":2.225766871165645},"worst":{"slowWma":158,"trades":264,"stopLoss":4,"pips":-360.00000000000006,"pipsPerTrade":-1.358490566037736}}}