{"noStops":{"best":{"overall":{"slowWma":187,"trades":326,"pips":678.4999999999998,"pipsPerTrade":2.074923547400611,"stopLoss":{"best":{"stopLoss":8,"pips":725.6000000000003,"pipsPerTrade":2.218960244648319},"worst":{"stopLoss":5,"pips":118.89999999999995,"pipsPerTrade":0.36360856269113134}}},"perTrade":{"slowWma":187,"trades":326,"pips":678.4999999999998,"pipsPerTrade":2.074923547400611,"stopLoss":{"best":{"stopLoss":8,"pips":725.6000000000003,"pipsPerTrade":2.218960244648319},"worst":{"stopLoss":5,"pips":118.89999999999995,"pipsPerTrade":0.36360856269113134}}}},"worst":{"overall":{"slowWma":198,"trades":407,"pips":-174.80000000000004,"pipsPerTrade":-0.4284313725490197,"stopLoss":{"best":{"stopLoss":13,"pips":246.3999999999998,"pipsPerTrade":0.6039215686274505},"worst":{"stopLoss":6,"pips":-82.59999999999995,"pipsPerTrade":-0.20245098039215675}}},"perTrade":{"slowWma":198,"trades":407,"pips":-174.80000000000004,"pipsPerTrade":-0.4284313725490197,"stopLoss":{"best":{"stopLoss":13,"pips":246.3999999999998,"pipsPerTrade":0.6039215686274505},"worst":{"stopLoss":6,"pips":-82.59999999999995,"pipsPerTrade":-0.20245098039215675}}}}},"withStopLoss":{"best":{"slowWma":173,"trades":231,"stopLoss":10,"pips":860.1999999999999,"pipsPerTrade":3.707758620689655},"worst":{"slowWma":196,"trades":362,"stopLoss":6,"pips":-41.19999999999993,"pipsPerTrade":-0.11349862258953149}}}