{"noStops":{"best":{"overall":{"slowWma":189,"trades":304,"pips":617.6999999999998,"pipsPerTrade":2.0252459016393436,"stopLoss":{"best":{"stopLoss":8,"pips":519.0000000000001,"pipsPerTrade":1.7016393442622955},"worst":{"stopLoss":4,"pips":99.69999999999996,"pipsPerTrade":0.3268852459016392}}},"perTrade":{"slowWma":189,"trades":304,"pips":617.6999999999998,"pipsPerTrade":2.0252459016393436,"stopLoss":{"best":{"stopLoss":8,"pips":519.0000000000001,"pipsPerTrade":1.7016393442622955},"worst":{"stopLoss":4,"pips":99.69999999999996,"pipsPerTrade":0.3268852459016392}}}},"worst":{"overall":{"slowWma":199,"trades":455,"pips":-246.30000000000004,"pipsPerTrade":-0.5401315789473685,"stopLoss":{"best":{"stopLoss":18,"pips":323.5999999999999,"pipsPerTrade":0.7096491228070173},"worst":{"stopLoss":6,"pips":-89.40000000000003,"pipsPerTrade":-0.19605263157894745}}},"perTrade":{"slowWma":199,"trades":455,"pips":-246.30000000000004,"pipsPerTrade":-0.5401315789473685,"stopLoss":{"best":{"stopLoss":18,"pips":323.5999999999999,"pipsPerTrade":0.7096491228070173},"worst":{"stopLoss":6,"pips":-89.40000000000003,"pipsPerTrade":-0.19605263157894745}}}}},"withStopLoss":{"best":{"slowWma":184,"trades":302,"stopLoss":16,"pips":859.8999999999999,"pipsPerTrade":2.8379537953795375},"worst":{"slowWma":194,"trades":381,"stopLoss":6,"pips":-2.20000000000001,"pipsPerTrade":-0.005759162303664947}}}