{"noStops":{"best":{"overall":{"slowWma":158,"trades":313,"pips":257.1000000000005,"pipsPerTrade":0.818789808917199,"stopLoss":{"best":{"stopLoss":8,"pips":134.4000000000002,"pipsPerTrade":0.428025477707007},"worst":{"stopLoss":3,"pips":-201.3000000000001,"pipsPerTrade":-0.6410828025477711}}},"perTrade":{"slowWma":158,"trades":313,"pips":257.1000000000005,"pipsPerTrade":0.818789808917199,"stopLoss":{"best":{"stopLoss":8,"pips":134.4000000000002,"pipsPerTrade":0.428025477707007},"worst":{"stopLoss":3,"pips":-201.3000000000001,"pipsPerTrade":-0.6410828025477711}}}},"worst":{"overall":{"slowWma":178,"trades":244,"pips":-396.9000000000001,"pipsPerTrade":-1.6200000000000003,"stopLoss":{"best":{"stopLoss":5,"pips":362.40000000000003,"pipsPerTrade":1.479183673469388},"worst":{"stopLoss":2,"pips":-73.89999999999998,"pipsPerTrade":-0.3016326530612244}}},"perTrade":{"slowWma":178,"trades":244,"pips":-396.9000000000001,"pipsPerTrade":-1.6200000000000003,"stopLoss":{"best":{"stopLoss":5,"pips":362.40000000000003,"pipsPerTrade":1.479183673469388},"worst":{"stopLoss":2,"pips":-73.89999999999998,"pipsPerTrade":-0.3016326530612244}}}}},"withStopLoss":{"best":{"slowWma":185,"trades":270,"stopLoss":14,"pips":584,"pipsPerTrade":2.1549815498154983},"worst":{"slowWma":161,"trades":255,"stopLoss":7,"pips":-184.7,"pipsPerTrade":-0.721484375}}}