{"noStops":{"best":{"overall":{"slowWma":158,"trades":314,"pips":600.2000000000005,"pipsPerTrade":1.905396825396827,"stopLoss":{"best":{"stopLoss":8,"pips":477.5000000000002,"pipsPerTrade":1.5158730158730167},"worst":{"stopLoss":1,"pips":-94.00000000000001,"pipsPerTrade":-0.29841269841269846}}},"perTrade":{"slowWma":159,"trades":275,"pips":555,"pipsPerTrade":2.010869565217391,"stopLoss":{"best":{"stopLoss":20,"pips":491.80000000000007,"pipsPerTrade":1.7818840579710147},"worst":{"stopLoss":1,"pips":-134.40000000000003,"pipsPerTrade":-0.48695652173913057}}}},"worst":{"overall":{"slowWma":199,"trades":402,"pips":-217.40000000000015,"pipsPerTrade":-0.5394540942928043,"stopLoss":{"best":{"stopLoss":19,"pips":364.3999999999997,"pipsPerTrade":0.9042183622828777},"worst":{"stopLoss":4,"pips":-79.99999999999997,"pipsPerTrade":-0.19851116625310167}}},"perTrade":{"slowWma":196,"trades":347,"pips":-201.09999999999985,"pipsPerTrade":-0.5778735632183903,"stopLoss":{"best":{"stopLoss":14,"pips":181.4,"pipsPerTrade":0.521264367816092},"worst":{"stopLoss":7,"pips":-149.20000000000005,"pipsPerTrade":-0.4287356321839082}}}}},"withStopLoss":{"best":{"slowWma":185,"trades":271,"stopLoss":14,"pips":913.2,"pipsPerTrade":3.3573529411764707},"worst":{"slowWma":196,"trades":347,"stopLoss":7,"pips":-149.20000000000005,"pipsPerTrade":-0.4287356321839082}}}