{"noStops":{"best":{"overall":{"slowWma":188,"trades":348,"pips":186.6999999999998,"pipsPerTrade":0.5349570200573059,"stopLoss":{"best":{"stopLoss":14,"pips":454.3999999999999,"pipsPerTrade":1.3020057306590256},"worst":{"stopLoss":4,"pips":117.20000000000007,"pipsPerTrade":0.335816618911175}}},"perTrade":{"slowWma":188,"trades":348,"pips":186.6999999999998,"pipsPerTrade":0.5349570200573059,"stopLoss":{"best":{"stopLoss":14,"pips":454.3999999999999,"pipsPerTrade":1.3020057306590256},"worst":{"stopLoss":4,"pips":117.20000000000007,"pipsPerTrade":0.335816618911175}}}},"worst":{"overall":{"slowWma":178,"trades":262,"pips":-439.0000000000001,"pipsPerTrade":-1.669201520912548,"stopLoss":{"best":{"stopLoss":6,"pips":315.9000000000002,"pipsPerTrade":1.2011406844106471},"worst":{"stopLoss":2,"pips":-75.39999999999993,"pipsPerTrade":-0.28669201520912524}}},"perTrade":{"slowWma":178,"trades":262,"pips":-439.0000000000001,"pipsPerTrade":-1.669201520912548,"stopLoss":{"best":{"stopLoss":6,"pips":315.9000000000002,"pipsPerTrade":1.2011406844106471},"worst":{"stopLoss":2,"pips":-75.39999999999993,"pipsPerTrade":-0.28669201520912524}}}}},"withStopLoss":{"best":{"slowWma":186,"trades":299,"stopLoss":20,"pips":559.9999999999999,"pipsPerTrade":1.8666666666666663},"worst":{"slowWma":158,"trades":368,"stopLoss":13,"pips":-217.69999999999996,"pipsPerTrade":-0.5899728997289971}}}