{"noStops":{"best":{"overall":{"slowWma":188,"trades":342,"pips":114.90000000000003,"pipsPerTrade":0.3349854227405249,"stopLoss":{"best":{"stopLoss":16,"pips":311.99999999999983,"pipsPerTrade":0.9096209912536438},"worst":{"stopLoss":5,"pips":56.09999999999994,"pipsPerTrade":0.16355685131195316}}},"perTrade":{"slowWma":188,"trades":342,"pips":114.90000000000003,"pipsPerTrade":0.3349854227405249,"stopLoss":{"best":{"stopLoss":16,"pips":311.99999999999983,"pipsPerTrade":0.9096209912536438},"worst":{"stopLoss":5,"pips":56.09999999999994,"pipsPerTrade":0.16355685131195316}}}},"worst":{"overall":{"slowWma":178,"trades":256,"pips":-476.6,"pipsPerTrade":-1.8544747081712063,"stopLoss":{"best":{"stopLoss":6,"pips":285.9000000000001,"pipsPerTrade":1.1124513618677045},"worst":{"stopLoss":1,"pips":-65.70000000000003,"pipsPerTrade":-0.25564202334630365}}},"perTrade":{"slowWma":178,"trades":256,"pips":-476.6,"pipsPerTrade":-1.8544747081712063,"stopLoss":{"best":{"stopLoss":6,"pips":285.9000000000001,"pipsPerTrade":1.1124513618677045},"worst":{"stopLoss":1,"pips":-65.70000000000003,"pipsPerTrade":-0.25564202334630365}}}}},"withStopLoss":{"best":{"slowWma":185,"trades":286,"stopLoss":14,"pips":453.89999999999986,"pipsPerTrade":1.5815331010452958},"worst":{"slowWma":158,"trades":516,"stopLoss":13,"pips":-252.89999999999998,"pipsPerTrade":-0.4891682785299806}}}