{"noStops":{"best":{"overall":{"slowWma":188,"trades":343,"pips":435.90000000000003,"pipsPerTrade":1.2671511627906977,"stopLoss":{"best":{"stopLoss":16,"pips":632.9999999999998,"pipsPerTrade":1.8401162790697667},"worst":{"stopLoss":5,"pips":377.0999999999999,"pipsPerTrade":1.0962209302325578}}},"perTrade":{"slowWma":187,"trades":299,"pips":394.6,"pipsPerTrade":1.3153333333333335,"stopLoss":{"best":{"stopLoss":7,"pips":737.3,"pipsPerTrade":2.4576666666666664},"worst":{"stopLoss":5,"pips":502.2000000000003,"pipsPerTrade":1.6740000000000008}}}},"worst":{"overall":{"slowWma":199,"trades":387,"pips":-287.20000000000016,"pipsPerTrade":-0.7402061855670107,"stopLoss":{"best":{"stopLoss":18,"pips":355.6999999999999,"pipsPerTrade":0.9167525773195873},"worst":{"stopLoss":9,"pips":-100.70000000000007,"pipsPerTrade":-0.259536082474227}}},"perTrade":{"slowWma":178,"trades":257,"pips":-192.70000000000005,"pipsPerTrade":-0.7468992248062017,"stopLoss":{"best":{"stopLoss":6,"pips":569.8000000000001,"pipsPerTrade":2.208527131782946},"worst":{"stopLoss":1,"pips":218.19999999999993,"pipsPerTrade":0.8457364341085268}}}}},"withStopLoss":{"best":{"slowWma":189,"trades":313,"stopLoss":7,"pips":779.5,"pipsPerTrade":2.482484076433121},"worst":{"slowWma":158,"trades":518,"stopLoss":1,"pips":-145.9,"pipsPerTrade":-0.2811175337186898}}}