{"noStops":{"best":{"overall":{"slowWma":193,"trades":335,"pips":370.8,"pipsPerTrade":1.1035714285714286,"stopLoss":{"best":{"stopLoss":18,"pips":408.99999999999994,"pipsPerTrade":1.2172619047619047},"worst":{"stopLoss":4,"pips":-24.800000000000026,"pipsPerTrade":-0.07380952380952388}}},"perTrade":{"slowWma":165,"trades":244,"pips":335.40000000000015,"pipsPerTrade":1.3689795918367353,"stopLoss":{"best":{"stopLoss":8,"pips":472.6,"pipsPerTrade":1.9289795918367347},"worst":{"stopLoss":1,"pips":149,"pipsPerTrade":0.6081632653061224}}}},"worst":{"overall":{"slowWma":199,"trades":378,"pips":-302.99999999999994,"pipsPerTrade":-0.7994722955145117,"stopLoss":{"best":{"stopLoss":21,"pips":256.0999999999999,"pipsPerTrade":0.6757255936675459},"worst":{"stopLoss":9,"pips":-120.79999999999998,"pipsPerTrade":-0.31873350923482846}}},"perTrade":{"slowWma":177,"trades":248,"pips":-246,"pipsPerTrade":-0.9879518072289156,"stopLoss":{"best":{"stopLoss":6,"pips":563.1,"pipsPerTrade":2.26144578313253},"worst":{"stopLoss":25,"pips":191.89999999999995,"pipsPerTrade":0.7706827309236945}}}}},"withStopLoss":{"best":{"slowWma":189,"trades":306,"stopLoss":10,"pips":744.5999999999998,"pipsPerTrade":2.4254071661237777},"worst":{"slowWma":195,"trades":387,"stopLoss":9,"pips":-75.39999999999998,"pipsPerTrade":-0.19432989690721644}}}