{"noStops":{"best":{"overall":{"slowWma":159,"trades":512,"pips":42.10000000000031,"pipsPerTrade":0.08206627680311951,"stopLoss":{"best":{"stopLoss":23,"pips":109.7999999999998,"pipsPerTrade":0.21403508771929786},"worst":{"stopLoss":1,"pips":-307.5,"pipsPerTrade":-0.5994152046783626}}},"perTrade":{"slowWma":159,"trades":512,"pips":42.10000000000031,"pipsPerTrade":0.08206627680311951,"stopLoss":{"best":{"stopLoss":23,"pips":109.7999999999998,"pipsPerTrade":0.21403508771929786},"worst":{"stopLoss":1,"pips":-307.5,"pipsPerTrade":-0.5994152046783626}}}},"worst":{"overall":{"slowWma":177,"trades":247,"pips":-529.9,"pipsPerTrade":-2.136693548387097,"stopLoss":{"best":{"stopLoss":6,"pips":279.20000000000005,"pipsPerTrade":1.1258064516129034},"worst":{"stopLoss":25,"pips":-92.00000000000003,"pipsPerTrade":-0.370967741935484}}},"perTrade":{"slowWma":177,"trades":247,"pips":-529.9,"pipsPerTrade":-2.136693548387097,"stopLoss":{"best":{"stopLoss":6,"pips":279.20000000000005,"pipsPerTrade":1.1258064516129034},"worst":{"stopLoss":25,"pips":-92.00000000000003,"pipsPerTrade":-0.370967741935484}}}}},"withStopLoss":{"best":{"slowWma":189,"trades":305,"stopLoss":10,"pips":413.5999999999998,"pipsPerTrade":1.351633986928104},"worst":{"slowWma":164,"trades":234,"stopLoss":25,"pips":-235.89999999999998,"pipsPerTrade":-1.0038297872340425}}}