{"noStops":{"best":{"overall":{"slowWma":192,"trades":356,"pips":310.19999999999993,"pipsPerTrade":0.8689075630252099,"stopLoss":{"best":{"stopLoss":18,"pips":360.3,"pipsPerTrade":1.0092436974789916},"worst":{"stopLoss":8,"pips":24.999999999999968,"pipsPerTrade":0.0700280112044817}}},"perTrade":{"slowWma":165,"trades":247,"pips":273.99999999999994,"pipsPerTrade":1.104838709677419,"stopLoss":{"best":{"stopLoss":8,"pips":411.69999999999993,"pipsPerTrade":1.66008064516129},"worst":{"stopLoss":25,"pips":238.39999999999992,"pipsPerTrade":0.9612903225806448}}}},"worst":{"overall":{"slowWma":199,"trades":413,"pips":-309.0999999999999,"pipsPerTrade":-0.7466183574879225,"stopLoss":{"best":{"stopLoss":14,"pips":387.3999999999999,"pipsPerTrade":0.9357487922705312},"worst":{"stopLoss":2,"pips":18.099999999999937,"pipsPerTrade":0.04371980676328487}}},"perTrade":{"slowWma":176,"trades":256,"pips":-276.8999999999998,"pipsPerTrade":-1.0774319066147853,"stopLoss":{"best":{"stopLoss":16,"pips":249.30000000000007,"pipsPerTrade":0.9700389105058368},"worst":{"stopLoss":5,"pips":-76.1,"pipsPerTrade":-0.2961089494163424}}}}},"withStopLoss":{"best":{"slowWma":190,"trades":339,"stopLoss":20,"pips":702.6999999999999,"pipsPerTrade":2.0667647058823526},"worst":{"slowWma":161,"trades":366,"stopLoss":2,"pips":-184.29999999999998,"pipsPerTrade":-0.5021798365122615}}}