{"noStops":{"best":{"overall":{"slowWma":160,"trades":512,"pips":-39.09999999999993,"pipsPerTrade":-0.0762183235867445,"stopLoss":{"best":{"stopLoss":6,"pips":114.20000000000019,"pipsPerTrade":0.22261208576998087},"worst":{"stopLoss":24,"pips":-147.29999999999987,"pipsPerTrade":-0.28713450292397635}}},"perTrade":{"slowWma":160,"trades":512,"pips":-39.09999999999993,"pipsPerTrade":-0.0762183235867445,"stopLoss":{"best":{"stopLoss":6,"pips":114.20000000000019,"pipsPerTrade":0.22261208576998087},"worst":{"stopLoss":24,"pips":-147.29999999999987,"pipsPerTrade":-0.28713450292397635}}}},"worst":{"overall":{"slowWma":176,"trades":255,"pips":-528.1999999999998,"pipsPerTrade":-2.0632812499999993,"stopLoss":{"best":{"stopLoss":6,"pips":145,"pipsPerTrade":0.56640625},"worst":{"stopLoss":25,"pips":-101.9,"pipsPerTrade":-0.398046875}}},"perTrade":{"slowWma":177,"trades":239,"pips":-501.8999999999999,"pipsPerTrade":-2.0912499999999996,"stopLoss":{"best":{"stopLoss":6,"pips":203.00000000000003,"pipsPerTrade":0.8458333333333334},"worst":{"stopLoss":5,"pips":-104.50000000000003,"pipsPerTrade":-0.4354166666666668}}}}},"withStopLoss":{"best":{"slowWma":200,"trades":378,"stopLoss":9,"pips":517.6,"pipsPerTrade":1.3656992084432718},"worst":{"slowWma":163,"trades":267,"stopLoss":25,"pips":-312.7999999999999,"pipsPerTrade":-1.1671641791044773}}}