{"noStops":{"best":{"overall":{"slowWma":127,"trades":684,"pips":689.4999999999999,"pipsPerTrade":1.0065693430656932,"stopLoss":{"best":{"stopLoss":20,"pips":798.7000000000007,"pipsPerTrade":1.1659854014598552},"worst":{"stopLoss":6,"pips":-52.300000000000054,"pipsPerTrade":-0.07635036496350373}}},"perTrade":{"slowWma":59,"trades":450,"pips":662.5000000000003,"pipsPerTrade":1.4689578713968965,"stopLoss":{"best":{"stopLoss":25,"pips":573.8000000000003,"pipsPerTrade":1.272283813747229},"worst":{"stopLoss":6,"pips":121.10000000000007,"pipsPerTrade":0.2685144124168516}}}},"worst":{"overall":{"slowWma":192,"trades":1489,"pips":-366.3000000000002,"pipsPerTrade":-0.24583892617449676,"stopLoss":{"best":{"stopLoss":16,"pips":-102.90000000000003,"pipsPerTrade":-0.06906040268456379},"worst":{"stopLoss":12,"pips":-435.50000000000017,"pipsPerTrade":-0.292281879194631}}},"perTrade":{"slowWma":26,"trades":567,"pips":-262.3,"pipsPerTrade":-0.46179577464788735,"stopLoss":{"best":{"stopLoss":1,"pips":94.70000000000007,"pipsPerTrade":0.1667253521126762},"worst":{"stopLoss":15,"pips":-415.7999999999998,"pipsPerTrade":-0.7320422535211264}}}}},"withStopLoss":{"best":{"slowWma":124,"trades":775,"stopLoss":24,"pips":809.4000000000001,"pipsPerTrade":1.0430412371134021},"worst":{"slowWma":169,"trades":1270,"stopLoss":11,"pips":-541.9000000000001,"pipsPerTrade":-0.4263571990558616}}}