{"noStops":{"best":{"overall":{"slowWma":164,"trades":263,"pips":453.6,"pipsPerTrade":1.7181818181818183,"stopLoss":{"best":{"stopLoss":14,"pips":575.8999999999999,"pipsPerTrade":2.1814393939393932},"worst":{"stopLoss":5,"pips":320.3,"pipsPerTrade":1.2132575757575759}}},"perTrade":{"slowWma":164,"trades":263,"pips":453.6,"pipsPerTrade":1.7181818181818183,"stopLoss":{"best":{"stopLoss":14,"pips":575.8999999999999,"pipsPerTrade":2.1814393939393932},"worst":{"stopLoss":5,"pips":320.3,"pipsPerTrade":1.2132575757575759}}}},"worst":{"overall":{"slowWma":198,"trades":396,"pips":-243.99999999999994,"pipsPerTrade":-0.6146095717884129,"stopLoss":{"best":{"stopLoss":12,"pips":470.99999999999994,"pipsPerTrade":1.1863979848866497},"worst":{"stopLoss":1,"pips":-87.89999999999995,"pipsPerTrade":-0.22141057934508804}}},"perTrade":{"slowWma":178,"trades":221,"pips":-194.39999999999986,"pipsPerTrade":-0.8756756756756751,"stopLoss":{"best":{"stopLoss":9,"pips":450.69999999999993,"pipsPerTrade":2.0301801801801798},"worst":{"stopLoss":2,"pips":160.00000000000003,"pipsPerTrade":0.7207207207207208}}}}},"withStopLoss":{"best":{"slowWma":190,"trades":332,"stopLoss":18,"pips":880.3000000000001,"pipsPerTrade":2.6435435435435437},"worst":{"slowWma":162,"trades":361,"stopLoss":25,"pips":-118.6999999999996,"pipsPerTrade":-0.32790055248618677}}}