{"noStops":{"best":{"overall":{"slowWma":164,"trades":262,"pips":150.3,"pipsPerTrade":0.5714828897338403,"stopLoss":{"best":{"stopLoss":14,"pips":272.59999999999985,"pipsPerTrade":1.0365019011406837},"worst":{"stopLoss":5,"pips":17.00000000000002,"pipsPerTrade":0.06463878326996206}}},"perTrade":{"slowWma":164,"trades":262,"pips":150.3,"pipsPerTrade":0.5714828897338403,"stopLoss":{"best":{"stopLoss":14,"pips":272.59999999999985,"pipsPerTrade":1.0365019011406837},"worst":{"stopLoss":5,"pips":17.00000000000002,"pipsPerTrade":0.06463878326996206}}}},"worst":{"overall":{"slowWma":178,"trades":220,"pips":-469.89999999999986,"pipsPerTrade":-2.1262443438914023,"stopLoss":{"best":{"stopLoss":9,"pips":175.19999999999993,"pipsPerTrade":0.7927601809954749},"worst":{"stopLoss":2,"pips":-115.49999999999997,"pipsPerTrade":-0.5226244343891402}}},"perTrade":{"slowWma":178,"trades":220,"pips":-469.89999999999986,"pipsPerTrade":-2.1262443438914023,"stopLoss":{"best":{"stopLoss":9,"pips":175.19999999999993,"pipsPerTrade":0.7927601809954749},"worst":{"stopLoss":2,"pips":-115.49999999999997,"pipsPerTrade":-0.5226244343891402}}}}},"withStopLoss":{"best":{"slowWma":190,"trades":331,"stopLoss":18,"pips":578.3000000000001,"pipsPerTrade":1.7418674698795182},"worst":{"slowWma":162,"trades":359,"stopLoss":25,"pips":-253.1999999999996,"pipsPerTrade":-0.7033333333333321}}}