{"noStops":{"best":{"overall":{"slowWma":189,"trades":290,"pips":396.19999999999993,"pipsPerTrade":1.3615120274914088,"stopLoss":{"best":{"stopLoss":18,"pips":863.5000000000002,"pipsPerTrade":2.967353951890035},"worst":{"stopLoss":6,"pips":183.30000000000013,"pipsPerTrade":0.6298969072164953}}},"perTrade":{"slowWma":165,"trades":265,"pips":381.9000000000001,"pipsPerTrade":1.4357142857142862,"stopLoss":{"best":{"stopLoss":17,"pips":399.9000000000001,"pipsPerTrade":1.5033834586466168},"worst":{"stopLoss":1,"pips":30.999999999999886,"pipsPerTrade":0.11654135338345822}}}},"worst":{"overall":{"slowWma":199,"trades":368,"pips":-240.60000000000008,"pipsPerTrade":-0.6520325203252034,"stopLoss":{"best":{"stopLoss":19,"pips":361.90000000000003,"pipsPerTrade":0.980758807588076},"worst":{"stopLoss":7,"pips":-61,"pipsPerTrade":-0.16531165311653118}}},"perTrade":{"slowWma":198,"trades":320,"pips":-218.49999999999986,"pipsPerTrade":-0.6806853582554513,"stopLoss":{"best":{"stopLoss":19,"pips":459.30000000000007,"pipsPerTrade":1.4308411214953274},"worst":{"stopLoss":7,"pips":45.999999999999964,"pipsPerTrade":0.14330218068535813}}}}},"withStopLoss":{"best":{"slowWma":189,"trades":290,"stopLoss":18,"pips":863.5000000000002,"pipsPerTrade":2.967353951890035},"worst":{"slowWma":162,"trades":503,"stopLoss":11,"pips":-378.79999999999995,"pipsPerTrade":-0.7515873015873015}}}