{"noStops":{"best":{"overall":{"slowWma":189,"trades":289,"pips":108.59999999999994,"pipsPerTrade":0.3744827586206894,"stopLoss":{"best":{"stopLoss":18,"pips":575.9000000000002,"pipsPerTrade":1.985862068965518},"worst":{"stopLoss":6,"pips":183.30000000000013,"pipsPerTrade":0.6320689655172418}}},"perTrade":{"slowWma":189,"trades":289,"pips":108.59999999999994,"pipsPerTrade":0.3744827586206894,"stopLoss":{"best":{"stopLoss":18,"pips":575.9000000000002,"pipsPerTrade":1.985862068965518},"worst":{"stopLoss":6,"pips":183.30000000000013,"pipsPerTrade":0.6320689655172418}}}},"worst":{"overall":{"slowWma":162,"trades":501,"pips":-323.1999999999994,"pipsPerTrade":-0.643824701195218,"stopLoss":{"best":{"stopLoss":5,"pips":-255.79999999999998,"pipsPerTrade":-0.5095617529880477},"worst":{"stopLoss":11,"pips":-503.5,"pipsPerTrade":-1.002988047808765}}},"perTrade":{"slowWma":176,"trades":228,"pips":-319.50000000000017,"pipsPerTrade":-1.395196506550219,"stopLoss":{"best":{"stopLoss":6,"pips":382.8999999999999,"pipsPerTrade":1.6720524017467246},"worst":{"stopLoss":1,"pips":58.89999999999997,"pipsPerTrade":0.25720524017467233}}}}},"withStopLoss":{"best":{"slowWma":195,"trades":337,"stopLoss":14,"pips":601.9999999999999,"pipsPerTrade":1.7810650887573962},"worst":{"slowWma":162,"trades":501,"stopLoss":11,"pips":-503.5,"pipsPerTrade":-1.002988047808765}}}