{"noStops":{"best":{"overall":{"slowWma":164,"trades":350,"pips":422.59999999999997,"pipsPerTrade":1.2039886039886039,"stopLoss":{"best":{"stopLoss":5,"pips":223.39999999999998,"pipsPerTrade":0.6364672364672364},"worst":{"stopLoss":1,"pips":-83.30000000000001,"pipsPerTrade":-0.23732193732193735}}},"perTrade":{"slowWma":166,"trades":257,"pips":357.59999999999985,"pipsPerTrade":1.3860465116279064,"stopLoss":{"best":{"stopLoss":25,"pips":389.09999999999997,"pipsPerTrade":1.5081395348837208},"worst":{"stopLoss":2,"pips":-266.99999999999994,"pipsPerTrade":-1.0348837209302324}}}},"worst":{"overall":{"slowWma":195,"trades":329,"pips":-350.6999999999998,"pipsPerTrade":-1.062727272727272,"stopLoss":{"best":{"stopLoss":11,"pips":449.5999999999998,"pipsPerTrade":1.3624242424242419},"worst":{"stopLoss":2,"pips":113.09999999999985,"pipsPerTrade":0.34272727272727227}}},"perTrade":{"slowWma":195,"trades":329,"pips":-350.6999999999998,"pipsPerTrade":-1.062727272727272,"stopLoss":{"best":{"stopLoss":11,"pips":449.5999999999998,"pipsPerTrade":1.3624242424242419},"worst":{"stopLoss":2,"pips":113.09999999999985,"pipsPerTrade":0.34272727272727227}}}}},"withStopLoss":{"best":{"slowWma":189,"trades":259,"stopLoss":18,"pips":756.8999999999999,"pipsPerTrade":2.9111538461538458},"worst":{"slowWma":163,"trades":503,"stopLoss":7,"pips":-558.0000000000001,"pipsPerTrade":-1.1071428571428574}}}