{"noStops":{"best":{"overall":{"slowWma":168,"trades":251,"pips":302.49999999999994,"pipsPerTrade":1.2003968253968251,"stopLoss":{"best":{"stopLoss":14,"pips":457.9999999999999,"pipsPerTrade":1.817460317460317},"worst":{"stopLoss":24,"pips":245.4000000000001,"pipsPerTrade":0.9738095238095241}}},"perTrade":{"slowWma":168,"trades":251,"pips":302.49999999999994,"pipsPerTrade":1.2003968253968251,"stopLoss":{"best":{"stopLoss":14,"pips":457.9999999999999,"pipsPerTrade":1.817460317460317},"worst":{"stopLoss":24,"pips":245.4000000000001,"pipsPerTrade":0.9738095238095241}}}},"worst":{"overall":{"slowWma":195,"trades":351,"pips":-414.2,"pipsPerTrade":-1.1767045454545455,"stopLoss":{"best":{"stopLoss":20,"pips":277.4,"pipsPerTrade":0.7880681818181817},"worst":{"stopLoss":1,"pips":-7.7999999999999226,"pipsPerTrade":-0.022159090909090687}}},"perTrade":{"slowWma":195,"trades":351,"pips":-414.2,"pipsPerTrade":-1.1767045454545455,"stopLoss":{"best":{"stopLoss":20,"pips":277.4,"pipsPerTrade":0.7880681818181817},"worst":{"stopLoss":1,"pips":-7.7999999999999226,"pipsPerTrade":-0.022159090909090687}}}}},"withStopLoss":{"best":{"slowWma":175,"trades":215,"stopLoss":7,"pips":689.6000000000001,"pipsPerTrade":3.192592592592593},"worst":{"slowWma":165,"trades":355,"stopLoss":3,"pips":-427.89999999999986,"pipsPerTrade":-1.201966292134831}}}