{"noStops":{"best":{"overall":{"slowWma":168,"trades":250,"pips":44.8999999999999,"pipsPerTrade":0.17888446215139403,"stopLoss":{"best":{"stopLoss":14,"pips":200.39999999999986,"pipsPerTrade":0.7984063745019915},"worst":{"stopLoss":24,"pips":-12.199999999999939,"pipsPerTrade":-0.048605577689242785}}},"perTrade":{"slowWma":168,"trades":250,"pips":44.8999999999999,"pipsPerTrade":0.17888446215139403,"stopLoss":{"best":{"stopLoss":14,"pips":200.39999999999986,"pipsPerTrade":0.7984063745019915},"worst":{"stopLoss":24,"pips":-12.199999999999939,"pipsPerTrade":-0.048605577689242785}}}},"worst":{"overall":{"slowWma":179,"trades":234,"pips":-442.9000000000001,"pipsPerTrade":-1.8846808510638302,"stopLoss":{"best":{"stopLoss":14,"pips":73.99999999999999,"pipsPerTrade":0.31489361702127655},"worst":{"stopLoss":6,"pips":-181.29999999999995,"pipsPerTrade":-0.7714893617021275}}},"perTrade":{"slowWma":179,"trades":234,"pips":-442.9000000000001,"pipsPerTrade":-1.8846808510638302,"stopLoss":{"best":{"stopLoss":14,"pips":73.99999999999999,"pipsPerTrade":0.31489361702127655},"worst":{"stopLoss":6,"pips":-181.29999999999995,"pipsPerTrade":-0.7714893617021275}}}}},"withStopLoss":{"best":{"slowWma":194,"trades":344,"stopLoss":22,"pips":601.7999999999998,"pipsPerTrade":1.744347826086956},"worst":{"slowWma":165,"trades":353,"stopLoss":3,"pips":-553.9999999999999,"pipsPerTrade":-1.564971751412429}}}