{"noStops":{"best":{"overall":{"slowWma":168,"trades":269,"pips":523.3,"pipsPerTrade":1.938148148148148,"stopLoss":{"best":{"stopLoss":14,"pips":632.1999999999999,"pipsPerTrade":2.3414814814814813},"worst":{"stopLoss":6,"pips":219.1000000000001,"pipsPerTrade":0.8114814814814819}}},"perTrade":{"slowWma":168,"trades":269,"pips":523.3,"pipsPerTrade":1.938148148148148,"stopLoss":{"best":{"stopLoss":14,"pips":632.1999999999999,"pipsPerTrade":2.3414814814814813},"worst":{"stopLoss":6,"pips":219.1000000000001,"pipsPerTrade":0.8114814814814819}}}},"worst":{"overall":{"slowWma":196,"trades":319,"pips":-271.1999999999999,"pipsPerTrade":-0.8474999999999996,"stopLoss":{"best":{"stopLoss":8,"pips":310.29999999999984,"pipsPerTrade":0.9696874999999995},"worst":{"stopLoss":1,"pips":-144.00000000000006,"pipsPerTrade":-0.4500000000000002}}},"perTrade":{"slowWma":172,"trades":232,"pips":-210.49999999999997,"pipsPerTrade":-0.9034334763948496,"stopLoss":{"best":{"stopLoss":17,"pips":194.59999999999997,"pipsPerTrade":0.8351931330472101},"worst":{"stopLoss":14,"pips":-122.4,"pipsPerTrade":-0.5253218884120172}}}}},"withStopLoss":{"best":{"slowWma":175,"trades":214,"stopLoss":16,"pips":784.1,"pipsPerTrade":3.6469767441860466},"worst":{"slowWma":172,"trades":232,"stopLoss":14,"pips":-122.4,"pipsPerTrade":-0.5253218884120172}}}