{"noStops":{"best":{"overall":{"slowWma":168,"trades":268,"pips":276.8999999999999,"pipsPerTrade":1.0293680297397767,"stopLoss":{"best":{"stopLoss":14,"pips":385.7999999999999,"pipsPerTrade":1.4342007434944235},"worst":{"stopLoss":10,"pips":168.60000000000008,"pipsPerTrade":0.6267657992565059}}},"perTrade":{"slowWma":168,"trades":268,"pips":276.8999999999999,"pipsPerTrade":1.0293680297397767,"stopLoss":{"best":{"stopLoss":14,"pips":385.7999999999999,"pipsPerTrade":1.4342007434944235},"worst":{"stopLoss":10,"pips":168.60000000000008,"pipsPerTrade":0.6267657992565059}}}},"worst":{"overall":{"slowWma":172,"trades":231,"pips":-452.09999999999997,"pipsPerTrade":-1.948706896551724,"stopLoss":{"best":{"stopLoss":7,"pips":107.99999999999993,"pipsPerTrade":0.46551724137931005},"worst":{"stopLoss":25,"pips":-162.7,"pipsPerTrade":-0.7012931034482758}}},"perTrade":{"slowWma":172,"trades":231,"pips":-452.09999999999997,"pipsPerTrade":-1.948706896551724,"stopLoss":{"best":{"stopLoss":7,"pips":107.99999999999993,"pipsPerTrade":0.46551724137931005},"worst":{"stopLoss":25,"pips":-162.7,"pipsPerTrade":-0.7012931034482758}}}}},"withStopLoss":{"best":{"slowWma":194,"trades":334,"stopLoss":19,"pips":675.4999999999999,"pipsPerTrade":2.016417910447761},"worst":{"slowWma":169,"trades":243,"stopLoss":25,"pips":-50.400000000000006,"pipsPerTrade":-0.20655737704918034}}}