{"noStops":{"best":{"overall":{"slowWma":167,"trades":347,"pips":617.5,"pipsPerTrade":1.7744252873563218,"stopLoss":{"best":{"stopLoss":20,"pips":442.1000000000001,"pipsPerTrade":1.270402298850575},"worst":{"stopLoss":5,"pips":141.70000000000027,"pipsPerTrade":0.4071839080459778}}},"perTrade":{"slowWma":168,"trades":291,"pips":575.8000000000001,"pipsPerTrade":1.9719178082191784,"stopLoss":{"best":{"stopLoss":11,"pips":678.9000000000003,"pipsPerTrade":2.325000000000001},"worst":{"stopLoss":5,"pips":166.6000000000002,"pipsPerTrade":0.5705479452054801}}}},"worst":{"overall":{"slowWma":196,"trades":279,"pips":-481.39999999999986,"pipsPerTrade":-1.7192857142857139,"stopLoss":{"best":{"stopLoss":9,"pips":138.5999999999999,"pipsPerTrade":0.49499999999999966},"worst":{"stopLoss":8,"pips":-78.09999999999994,"pipsPerTrade":-0.2789285714285712}}},"perTrade":{"slowWma":196,"trades":279,"pips":-481.39999999999986,"pipsPerTrade":-1.7192857142857139,"stopLoss":{"best":{"stopLoss":9,"pips":138.5999999999999,"pipsPerTrade":0.49499999999999966},"worst":{"stopLoss":8,"pips":-78.09999999999994,"pipsPerTrade":-0.2789285714285712}}}}},"withStopLoss":{"best":{"slowWma":168,"trades":291,"stopLoss":11,"pips":678.9000000000003,"pipsPerTrade":2.325000000000001},"worst":{"slowWma":196,"trades":279,"stopLoss":8,"pips":-78.09999999999994,"pipsPerTrade":-0.2789285714285712}}}