{"noStops":{"best":{"overall":{"slowWma":168,"trades":353,"pips":279.89999999999986,"pipsPerTrade":0.7906779661016945,"stopLoss":{"best":{"stopLoss":20,"pips":139.8000000000001,"pipsPerTrade":0.3949152542372884},"worst":{"stopLoss":5,"pips":-74.60000000000014,"pipsPerTrade":-0.21073446327683654}}},"perTrade":{"slowWma":168,"trades":353,"pips":279.89999999999986,"pipsPerTrade":0.7906779661016945,"stopLoss":{"best":{"stopLoss":20,"pips":139.8000000000001,"pipsPerTrade":0.3949152542372884},"worst":{"stopLoss":5,"pips":-74.60000000000014,"pipsPerTrade":-0.21073446327683654}}}},"worst":{"overall":{"slowWma":171,"trades":250,"pips":-394.80000000000007,"pipsPerTrade":-1.5729083665338648,"stopLoss":{"best":{"stopLoss":1,"pips":108.30000000000013,"pipsPerTrade":0.43147410358565785},"worst":{"stopLoss":24,"pips":-170.70000000000002,"pipsPerTrade":-0.6800796812749005}}},"perTrade":{"slowWma":171,"trades":250,"pips":-394.80000000000007,"pipsPerTrade":-1.5729083665338648,"stopLoss":{"best":{"stopLoss":1,"pips":108.30000000000013,"pipsPerTrade":0.43147410358565785},"worst":{"stopLoss":24,"pips":-170.70000000000002,"pipsPerTrade":-0.6800796812749005}}}}},"withStopLoss":{"best":{"slowWma":196,"trades":334,"stopLoss":18,"pips":653.7000000000002,"pipsPerTrade":1.95134328358209},"worst":{"slowWma":179,"trades":235,"stopLoss":9,"pips":-253.00000000000006,"pipsPerTrade":-1.072033898305085}}}