{"noStops":{"best":{"overall":{"slowWma":168,"trades":355,"pips":553.1999999999998,"pipsPerTrade":1.5539325842696625,"stopLoss":{"best":{"stopLoss":14,"pips":247.19999999999993,"pipsPerTrade":0.6943820224719099},"worst":{"stopLoss":5,"pips":-85.90000000000013,"pipsPerTrade":-0.24129213483146106}}},"perTrade":{"slowWma":168,"trades":355,"pips":553.1999999999998,"pipsPerTrade":1.5539325842696625,"stopLoss":{"best":{"stopLoss":14,"pips":247.19999999999993,"pipsPerTrade":0.6943820224719099},"worst":{"stopLoss":5,"pips":-85.90000000000013,"pipsPerTrade":-0.24129213483146106}}}},"worst":{"overall":{"slowWma":191,"trades":328,"pips":-347.09999999999997,"pipsPerTrade":-1.055015197568389,"stopLoss":{"best":{"stopLoss":21,"pips":320.59999999999997,"pipsPerTrade":0.9744680851063828},"worst":{"stopLoss":12,"pips":-107.4,"pipsPerTrade":-0.3264437689969605}}},"perTrade":{"slowWma":192,"trades":308,"pips":-326.19999999999993,"pipsPerTrade":-1.0556634304207118,"stopLoss":{"best":{"stopLoss":23,"pips":347.5,"pipsPerTrade":1.1245954692556634},"worst":{"stopLoss":7,"pips":-67.09999999999998,"pipsPerTrade":-0.2171521035598705}}}}},"withStopLoss":{"best":{"slowWma":196,"trades":334,"stopLoss":18,"pips":653.7000000000002,"pipsPerTrade":1.95134328358209},"worst":{"slowWma":179,"trades":236,"stopLoss":6,"pips":-197.2,"pipsPerTrade":-0.8320675105485231}}}