{"noStops":{"best":{"overall":{"slowWma":168,"trades":486,"pips":619.5999999999998,"pipsPerTrade":1.272279260780287,"stopLoss":{"best":{"stopLoss":7,"pips":294.0999999999999,"pipsPerTrade":0.603901437371663},"worst":{"stopLoss":4,"pips":86.8,"pipsPerTrade":0.17823408624229978}}},"perTrade":{"slowWma":169,"trades":350,"pips":506.69999999999993,"pipsPerTrade":1.4435897435897433,"stopLoss":{"best":{"stopLoss":23,"pips":421.5000000000002,"pipsPerTrade":1.2008547008547015},"worst":{"stopLoss":12,"pips":-84.60000000000011,"pipsPerTrade":-0.24102564102564134}}}},"worst":{"overall":{"slowWma":192,"trades":275,"pips":-343.4000000000001,"pipsPerTrade":-1.244202898550725,"stopLoss":{"best":{"stopLoss":18,"pips":344.49999999999994,"pipsPerTrade":1.2481884057971013},"worst":{"stopLoss":13,"pips":-180.1,"pipsPerTrade":-0.652536231884058}}},"perTrade":{"slowWma":192,"trades":275,"pips":-343.4000000000001,"pipsPerTrade":-1.244202898550725,"stopLoss":{"best":{"stopLoss":18,"pips":344.49999999999994,"pipsPerTrade":1.2481884057971013},"worst":{"stopLoss":13,"pips":-180.1,"pipsPerTrade":-0.652536231884058}}}}},"withStopLoss":{"best":{"slowWma":197,"trades":304,"stopLoss":7,"pips":769.8000000000001,"pipsPerTrade":2.5239344262295083},"worst":{"slowWma":179,"trades":219,"stopLoss":6,"pips":-209.3,"pipsPerTrade":-0.9513636363636364}}}