{"noStops":{"best":{"overall":{"slowWma":168,"trades":484,"pips":342.29999999999984,"pipsPerTrade":0.7057731958762883,"stopLoss":{"best":{"stopLoss":5,"pips":180.39999999999992,"pipsPerTrade":0.3719587628865978},"worst":{"stopLoss":12,"pips":10.300000000000011,"pipsPerTrade":0.02123711340206188}}},"perTrade":{"slowWma":169,"trades":348,"pips":252.89999999999998,"pipsPerTrade":0.7246418338108882,"stopLoss":{"best":{"stopLoss":23,"pips":167.70000000000027,"pipsPerTrade":0.4805157593123217},"worst":{"stopLoss":12,"pips":-177.5000000000001,"pipsPerTrade":-0.5085959885386823}}}},"worst":{"overall":{"slowWma":172,"trades":247,"pips":-489.5,"pipsPerTrade":-1.9737903225806452,"stopLoss":{"best":{"stopLoss":16,"pips":-56.10000000000002,"pipsPerTrade":-0.22620967741935494},"worst":{"stopLoss":10,"pips":-320.5,"pipsPerTrade":-1.2923387096774193}}},"perTrade":{"slowWma":172,"trades":247,"pips":-489.5,"pipsPerTrade":-1.9737903225806452,"stopLoss":{"best":{"stopLoss":16,"pips":-56.10000000000002,"pipsPerTrade":-0.22620967741935494},"worst":{"stopLoss":10,"pips":-320.5,"pipsPerTrade":-1.2923387096774193}}}}},"withStopLoss":{"best":{"slowWma":197,"trades":304,"stopLoss":7,"pips":769.8000000000001,"pipsPerTrade":2.5239344262295083},"worst":{"slowWma":172,"trades":247,"stopLoss":10,"pips":-320.5,"pipsPerTrade":-1.2923387096774193}}}