{"noStops":{"best":{"overall":{"slowWma":196,"trades":260,"pips":-82.59999999999997,"pipsPerTrade":-0.3164750957854405,"stopLoss":{"best":{"stopLoss":7,"pips":724.2,"pipsPerTrade":2.774712643678161},"worst":{"stopLoss":2,"pips":305.5000000000001,"pipsPerTrade":1.170498084291188}}},"perTrade":{"slowWma":169,"trades":482,"pips":-128.99999999999986,"pipsPerTrade":-0.26708074534161463,"stopLoss":{"best":{"stopLoss":1,"pips":-38.199999999999946,"pipsPerTrade":-0.07908902691511376},"worst":{"stopLoss":16,"pips":-408.5000000000001,"pipsPerTrade":-0.8457556935817808}}}},"worst":{"overall":{"slowWma":173,"trades":238,"pips":-524.7000000000002,"pipsPerTrade":-2.1953974895397494,"stopLoss":{"best":{"stopLoss":4,"pips":174.70000000000007,"pipsPerTrade":0.7309623430962346},"worst":{"stopLoss":20,"pips":-51.50000000000005,"pipsPerTrade":-0.21548117154811736}}},"perTrade":{"slowWma":176,"trades":226,"pips":-499.9,"pipsPerTrade":-2.2022026431718063,"stopLoss":{"best":{"stopLoss":2,"pips":73.59999999999997,"pipsPerTrade":0.3242290748898677},"worst":{"stopLoss":9,"pips":-167.9,"pipsPerTrade":-0.739647577092511}}}}},"withStopLoss":{"best":{"slowWma":197,"trades":265,"stopLoss":7,"pips":725.9,"pipsPerTrade":2.7289473684210526},"worst":{"slowWma":171,"trades":287,"stopLoss":13,"pips":-426.70000000000005,"pipsPerTrade":-1.4815972222222225}}}