{"noStops":{"best":{"overall":{"slowWma":169,"trades":484,"pips":122.30000000000015,"pipsPerTrade":0.25216494845360854,"stopLoss":{"best":{"stopLoss":23,"pips":5.199999999999932,"pipsPerTrade":0.010721649484535942},"worst":{"stopLoss":16,"pips":-318.10000000000014,"pipsPerTrade":-0.6558762886597941}}},"perTrade":{"slowWma":183,"trades":213,"pips":66.90000000000006,"pipsPerTrade":0.31261682242990685,"stopLoss":{"best":{"stopLoss":19,"pips":370.5999999999999,"pipsPerTrade":1.731775700934579},"worst":{"stopLoss":4,"pips":-96.19999999999997,"pipsPerTrade":-0.4495327102803737}}}},"worst":{"overall":{"slowWma":191,"trades":288,"pips":-480.7999999999999,"pipsPerTrade":-1.6636678200692039,"stopLoss":{"best":{"stopLoss":18,"pips":211.60000000000014,"pipsPerTrade":0.7321799307958482},"worst":{"stopLoss":15,"pips":-272.0999999999999,"pipsPerTrade":-0.9415224913494806}}},"perTrade":{"slowWma":192,"trades":268,"pips":-471.20000000000016,"pipsPerTrade":-1.7516728624535323,"stopLoss":{"best":{"stopLoss":2,"pips":285.30000000000007,"pipsPerTrade":1.0605947955390338},"worst":{"stopLoss":25,"pips":-27.299999999999955,"pipsPerTrade":-0.10148698884758348}}}}},"withStopLoss":{"best":{"slowWma":197,"trades":265,"stopLoss":7,"pips":725.9,"pipsPerTrade":2.7289473684210526},"worst":{"slowWma":169,"trades":484,"stopLoss":16,"pips":-318.10000000000014,"pipsPerTrade":-0.6558762886597941}}}