{"noStops":{"best":{"overall":{"slowWma":197,"trades":293,"pips":19.90000000000012,"pipsPerTrade":0.06768707482993237,"stopLoss":{"best":{"stopLoss":18,"pips":350.20000000000005,"pipsPerTrade":1.1911564625850342},"worst":{"stopLoss":2,"pips":65.50000000000004,"pipsPerTrade":0.22278911564625864}}},"perTrade":{"slowWma":197,"trades":293,"pips":19.90000000000012,"pipsPerTrade":0.06768707482993237,"stopLoss":{"best":{"stopLoss":18,"pips":350.20000000000005,"pipsPerTrade":1.1911564625850342},"worst":{"stopLoss":2,"pips":65.50000000000004,"pipsPerTrade":0.22278911564625864}}}},"worst":{"overall":{"slowWma":192,"trades":262,"pips":-473.20000000000016,"pipsPerTrade":-1.7992395437262363,"stopLoss":{"best":{"stopLoss":5,"pips":322.20000000000005,"pipsPerTrade":1.2250950570342207},"worst":{"stopLoss":25,"pips":-7.899999999999977,"pipsPerTrade":-0.030038022813688125}}},"perTrade":{"slowWma":179,"trades":219,"pips":-438.20000000000005,"pipsPerTrade":-1.991818181818182,"stopLoss":{"best":{"stopLoss":3,"pips":-161.70000000000007,"pipsPerTrade":-0.7350000000000003},"worst":{"stopLoss":8,"pips":-420.60000000000014,"pipsPerTrade":-1.9118181818181825}}}}},"withStopLoss":{"best":{"slowWma":195,"trades":309,"stopLoss":7,"pips":604.6999999999999,"pipsPerTrade":1.9506451612903224},"worst":{"slowWma":179,"trades":219,"stopLoss":8,"pips":-420.60000000000014,"pipsPerTrade":-1.9118181818181825}}}