{"noStops":{"best":{"overall":{"slowWma":170,"trades":478,"pips":151.10000000000005,"pipsPerTrade":0.31544885177453036,"stopLoss":{"best":{"stopLoss":22,"pips":383.5999999999998,"pipsPerTrade":0.8008350730688931},"worst":{"stopLoss":5,"pips":-253.00000000000009,"pipsPerTrade":-0.5281837160751568}}},"perTrade":{"slowWma":182,"trades":233,"pips":91.30000000000015,"pipsPerTrade":0.39017094017094084,"stopLoss":{"best":{"stopLoss":21,"pips":509.69999999999993,"pipsPerTrade":2.178205128205128},"worst":{"stopLoss":12,"pips":-161.79999999999998,"pipsPerTrade":-0.6914529914529913}}}},"worst":{"overall":{"slowWma":192,"trades":262,"pips":-473.20000000000016,"pipsPerTrade":-1.7992395437262363,"stopLoss":{"best":{"stopLoss":5,"pips":322.20000000000005,"pipsPerTrade":1.2250950570342207},"worst":{"stopLoss":25,"pips":-7.899999999999977,"pipsPerTrade":-0.030038022813688125}}},"perTrade":{"slowWma":192,"trades":262,"pips":-473.20000000000016,"pipsPerTrade":-1.7992395437262363,"stopLoss":{"best":{"stopLoss":5,"pips":322.20000000000005,"pipsPerTrade":1.2250950570342207},"worst":{"stopLoss":25,"pips":-7.899999999999977,"pipsPerTrade":-0.030038022813688125}}}}},"withStopLoss":{"best":{"slowWma":195,"trades":309,"stopLoss":7,"pips":604.6999999999999,"pipsPerTrade":1.9506451612903224},"worst":{"slowWma":179,"trades":220,"stopLoss":6,"pips":-339.5,"pipsPerTrade":-1.5361990950226245}}}