{"noStops":{"best":{"overall":{"slowWma":124,"trades":685,"pips":693.9,"pipsPerTrade":1.0115160349854226,"stopLoss":{"best":{"stopLoss":20,"pips":757.4000000000003,"pipsPerTrade":1.1040816326530616},"worst":{"stopLoss":2,"pips":-49.3999999999999,"pipsPerTrade":-0.07201166180758002}}},"perTrade":{"slowWma":60,"trades":397,"pips":514.1000000000003,"pipsPerTrade":1.2917085427135684,"stopLoss":{"best":{"stopLoss":10,"pips":360.4,"pipsPerTrade":0.9055276381909547},"worst":{"stopLoss":2,"pips":-73.19999999999968,"pipsPerTrade":-0.18391959798994895}}}},"worst":{"overall":{"slowWma":192,"trades":1505,"pips":-351.20000000000016,"pipsPerTrade":-0.23320053120849943,"stopLoss":{"best":{"stopLoss":8,"pips":110.69999999999999,"pipsPerTrade":0.07350597609561753},"worst":{"stopLoss":5,"pips":-216.2000000000002,"pipsPerTrade":-0.14355909694555125}}},"perTrade":{"slowWma":28,"trades":545,"pips":-214.40000000000015,"pipsPerTrade":-0.39267399267399294,"stopLoss":{"best":{"stopLoss":1,"pips":200.6999999999999,"pipsPerTrade":0.3675824175824174},"worst":{"stopLoss":14,"pips":-265.9000000000002,"pipsPerTrade":-0.4869963369963374}}}}},"withStopLoss":{"best":{"slowWma":125,"trades":803,"stopLoss":20,"pips":801.1000000000009,"pipsPerTrade":0.9963930348258718},"worst":{"slowWma":19,"trades":1187,"stopLoss":15,"pips":-804.6999999999987,"pipsPerTrade":-0.6773569023569013}}}