{"noStops":{"best":{"overall":{"slowWma":172,"trades":346,"pips":200.69999999999993,"pipsPerTrade":0.5783861671469739,"stopLoss":{"best":{"stopLoss":19,"pips":225.7999999999999,"pipsPerTrade":0.6507204610951006},"worst":{"stopLoss":5,"pips":-16.299999999999955,"pipsPerTrade":-0.046974063400576235}}},"perTrade":{"slowWma":172,"trades":346,"pips":200.69999999999993,"pipsPerTrade":0.5783861671469739,"stopLoss":{"best":{"stopLoss":19,"pips":225.7999999999999,"pipsPerTrade":0.6507204610951006},"worst":{"stopLoss":5,"pips":-16.299999999999955,"pipsPerTrade":-0.046974063400576235}}}},"worst":{"overall":{"slowWma":191,"trades":298,"pips":-427.80000000000007,"pipsPerTrade":-1.430769230769231,"stopLoss":{"best":{"stopLoss":5,"pips":289.59999999999997,"pipsPerTrade":0.9685618729096989},"worst":{"stopLoss":25,"pips":58.400000000000006,"pipsPerTrade":0.1953177257525084}}},"perTrade":{"slowWma":192,"trades":282,"pips":-416.8000000000003,"pipsPerTrade":-1.47279151943463,"stopLoss":{"best":{"stopLoss":5,"pips":366.8999999999999,"pipsPerTrade":1.2964664310954062},"worst":{"stopLoss":21,"pips":127.2000000000001,"pipsPerTrade":0.44946996466431133}}}}},"withStopLoss":{"best":{"slowWma":197,"trades":312,"stopLoss":14,"pips":598.2,"pipsPerTrade":1.9111821086261982},"worst":{"slowWma":179,"trades":236,"stopLoss":4,"pips":-325.29999999999995,"pipsPerTrade":-1.3725738396624472}}}