{"noStops":{"best":{"overall":{"slowWma":197,"trades":312,"pips":52.60000000000002,"pipsPerTrade":0.1680511182108627,"stopLoss":{"best":{"stopLoss":14,"pips":598.2,"pipsPerTrade":1.9111821086261982},"worst":{"stopLoss":2,"pips":97,"pipsPerTrade":0.30990415335463256}}},"perTrade":{"slowWma":197,"trades":312,"pips":52.60000000000002,"pipsPerTrade":0.1680511182108627,"stopLoss":{"best":{"stopLoss":14,"pips":598.2,"pipsPerTrade":1.9111821086261982},"worst":{"stopLoss":2,"pips":97,"pipsPerTrade":0.30990415335463256}}}},"worst":{"overall":{"slowWma":179,"trades":235,"pips":-532.2,"pipsPerTrade":-2.255084745762712,"stopLoss":{"best":{"stopLoss":1,"pips":-156.59999999999994,"pipsPerTrade":-0.663559322033898},"worst":{"stopLoss":13,"pips":-444.30000000000007,"pipsPerTrade":-1.8826271186440682}}},"perTrade":{"slowWma":179,"trades":235,"pips":-532.2,"pipsPerTrade":-2.255084745762712,"stopLoss":{"best":{"stopLoss":1,"pips":-156.59999999999994,"pipsPerTrade":-0.663559322033898},"worst":{"stopLoss":13,"pips":-444.30000000000007,"pipsPerTrade":-1.8826271186440682}}}}},"withStopLoss":{"best":{"slowWma":197,"trades":312,"stopLoss":14,"pips":598.2,"pipsPerTrade":1.9111821086261982},"worst":{"slowWma":179,"trades":235,"stopLoss":13,"pips":-444.30000000000007,"pipsPerTrade":-1.8826271186440682}}}