{"noStops":{"best":{"overall":{"slowWma":197,"trades":280,"pips":109.5,"pipsPerTrade":0.3896797153024911,"stopLoss":{"best":{"stopLoss":7,"pips":663.2999999999997,"pipsPerTrade":2.3604982206405682},"worst":{"stopLoss":1,"pips":135.59999999999997,"pipsPerTrade":0.48256227758007103}}},"perTrade":{"slowWma":197,"trades":280,"pips":109.5,"pipsPerTrade":0.3896797153024911,"stopLoss":{"best":{"stopLoss":7,"pips":663.2999999999997,"pipsPerTrade":2.3604982206405682},"worst":{"stopLoss":1,"pips":135.59999999999997,"pipsPerTrade":0.48256227758007103}}}},"worst":{"overall":{"slowWma":178,"trades":218,"pips":-497,"pipsPerTrade":-2.269406392694064,"stopLoss":{"best":{"stopLoss":2,"pips":-99.20000000000003,"pipsPerTrade":-0.4529680365296805},"worst":{"stopLoss":13,"pips":-310.2000000000001,"pipsPerTrade":-1.416438356164384}}},"perTrade":{"slowWma":178,"trades":218,"pips":-497,"pipsPerTrade":-2.269406392694064,"stopLoss":{"best":{"stopLoss":2,"pips":-99.20000000000003,"pipsPerTrade":-0.4529680365296805},"worst":{"stopLoss":13,"pips":-310.2000000000001,"pipsPerTrade":-1.416438356164384}}}}},"withStopLoss":{"best":{"slowWma":200,"trades":294,"stopLoss":5,"pips":675.0999999999999,"pipsPerTrade":2.2884745762711862},"worst":{"slowWma":172,"trades":475,"stopLoss":6,"pips":-324.3,"pipsPerTrade":-0.6813025210084034}}}