{"noStops":{"best":{"overall":{"slowWma":197,"trades":276,"pips":139.40000000000003,"pipsPerTrade":0.5032490974729243,"stopLoss":{"best":{"stopLoss":5,"pips":610.8,"pipsPerTrade":2.2050541516245485},"worst":{"stopLoss":13,"pips":323.7,"pipsPerTrade":1.1685920577617328}}},"perTrade":{"slowWma":197,"trades":276,"pips":139.40000000000003,"pipsPerTrade":0.5032490974729243,"stopLoss":{"best":{"stopLoss":5,"pips":610.8,"pipsPerTrade":2.2050541516245485},"worst":{"stopLoss":13,"pips":323.7,"pipsPerTrade":1.1685920577617328}}}},"worst":{"overall":{"slowWma":176,"trades":256,"pips":-431.79999999999995,"pipsPerTrade":-1.680155642023346,"stopLoss":{"best":{"stopLoss":21,"pips":128.80000000000013,"pipsPerTrade":0.5011673151750977},"worst":{"stopLoss":13,"pips":-102.39999999999995,"pipsPerTrade":-0.39844357976653677}}},"perTrade":{"slowWma":176,"trades":256,"pips":-431.79999999999995,"pipsPerTrade":-1.680155642023346,"stopLoss":{"best":{"stopLoss":21,"pips":128.80000000000013,"pipsPerTrade":0.5011673151750977},"worst":{"stopLoss":13,"pips":-102.39999999999995,"pipsPerTrade":-0.39844357976653677}}}}},"withStopLoss":{"best":{"slowWma":200,"trades":261,"stopLoss":9,"pips":678.8000000000001,"pipsPerTrade":2.5908396946564887},"worst":{"slowWma":179,"trades":217,"stopLoss":13,"pips":-210.50000000000006,"pipsPerTrade":-0.9655963302752296}}}