{"noStops":{"best":{"overall":{"slowWma":173,"trades":476,"pips":309.70000000000005,"pipsPerTrade":0.649266247379455,"stopLoss":{"best":{"stopLoss":22,"pips":318.1000000000002,"pipsPerTrade":0.6668763102725371},"worst":{"stopLoss":2,"pips":-114.99999999999982,"pipsPerTrade":-0.24109014675052373}}},"perTrade":{"slowWma":183,"trades":217,"pips":211.10000000000008,"pipsPerTrade":0.9683486238532114,"stopLoss":{"best":{"stopLoss":21,"pips":600.5,"pipsPerTrade":2.7545871559633026},"worst":{"stopLoss":4,"pips":-61.80000000000001,"pipsPerTrade":-0.28348623853211014}}}},"worst":{"overall":{"slowWma":191,"trades":283,"pips":-389.6999999999999,"pipsPerTrade":-1.3721830985915489,"stopLoss":{"best":{"stopLoss":4,"pips":176.59999999999982,"pipsPerTrade":0.6218309859154924},"worst":{"stopLoss":13,"pips":-170.70000000000005,"pipsPerTrade":-0.6010563380281692}}},"perTrade":{"slowWma":192,"trades":223,"pips":-361.30000000000007,"pipsPerTrade":-1.6129464285714288,"stopLoss":{"best":{"stopLoss":7,"pips":173.29999999999995,"pipsPerTrade":0.773660714285714},"worst":{"stopLoss":2,"pips":-78.50000000000001,"pipsPerTrade":-0.35044642857142866}}}}},"withStopLoss":{"best":{"slowWma":180,"trades":220,"stopLoss":20,"pips":693.0999999999999,"pipsPerTrade":3.136199095022624},"worst":{"slowWma":192,"trades":223,"stopLoss":2,"pips":-78.50000000000001,"pipsPerTrade":-0.35044642857142866}}}