{"noStops":{"best":{"overall":{"slowWma":199,"trades":307,"pips":89.79999999999993,"pipsPerTrade":0.2915584415584413,"stopLoss":{"best":{"stopLoss":19,"pips":600.1999999999999,"pipsPerTrade":1.9487012987012984},"worst":{"stopLoss":1,"pips":-153.79999999999998,"pipsPerTrade":-0.4993506493506493}}},"perTrade":{"slowWma":199,"trades":307,"pips":89.79999999999993,"pipsPerTrade":0.2915584415584413,"stopLoss":{"best":{"stopLoss":19,"pips":600.1999999999999,"pipsPerTrade":1.9487012987012984},"worst":{"stopLoss":1,"pips":-153.79999999999998,"pipsPerTrade":-0.4993506493506493}}}},"worst":{"overall":{"slowWma":177,"trades":262,"pips":-394.5,"pipsPerTrade":-1.5,"stopLoss":{"best":{"stopLoss":19,"pips":137.5,"pipsPerTrade":0.5228136882129277},"worst":{"stopLoss":4,"pips":-83.60000000000005,"pipsPerTrade":-0.31787072243346026}}},"perTrade":{"slowWma":179,"trades":226,"pips":-392.7,"pipsPerTrade":-1.7299559471365638,"stopLoss":{"best":{"stopLoss":21,"pips":144.1,"pipsPerTrade":0.6348017621145374},"worst":{"stopLoss":4,"pips":-263.2000000000001,"pipsPerTrade":-1.159471365638767}}}}},"withStopLoss":{"best":{"slowWma":200,"trades":285,"stopLoss":12,"pips":727.8000000000001,"pipsPerTrade":2.544755244755245},"worst":{"slowWma":175,"trades":325,"stopLoss":13,"pips":-254.60000000000014,"pipsPerTrade":-0.7809815950920249}}}