{"noStops":{"best":{"overall":{"slowWma":174,"trades":470,"pips":187.99999999999997,"pipsPerTrade":0.39915074309978765,"stopLoss":{"best":{"stopLoss":7,"pips":208.79999999999995,"pipsPerTrade":0.4433121019108279},"worst":{"stopLoss":1,"pips":-123.7,"pipsPerTrade":-0.26263269639065817}}},"perTrade":{"slowWma":181,"trades":210,"pips":141.70000000000002,"pipsPerTrade":0.6715639810426541,"stopLoss":{"best":{"stopLoss":17,"pips":613.2999999999998,"pipsPerTrade":2.906635071090047},"worst":{"stopLoss":4,"pips":-209.70000000000002,"pipsPerTrade":-0.9938388625592418}}}},"worst":{"overall":{"slowWma":191,"trades":254,"pips":-325.4000000000001,"pipsPerTrade":-1.2760784313725493,"stopLoss":{"best":{"stopLoss":6,"pips":126.99999999999984,"pipsPerTrade":0.4980392156862739},"worst":{"stopLoss":2,"pips":-87.00000000000001,"pipsPerTrade":-0.34117647058823536}}},"perTrade":{"slowWma":186,"trades":218,"pips":-318.4000000000001,"pipsPerTrade":-1.453881278538813,"stopLoss":{"best":{"stopLoss":3,"pips":320,"pipsPerTrade":1.461187214611872},"worst":{"stopLoss":12,"pips":-64.79999999999997,"pipsPerTrade":-0.29589041095890395}}}}},"withStopLoss":{"best":{"slowWma":200,"trades":285,"stopLoss":12,"pips":727.8000000000001,"pipsPerTrade":2.544755244755245},"worst":{"slowWma":191,"trades":254,"stopLoss":2,"pips":-87.00000000000001,"pipsPerTrade":-0.34117647058823536}}}