{"noStops":{"best":{"overall":{"slowWma":198,"trades":271,"pips":34.100000000000136,"pipsPerTrade":0.12536764705882403,"stopLoss":{"best":{"stopLoss":12,"pips":594.3000000000001,"pipsPerTrade":2.1849264705882354},"worst":{"stopLoss":1,"pips":-113.09999999999998,"pipsPerTrade":-0.4158088235294117}}},"perTrade":{"slowWma":198,"trades":271,"pips":34.100000000000136,"pipsPerTrade":0.12536764705882403,"stopLoss":{"best":{"stopLoss":12,"pips":594.3000000000001,"pipsPerTrade":2.1849264705882354},"worst":{"stopLoss":1,"pips":-113.09999999999998,"pipsPerTrade":-0.4158088235294117}}}},"worst":{"overall":{"slowWma":179,"trades":237,"pips":-337.8999999999998,"pipsPerTrade":-1.419747899159663,"stopLoss":{"best":{"stopLoss":19,"pips":277.10000000000025,"pipsPerTrade":1.1642857142857153},"worst":{"stopLoss":13,"pips":-203.09999999999997,"pipsPerTrade":-0.853361344537815}}},"perTrade":{"slowWma":179,"trades":237,"pips":-337.8999999999998,"pipsPerTrade":-1.419747899159663,"stopLoss":{"best":{"stopLoss":19,"pips":277.10000000000025,"pipsPerTrade":1.1642857142857153},"worst":{"stopLoss":13,"pips":-203.09999999999997,"pipsPerTrade":-0.853361344537815}}}}},"withStopLoss":{"best":{"slowWma":200,"trades":255,"stopLoss":12,"pips":671.1,"pipsPerTrade":2.621484375},"worst":{"slowWma":176,"trades":326,"stopLoss":4,"pips":-238.4000000000002,"pipsPerTrade":-0.7290519877675847}}}