{"noStops":{"best":{"overall":{"slowWma":182,"trades":218,"pips":207.69999999999993,"pipsPerTrade":0.9484018264840179,"stopLoss":{"best":{"stopLoss":21,"pips":550.2,"pipsPerTrade":2.5123287671232877},"worst":{"stopLoss":2,"pips":99.40000000000002,"pipsPerTrade":0.4538812785388129}}},"perTrade":{"slowWma":182,"trades":218,"pips":207.69999999999993,"pipsPerTrade":0.9484018264840179,"stopLoss":{"best":{"stopLoss":21,"pips":550.2,"pipsPerTrade":2.5123287671232877},"worst":{"stopLoss":2,"pips":99.40000000000002,"pipsPerTrade":0.4538812785388129}}}},"worst":{"overall":{"slowWma":189,"trades":214,"pips":-301.6000000000003,"pipsPerTrade":-1.40279069767442,"stopLoss":{"best":{"stopLoss":6,"pips":314.29999999999967,"pipsPerTrade":1.4618604651162774},"worst":{"stopLoss":15,"pips":4.299999999999962,"pipsPerTrade":0.01999999999999982}}},"perTrade":{"slowWma":189,"trades":214,"pips":-301.6000000000003,"pipsPerTrade":-1.40279069767442,"stopLoss":{"best":{"stopLoss":6,"pips":314.29999999999967,"pipsPerTrade":1.4618604651162774},"worst":{"stopLoss":15,"pips":4.299999999999962,"pipsPerTrade":0.01999999999999982}}}}},"withStopLoss":{"best":{"slowWma":181,"trades":206,"stopLoss":16,"pips":703.9000000000001,"pipsPerTrade":3.4004830917874402},"worst":{"slowWma":188,"trades":227,"stopLoss":22,"pips":-89.60000000000011,"pipsPerTrade":-0.3929824561403514}}}