{"noStops":{"best":{"overall":{"slowWma":197,"trades":259,"pips":13.800000000000068,"pipsPerTrade":0.05307692307692334,"stopLoss":{"best":{"stopLoss":12,"pips":532.0000000000001,"pipsPerTrade":2.0461538461538464},"worst":{"stopLoss":1,"pips":-131.9,"pipsPerTrade":-0.5073076923076923}}},"perTrade":{"slowWma":197,"trades":259,"pips":13.800000000000068,"pipsPerTrade":0.05307692307692334,"stopLoss":{"best":{"stopLoss":12,"pips":532.0000000000001,"pipsPerTrade":2.0461538461538464},"worst":{"stopLoss":1,"pips":-131.9,"pipsPerTrade":-0.5073076923076923}}}},"worst":{"overall":{"slowWma":185,"trades":215,"pips":-397.2000000000001,"pipsPerTrade":-1.8388888888888895,"stopLoss":{"best":{"stopLoss":3,"pips":117.89999999999988,"pipsPerTrade":0.5458333333333327},"worst":{"stopLoss":11,"pips":-207.99999999999997,"pipsPerTrade":-0.9629629629629628}}},"perTrade":{"slowWma":185,"trades":215,"pips":-397.2000000000001,"pipsPerTrade":-1.8388888888888895,"stopLoss":{"best":{"stopLoss":3,"pips":117.89999999999988,"pipsPerTrade":0.5458333333333327},"worst":{"stopLoss":11,"pips":-207.99999999999997,"pipsPerTrade":-0.9629629629629628}}}}},"withStopLoss":{"best":{"slowWma":200,"trades":248,"stopLoss":12,"pips":675.3000000000001,"pipsPerTrade":2.7120481927710847},"worst":{"slowWma":176,"trades":466,"stopLoss":16,"pips":-412.7999999999999,"pipsPerTrade":-0.8839400428265523}}}