{"noStops":{"best":{"overall":{"slowWma":181,"trades":223,"pips":203.5,"pipsPerTrade":0.9084821428571429,"stopLoss":{"best":{"stopLoss":16,"pips":648.9000000000001,"pipsPerTrade":2.8968750000000005},"worst":{"stopLoss":12,"pips":113.39999999999993,"pipsPerTrade":0.5062499999999998}}},"perTrade":{"slowWma":181,"trades":223,"pips":203.5,"pipsPerTrade":0.9084821428571429,"stopLoss":{"best":{"stopLoss":16,"pips":648.9000000000001,"pipsPerTrade":2.8968750000000005},"worst":{"stopLoss":12,"pips":113.39999999999993,"pipsPerTrade":0.5062499999999998}}}},"worst":{"overall":{"slowWma":185,"trades":215,"pips":-397.2000000000001,"pipsPerTrade":-1.8388888888888895,"stopLoss":{"best":{"stopLoss":3,"pips":117.89999999999988,"pipsPerTrade":0.5458333333333327},"worst":{"stopLoss":11,"pips":-207.99999999999997,"pipsPerTrade":-0.9629629629629628}}},"perTrade":{"slowWma":185,"trades":215,"pips":-397.2000000000001,"pipsPerTrade":-1.8388888888888895,"stopLoss":{"best":{"stopLoss":3,"pips":117.89999999999988,"pipsPerTrade":0.5458333333333327},"worst":{"stopLoss":11,"pips":-207.99999999999997,"pipsPerTrade":-0.9629629629629628}}}}},"withStopLoss":{"best":{"slowWma":179,"trades":258,"stopLoss":19,"pips":688.4000000000001,"pipsPerTrade":2.657915057915058},"worst":{"slowWma":185,"trades":215,"stopLoss":11,"pips":-207.99999999999997,"pipsPerTrade":-0.9629629629629628}}}