{"noStops":{"best":{"overall":{"slowWma":200,"trades":241,"pips":69.50000000000011,"pipsPerTrade":0.2871900826446286,"stopLoss":{"best":{"stopLoss":6,"pips":697.4000000000001,"pipsPerTrade":2.8818181818181823},"worst":{"stopLoss":25,"pips":371.50000000000006,"pipsPerTrade":1.535123966942149}}},"perTrade":{"slowWma":200,"trades":241,"pips":69.50000000000011,"pipsPerTrade":0.2871900826446286,"stopLoss":{"best":{"stopLoss":6,"pips":697.4000000000001,"pipsPerTrade":2.8818181818181823},"worst":{"stopLoss":25,"pips":371.50000000000006,"pipsPerTrade":1.535123966942149}}}},"worst":{"overall":{"slowWma":186,"trades":215,"pips":-407.30000000000024,"pipsPerTrade":-1.8856481481481493,"stopLoss":{"best":{"stopLoss":7,"pips":128.79999999999995,"pipsPerTrade":0.5962962962962961},"worst":{"stopLoss":17,"pips":-168.9999999999999,"pipsPerTrade":-0.7824074074074069}}},"perTrade":{"slowWma":186,"trades":215,"pips":-407.30000000000024,"pipsPerTrade":-1.8856481481481493,"stopLoss":{"best":{"stopLoss":7,"pips":128.79999999999995,"pipsPerTrade":0.5962962962962961},"worst":{"stopLoss":17,"pips":-168.9999999999999,"pipsPerTrade":-0.7824074074074069}}}}},"withStopLoss":{"best":{"slowWma":200,"trades":241,"stopLoss":6,"pips":697.4000000000001,"pipsPerTrade":2.8818181818181823},"worst":{"slowWma":182,"trades":224,"stopLoss":12,"pips":-401.6,"pipsPerTrade":-1.784888888888889}}}