{"noStops":{"best":{"overall":{"slowWma":200,"trades":262,"pips":-50.299999999999955,"pipsPerTrade":-0.19125475285171084,"stopLoss":{"best":{"stopLoss":13,"pips":510.90000000000003,"pipsPerTrade":1.9425855513307986},"worst":{"stopLoss":25,"pips":246.09999999999997,"pipsPerTrade":0.93574144486692}}},"perTrade":{"slowWma":200,"trades":262,"pips":-50.299999999999955,"pipsPerTrade":-0.19125475285171084,"stopLoss":{"best":{"stopLoss":13,"pips":510.90000000000003,"pipsPerTrade":1.9425855513307986},"worst":{"stopLoss":25,"pips":246.09999999999997,"pipsPerTrade":0.93574144486692}}}},"worst":{"overall":{"slowWma":186,"trades":218,"pips":-419.1999999999999,"pipsPerTrade":-1.914155251141552,"stopLoss":{"best":{"stopLoss":7,"pips":184.4000000000001,"pipsPerTrade":0.8420091324200918},"worst":{"stopLoss":15,"pips":-120.30000000000007,"pipsPerTrade":-0.549315068493151}}},"perTrade":{"slowWma":186,"trades":218,"pips":-419.1999999999999,"pipsPerTrade":-1.914155251141552,"stopLoss":{"best":{"stopLoss":7,"pips":184.4000000000001,"pipsPerTrade":0.8420091324200918},"worst":{"stopLoss":15,"pips":-120.30000000000007,"pipsPerTrade":-0.549315068493151}}}}},"withStopLoss":{"best":{"slowWma":183,"trades":211,"stopLoss":7,"pips":670.7999999999997,"pipsPerTrade":3.164150943396225},"worst":{"slowWma":178,"trades":456,"stopLoss":15,"pips":-359.59999999999974,"pipsPerTrade":-0.7868708971553605}}}