{"noStops":{"best":{"overall":{"slowWma":179,"trades":325,"pips":75.79999999999988,"pipsPerTrade":0.2325153374233125,"stopLoss":{"best":{"stopLoss":25,"pips":677.9000000000001,"pipsPerTrade":2.0794478527607363},"worst":{"stopLoss":3,"pips":334.5,"pipsPerTrade":1.0260736196319018}}},"perTrade":{"slowWma":179,"trades":325,"pips":75.79999999999988,"pipsPerTrade":0.2325153374233125,"stopLoss":{"best":{"stopLoss":25,"pips":677.9000000000001,"pipsPerTrade":2.0794478527607363},"worst":{"stopLoss":3,"pips":334.5,"pipsPerTrade":1.0260736196319018}}}},"worst":{"overall":{"slowWma":186,"trades":218,"pips":-419.1999999999999,"pipsPerTrade":-1.914155251141552,"stopLoss":{"best":{"stopLoss":7,"pips":184.4000000000001,"pipsPerTrade":0.8420091324200918},"worst":{"stopLoss":15,"pips":-120.30000000000007,"pipsPerTrade":-0.549315068493151}}},"perTrade":{"slowWma":186,"trades":218,"pips":-419.1999999999999,"pipsPerTrade":-1.914155251141552,"stopLoss":{"best":{"stopLoss":7,"pips":184.4000000000001,"pipsPerTrade":0.8420091324200918},"worst":{"stopLoss":15,"pips":-120.30000000000007,"pipsPerTrade":-0.549315068493151}}}}},"withStopLoss":{"best":{"slowWma":179,"trades":325,"stopLoss":25,"pips":677.9000000000001,"pipsPerTrade":2.0794478527607363},"worst":{"slowWma":186,"trades":218,"stopLoss":15,"pips":-120.30000000000007,"pipsPerTrade":-0.549315068493151}}}