{"noStops":{"best":{"overall":{"slowWma":180,"trades":325,"pips":38.09999999999988,"pipsPerTrade":0.11687116564417141,"stopLoss":{"best":{"stopLoss":24,"pips":459.49999999999983,"pipsPerTrade":1.4095092024539873},"worst":{"stopLoss":1,"pips":21.200000000000024,"pipsPerTrade":0.06503067484662584}}},"perTrade":{"slowWma":180,"trades":325,"pips":38.09999999999988,"pipsPerTrade":0.11687116564417141,"stopLoss":{"best":{"stopLoss":24,"pips":459.49999999999983,"pipsPerTrade":1.4095092024539873},"worst":{"stopLoss":1,"pips":21.200000000000024,"pipsPerTrade":0.06503067484662584}}}},"worst":{"overall":{"slowWma":186,"trades":219,"pips":-435.7000000000001,"pipsPerTrade":-1.980454545454546,"stopLoss":{"best":{"stopLoss":3,"pips":284.49999999999983,"pipsPerTrade":1.2931818181818173},"worst":{"stopLoss":16,"pips":-111.70000000000005,"pipsPerTrade":-0.5077272727272729}}},"perTrade":{"slowWma":186,"trades":219,"pips":-435.7000000000001,"pipsPerTrade":-1.980454545454546,"stopLoss":{"best":{"stopLoss":3,"pips":284.49999999999983,"pipsPerTrade":1.2931818181818173},"worst":{"stopLoss":16,"pips":-111.70000000000005,"pipsPerTrade":-0.5077272727272729}}}}},"withStopLoss":{"best":{"slowWma":181,"trades":274,"stopLoss":3,"pips":679.4999999999997,"pipsPerTrade":2.47090909090909},"worst":{"slowWma":186,"trades":219,"stopLoss":16,"pips":-111.70000000000005,"pipsPerTrade":-0.5077272727272729}}}