{"noStops":{"best":{"overall":{"slowWma":180,"trades":326,"pips":148.09999999999988,"pipsPerTrade":0.45290519877675806,"stopLoss":{"best":{"stopLoss":24,"pips":569.4999999999998,"pipsPerTrade":1.7415902140672777},"worst":{"stopLoss":1,"pips":21.200000000000024,"pipsPerTrade":0.06483180428134563}}},"perTrade":{"slowWma":180,"trades":326,"pips":148.09999999999988,"pipsPerTrade":0.45290519877675806,"stopLoss":{"best":{"stopLoss":24,"pips":569.4999999999998,"pipsPerTrade":1.7415902140672777},"worst":{"stopLoss":1,"pips":21.200000000000024,"pipsPerTrade":0.06483180428134563}}}},"worst":{"overall":{"slowWma":186,"trades":219,"pips":-435.7000000000001,"pipsPerTrade":-1.980454545454546,"stopLoss":{"best":{"stopLoss":3,"pips":284.49999999999983,"pipsPerTrade":1.2931818181818173},"worst":{"stopLoss":16,"pips":-111.70000000000005,"pipsPerTrade":-0.5077272727272729}}},"perTrade":{"slowWma":186,"trades":219,"pips":-435.7000000000001,"pipsPerTrade":-1.980454545454546,"stopLoss":{"best":{"stopLoss":3,"pips":284.49999999999983,"pipsPerTrade":1.2931818181818173},"worst":{"stopLoss":16,"pips":-111.70000000000005,"pipsPerTrade":-0.5077272727272729}}}}},"withStopLoss":{"best":{"slowWma":179,"trades":458,"stopLoss":25,"pips":682.6999999999998,"pipsPerTrade":1.4873638344226576},"worst":{"slowWma":186,"trades":219,"stopLoss":16,"pips":-111.70000000000005,"pipsPerTrade":-0.5077272727272729}}}