{"noStops":{"best":{"overall":{"slowWma":180,"trades":452,"pips":114.8000000000002,"pipsPerTrade":0.2534216335540843,"stopLoss":{"best":{"stopLoss":24,"pips":475.50000000000006,"pipsPerTrade":1.0496688741721856},"worst":{"stopLoss":14,"pips":130.40000000000003,"pipsPerTrade":0.2878587196467992}}},"perTrade":{"slowWma":180,"trades":452,"pips":114.8000000000002,"pipsPerTrade":0.2534216335540843,"stopLoss":{"best":{"stopLoss":24,"pips":475.50000000000006,"pipsPerTrade":1.0496688741721856},"worst":{"stopLoss":14,"pips":130.40000000000003,"pipsPerTrade":0.2878587196467992}}}},"worst":{"overall":{"slowWma":185,"trades":220,"pips":-474.5,"pipsPerTrade":-2.1470588235294117,"stopLoss":{"best":{"stopLoss":9,"pips":298.8999999999999,"pipsPerTrade":1.352488687782805},"worst":{"stopLoss":17,"pips":-10.199999999999847,"pipsPerTrade":-0.04615384615384546}}},"perTrade":{"slowWma":185,"trades":220,"pips":-474.5,"pipsPerTrade":-2.1470588235294117,"stopLoss":{"best":{"stopLoss":9,"pips":298.8999999999999,"pipsPerTrade":1.352488687782805},"worst":{"stopLoss":17,"pips":-10.199999999999847,"pipsPerTrade":-0.04615384615384546}}}}},"withStopLoss":{"best":{"slowWma":194,"trades":228,"stopLoss":1,"pips":673.5999999999999,"pipsPerTrade":2.9414847161572046},"worst":{"slowWma":186,"trades":218,"stopLoss":1,"pips":-227.79999999999995,"pipsPerTrade":-1.0401826484018262}}}