{"noStops":{"best":{"overall":{"slowWma":124,"trades":786,"pips":735.0999999999992,"pipsPerTrade":0.9340533672172798,"stopLoss":{"best":{"stopLoss":20,"pips":803.7999999999997,"pipsPerTrade":1.021346886912325},"worst":{"stopLoss":11,"pips":-280.3,"pipsPerTrade":-0.35616264294790345}}},"perTrade":{"slowWma":109,"trades":570,"pips":705.7999999999995,"pipsPerTrade":1.2360770577933442,"stopLoss":{"best":{"stopLoss":24,"pips":605.4999999999994,"pipsPerTrade":1.0604203152364262},"worst":{"stopLoss":11,"pips":24.299999999999905,"pipsPerTrade":0.042556917688266034}}}},"worst":{"overall":{"slowWma":171,"trades":1290,"pips":-242.3999999999999,"pipsPerTrade":-0.18776142525174275,"stopLoss":{"best":{"stopLoss":17,"pips":11.900000000000265,"pipsPerTrade":0.009217660728117943},"worst":{"stopLoss":1,"pips":-540.1000000000001,"pipsPerTrade":-0.41835786212238585}}},"perTrade":{"slowWma":28,"trades":551,"pips":-217.3999999999998,"pipsPerTrade":-0.3938405797101446,"stopLoss":{"best":{"stopLoss":1,"pips":-17.20000000000053,"pipsPerTrade":-0.03115942028985603},"worst":{"stopLoss":13,"pips":-370.69999999999953,"pipsPerTrade":-0.6715579710144919}}}}},"withStopLoss":{"best":{"slowWma":85,"trades":578,"stopLoss":21,"pips":826.1000000000003,"pipsPerTrade":1.4267702936096722},"worst":{"slowWma":44,"trades":433,"stopLoss":2,"pips":-470,"pipsPerTrade":-1.0829493087557605}}}