{"noStops":{"best":{"overall":{"slowWma":181,"trades":455,"pips":15.900000000000148,"pipsPerTrade":0.0348684210526319,"stopLoss":{"best":{"stopLoss":25,"pips":548.7,"pipsPerTrade":1.2032894736842106},"worst":{"stopLoss":1,"pips":11.100000000000023,"pipsPerTrade":0.024342105263157946}}},"perTrade":{"slowWma":181,"trades":455,"pips":15.900000000000148,"pipsPerTrade":0.0348684210526319,"stopLoss":{"best":{"stopLoss":25,"pips":548.7,"pipsPerTrade":1.2032894736842106},"worst":{"stopLoss":1,"pips":11.100000000000023,"pipsPerTrade":0.024342105263157946}}}},"worst":{"overall":{"slowWma":185,"trades":225,"pips":-397.1,"pipsPerTrade":-1.7570796460176992,"stopLoss":{"best":{"stopLoss":21,"pips":334.90000000000003,"pipsPerTrade":1.4818584070796461},"worst":{"stopLoss":1,"pips":-45.700000000000045,"pipsPerTrade":-0.20221238938053118}}},"perTrade":{"slowWma":185,"trades":225,"pips":-397.1,"pipsPerTrade":-1.7570796460176992,"stopLoss":{"best":{"stopLoss":21,"pips":334.90000000000003,"pipsPerTrade":1.4818584070796461},"worst":{"stopLoss":1,"pips":-45.700000000000045,"pipsPerTrade":-0.20221238938053118}}}}},"withStopLoss":{"best":{"slowWma":181,"trades":455,"stopLoss":25,"pips":548.7,"pipsPerTrade":1.2032894736842106},"worst":{"slowWma":192,"trades":233,"stopLoss":25,"pips":-141.89999999999998,"pipsPerTrade":-0.6064102564102564}}}