{"noStops":{"best":{"overall":{"slowWma":194,"trades":240,"pips":-27.900000000000006,"pipsPerTrade":-0.1157676348547718,"stopLoss":{"best":{"stopLoss":14,"pips":480.8,"pipsPerTrade":1.9950207468879668},"worst":{"stopLoss":6,"pips":227.5,"pipsPerTrade":0.9439834024896265}}},"perTrade":{"slowWma":194,"trades":240,"pips":-27.900000000000006,"pipsPerTrade":-0.1157676348547718,"stopLoss":{"best":{"stopLoss":14,"pips":480.8,"pipsPerTrade":1.9950207468879668},"worst":{"stopLoss":6,"pips":227.5,"pipsPerTrade":0.9439834024896265}}}},"worst":{"overall":{"slowWma":185,"trades":225,"pips":-397.1,"pipsPerTrade":-1.7570796460176992,"stopLoss":{"best":{"stopLoss":21,"pips":334.90000000000003,"pipsPerTrade":1.4818584070796461},"worst":{"stopLoss":1,"pips":-45.700000000000045,"pipsPerTrade":-0.20221238938053118}}},"perTrade":{"slowWma":185,"trades":225,"pips":-397.1,"pipsPerTrade":-1.7570796460176992,"stopLoss":{"best":{"stopLoss":21,"pips":334.90000000000003,"pipsPerTrade":1.4818584070796461},"worst":{"stopLoss":1,"pips":-45.700000000000045,"pipsPerTrade":-0.20221238938053118}}}}},"withStopLoss":{"best":{"slowWma":189,"trades":218,"stopLoss":12,"pips":521.1,"pipsPerTrade":2.3794520547945206},"worst":{"slowWma":192,"trades":233,"stopLoss":25,"pips":-141.89999999999998,"pipsPerTrade":-0.6064102564102564}}}