{"noStops":{"best":{"overall":{"slowWma":197,"trades":229,"pips":34.59999999999994,"pipsPerTrade":0.1504347826086954,"stopLoss":{"best":{"stopLoss":19,"pips":410.80000000000007,"pipsPerTrade":1.7860869565217394},"worst":{"stopLoss":9,"pips":235.10000000000002,"pipsPerTrade":1.0221739130434784}}},"perTrade":{"slowWma":197,"trades":229,"pips":34.59999999999994,"pipsPerTrade":0.1504347826086954,"stopLoss":{"best":{"stopLoss":19,"pips":410.80000000000007,"pipsPerTrade":1.7860869565217394},"worst":{"stopLoss":9,"pips":235.10000000000002,"pipsPerTrade":1.0221739130434784}}}},"worst":{"overall":{"slowWma":185,"trades":252,"pips":-380.29999999999984,"pipsPerTrade":-1.5031620553359677,"stopLoss":{"best":{"stopLoss":19,"pips":329.79999999999984,"pipsPerTrade":1.3035573122529638},"worst":{"stopLoss":5,"pips":-57.599999999999966,"pipsPerTrade":-0.22766798418972317}}},"perTrade":{"slowWma":185,"trades":252,"pips":-380.29999999999984,"pipsPerTrade":-1.5031620553359677,"stopLoss":{"best":{"stopLoss":19,"pips":329.79999999999984,"pipsPerTrade":1.3035573122529638},"worst":{"stopLoss":5,"pips":-57.599999999999966,"pipsPerTrade":-0.22766798418972317}}}}},"withStopLoss":{"best":{"slowWma":183,"trades":322,"stopLoss":21,"pips":639.6000000000001,"pipsPerTrade":1.9801857585139324},"worst":{"slowWma":199,"trades":256,"stopLoss":6,"pips":-457.30000000000007,"pipsPerTrade":-1.7793774319066151}}}