{"noStops":{"best":{"overall":{"slowWma":183,"trades":323,"pips":58.30000000000007,"pipsPerTrade":0.17993827160493847,"stopLoss":{"best":{"stopLoss":21,"pips":770.4000000000001,"pipsPerTrade":2.377777777777778},"worst":{"stopLoss":1,"pips":148.3,"pipsPerTrade":0.4577160493827161}}},"perTrade":{"slowWma":183,"trades":323,"pips":58.30000000000007,"pipsPerTrade":0.17993827160493847,"stopLoss":{"best":{"stopLoss":21,"pips":770.4000000000001,"pipsPerTrade":2.377777777777778},"worst":{"stopLoss":1,"pips":148.3,"pipsPerTrade":0.4577160493827161}}}},"worst":{"overall":{"slowWma":185,"trades":252,"pips":-380.29999999999984,"pipsPerTrade":-1.5031620553359677,"stopLoss":{"best":{"stopLoss":19,"pips":329.79999999999984,"pipsPerTrade":1.3035573122529638},"worst":{"stopLoss":5,"pips":-57.599999999999966,"pipsPerTrade":-0.22766798418972317}}},"perTrade":{"slowWma":185,"trades":252,"pips":-380.29999999999984,"pipsPerTrade":-1.5031620553359677,"stopLoss":{"best":{"stopLoss":19,"pips":329.79999999999984,"pipsPerTrade":1.3035573122529638},"worst":{"stopLoss":5,"pips":-57.599999999999966,"pipsPerTrade":-0.22766798418972317}}}}},"withStopLoss":{"best":{"slowWma":183,"trades":323,"stopLoss":21,"pips":770.4000000000001,"pipsPerTrade":2.377777777777778},"worst":{"slowWma":199,"trades":256,"stopLoss":6,"pips":-457.30000000000007,"pipsPerTrade":-1.7793774319066151}}}