{"noStops":{"best":{"overall":{"slowWma":183,"trades":449,"pips":128.7,"pipsPerTrade":0.286,"stopLoss":{"best":{"stopLoss":21,"pips":597.2999999999998,"pipsPerTrade":1.327333333333333},"worst":{"stopLoss":1,"pips":183.60000000000005,"pipsPerTrade":0.40800000000000014}}},"perTrade":{"slowWma":183,"trades":449,"pips":128.7,"pipsPerTrade":0.286,"stopLoss":{"best":{"stopLoss":21,"pips":597.2999999999998,"pipsPerTrade":1.327333333333333},"worst":{"stopLoss":1,"pips":183.60000000000005,"pipsPerTrade":0.40800000000000014}}}},"worst":{"overall":{"slowWma":185,"trades":262,"pips":-442.99999999999994,"pipsPerTrade":-1.6844106463878326,"stopLoss":{"best":{"stopLoss":20,"pips":255.49999999999991,"pipsPerTrade":0.97148288973384},"worst":{"stopLoss":5,"pips":-320.19999999999993,"pipsPerTrade":-1.2174904942965776}}},"perTrade":{"slowWma":185,"trades":262,"pips":-442.99999999999994,"pipsPerTrade":-1.6844106463878326,"stopLoss":{"best":{"stopLoss":20,"pips":255.49999999999991,"pipsPerTrade":0.97148288973384},"worst":{"stopLoss":5,"pips":-320.19999999999993,"pipsPerTrade":-1.2174904942965776}}}}},"withStopLoss":{"best":{"slowWma":183,"trades":449,"stopLoss":21,"pips":597.2999999999998,"pipsPerTrade":1.327333333333333},"worst":{"slowWma":199,"trades":251,"stopLoss":6,"pips":-473.8,"pipsPerTrade":-1.8801587301587301}}}