{"noStops":{"best":{"overall":{"slowWma":194,"trades":217,"pips":-55.70000000000002,"pipsPerTrade":-0.25550458715596336,"stopLoss":{"best":{"stopLoss":19,"pips":463.7,"pipsPerTrade":2.1270642201834864},"worst":{"stopLoss":5,"pips":64.20000000000006,"pipsPerTrade":0.29449541284403696}}},"perTrade":{"slowWma":194,"trades":217,"pips":-55.70000000000002,"pipsPerTrade":-0.25550458715596336,"stopLoss":{"best":{"stopLoss":19,"pips":463.7,"pipsPerTrade":2.1270642201834864},"worst":{"stopLoss":5,"pips":64.20000000000006,"pipsPerTrade":0.29449541284403696}}}},"worst":{"overall":{"slowWma":191,"trades":226,"pips":-383.9000000000001,"pipsPerTrade":-1.6911894273127757,"stopLoss":{"best":{"stopLoss":1,"pips":225.60000000000005,"pipsPerTrade":0.993832599118943},"worst":{"stopLoss":25,"pips":-178.9,"pipsPerTrade":-0.7881057268722467}}},"perTrade":{"slowWma":191,"trades":226,"pips":-383.9000000000001,"pipsPerTrade":-1.6911894273127757,"stopLoss":{"best":{"stopLoss":1,"pips":225.60000000000005,"pipsPerTrade":0.993832599118943},"worst":{"stopLoss":25,"pips":-178.9,"pipsPerTrade":-0.7881057268722467}}}}},"withStopLoss":{"best":{"slowWma":189,"trades":221,"stopLoss":19,"pips":503.8999999999999,"pipsPerTrade":2.2698198198198196},"worst":{"slowWma":197,"trades":222,"stopLoss":6,"pips":-375.29999999999995,"pipsPerTrade":-1.6829596412556052}}}