{"noStops":{"best":{"overall":{"slowWma":186,"trades":316,"pips":34.50000000000013,"pipsPerTrade":0.10883280757097832,"stopLoss":{"best":{"stopLoss":12,"pips":555.8000000000001,"pipsPerTrade":1.7533123028391169},"worst":{"stopLoss":7,"pips":72.09999999999995,"pipsPerTrade":0.22744479495268125}}},"perTrade":{"slowWma":186,"trades":316,"pips":34.50000000000013,"pipsPerTrade":0.10883280757097832,"stopLoss":{"best":{"stopLoss":12,"pips":555.8000000000001,"pipsPerTrade":1.7533123028391169},"worst":{"stopLoss":7,"pips":72.09999999999995,"pipsPerTrade":0.22744479495268125}}}},"worst":{"overall":{"slowWma":190,"trades":223,"pips":-302.30000000000007,"pipsPerTrade":-1.3495535714285718,"stopLoss":{"best":{"stopLoss":19,"pips":279.6,"pipsPerTrade":1.2482142857142857},"worst":{"stopLoss":7,"pips":3.000000000000062,"pipsPerTrade":0.01339285714285742}}},"perTrade":{"slowWma":190,"trades":223,"pips":-302.30000000000007,"pipsPerTrade":-1.3495535714285718,"stopLoss":{"best":{"stopLoss":19,"pips":279.6,"pipsPerTrade":1.2482142857142857},"worst":{"stopLoss":7,"pips":3.000000000000062,"pipsPerTrade":0.01339285714285742}}}}},"withStopLoss":{"best":{"slowWma":185,"trades":439,"stopLoss":20,"pips":660.5999999999999,"pipsPerTrade":1.5013636363636362},"worst":{"slowWma":199,"trades":221,"stopLoss":8,"pips":-533.4000000000001,"pipsPerTrade":-2.4027027027027033}}}