{"noStops":{"best":{"overall":{"slowWma":200,"trades":206,"pips":1.5000000000000853,"pipsPerTrade":0.007246376811594615,"stopLoss":{"best":{"stopLoss":19,"pips":212.3,"pipsPerTrade":1.0256038647342995},"worst":{"stopLoss":1,"pips":-234.70000000000002,"pipsPerTrade":-1.133816425120773}}},"perTrade":{"slowWma":200,"trades":206,"pips":1.5000000000000853,"pipsPerTrade":0.007246376811594615,"stopLoss":{"best":{"stopLoss":19,"pips":212.3,"pipsPerTrade":1.0256038647342995},"worst":{"stopLoss":1,"pips":-234.70000000000002,"pipsPerTrade":-1.133816425120773}}}},"worst":{"overall":{"slowWma":188,"trades":320,"pips":-368.8000000000001,"pipsPerTrade":-1.1489096573208726,"stopLoss":{"best":{"stopLoss":2,"pips":185,"pipsPerTrade":0.5763239875389408},"worst":{"stopLoss":9,"pips":-245.20000000000002,"pipsPerTrade":-0.7638629283489097}}},"perTrade":{"slowWma":190,"trades":252,"pips":-298.6000000000002,"pipsPerTrade":-1.1802371541501984,"stopLoss":{"best":{"stopLoss":24,"pips":273.6999999999999,"pipsPerTrade":1.0818181818181813},"worst":{"stopLoss":7,"pips":-178,"pipsPerTrade":-0.7035573122529645}}}}},"withStopLoss":{"best":{"slowWma":189,"trades":267,"stopLoss":20,"pips":455.2,"pipsPerTrade":1.698507462686567},"worst":{"slowWma":197,"trades":215,"stopLoss":7,"pips":-555.0999999999999,"pipsPerTrade":-2.569907407407407}}}