{"noStops":{"best":{"overall":{"slowWma":200,"trades":204,"pips":52.2000000000001,"pipsPerTrade":0.2546341463414639,"stopLoss":{"best":{"stopLoss":25,"pips":158.69999999999996,"pipsPerTrade":0.7741463414634144},"worst":{"stopLoss":9,"pips":-238.69999999999985,"pipsPerTrade":-1.1643902439024383}}},"perTrade":{"slowWma":200,"trades":204,"pips":52.2000000000001,"pipsPerTrade":0.2546341463414639,"stopLoss":{"best":{"stopLoss":25,"pips":158.69999999999996,"pipsPerTrade":0.7741463414634144},"worst":{"stopLoss":9,"pips":-238.69999999999985,"pipsPerTrade":-1.1643902439024383}}}},"worst":{"overall":{"slowWma":192,"trades":267,"pips":-384.8999999999998,"pipsPerTrade":-1.4361940298507456,"stopLoss":{"best":{"stopLoss":19,"pips":166.50000000000009,"pipsPerTrade":0.6212686567164182},"worst":{"stopLoss":7,"pips":-296.4000000000001,"pipsPerTrade":-1.1059701492537317}}},"perTrade":{"slowWma":192,"trades":267,"pips":-384.8999999999998,"pipsPerTrade":-1.4361940298507456,"stopLoss":{"best":{"stopLoss":19,"pips":166.50000000000009,"pipsPerTrade":0.6212686567164182},"worst":{"stopLoss":7,"pips":-296.4000000000001,"pipsPerTrade":-1.1059701492537317}}}}},"withStopLoss":{"best":{"slowWma":191,"trades":320,"stopLoss":22,"pips":390.7,"pipsPerTrade":1.2171339563862928},"worst":{"slowWma":200,"trades":204,"stopLoss":9,"pips":-238.69999999999985,"pipsPerTrade":-1.1643902439024383}}}