{"noStops":{"best":{"overall":{"slowWma":112,"trades":589,"pips":761.6999999999991,"pipsPerTrade":1.291016949152541,"stopLoss":{"best":{"stopLoss":18,"pips":638.4999999999991,"pipsPerTrade":1.082203389830507},"worst":{"stopLoss":10,"pips":-277.7999999999999,"pipsPerTrade":-0.4708474576271185}}},"perTrade":{"slowWma":36,"trades":460,"pips":647.9999999999998,"pipsPerTrade":1.4056399132321036,"stopLoss":{"best":{"stopLoss":7,"pips":343.59999999999997,"pipsPerTrade":0.7453362255965292},"worst":{"stopLoss":14,"pips":-134.29999999999993,"pipsPerTrade":-0.29132321041214737}}}},"worst":{"overall":{"slowWma":20,"trades":1588,"pips":-360.80000000000035,"pipsPerTrade":-0.22706104468219027,"stopLoss":{"best":{"stopLoss":4,"pips":-154.40000000000018,"pipsPerTrade":-0.09716803020767789},"worst":{"stopLoss":16,"pips":-526.3000000000005,"pipsPerTrade":-0.3312146003775963}}},"perTrade":{"slowWma":23,"trades":812,"pips":-228.19999999999985,"pipsPerTrade":-0.2806888068880687,"stopLoss":{"best":{"stopLoss":6,"pips":12.600000000000117,"pipsPerTrade":0.01549815498154996},"worst":{"stopLoss":3,"pips":-352.9,"pipsPerTrade":-0.4340713407134071}}}}},"withStopLoss":{"best":{"slowWma":123,"trades":662,"stopLoss":18,"pips":870.0999999999999,"pipsPerTrade":1.3123680241327298},"worst":{"slowWma":44,"trades":438,"stopLoss":15,"pips":-575.3,"pipsPerTrade":-1.3104783599088836}}}