{"noStops":{"best":{"overall":{"slowWma":200,"trades":200,"pips":153.70000000000007,"pipsPerTrade":0.7646766169154232,"stopLoss":{"best":{"stopLoss":24,"pips":429.9,"pipsPerTrade":2.1388059701492534},"worst":{"stopLoss":10,"pips":-190.39999999999992,"pipsPerTrade":-0.9472636815920394}}},"perTrade":{"slowWma":200,"trades":200,"pips":153.70000000000007,"pipsPerTrade":0.7646766169154232,"stopLoss":{"best":{"stopLoss":24,"pips":429.9,"pipsPerTrade":2.1388059701492534},"worst":{"stopLoss":10,"pips":-190.39999999999992,"pipsPerTrade":-0.9472636815920394}}}},"worst":{"overall":{"slowWma":192,"trades":306,"pips":-321.30000000000007,"pipsPerTrade":-1.0465798045602608,"stopLoss":{"best":{"stopLoss":19,"pips":234.2999999999998,"pipsPerTrade":0.7631921824104229},"worst":{"stopLoss":8,"pips":-395.29999999999995,"pipsPerTrade":-1.2876221498371334}}},"perTrade":{"slowWma":192,"trades":306,"pips":-321.30000000000007,"pipsPerTrade":-1.0465798045602608,"stopLoss":{"best":{"stopLoss":19,"pips":234.2999999999998,"pipsPerTrade":0.7631921824104229},"worst":{"stopLoss":8,"pips":-395.29999999999995,"pipsPerTrade":-1.2876221498371334}}}}},"withStopLoss":{"best":{"slowWma":197,"trades":213,"stopLoss":22,"pips":480.99999999999994,"pipsPerTrade":2.247663551401869},"worst":{"slowWma":198,"trades":206,"stopLoss":9,"pips":-439.7,"pipsPerTrade":-2.1241545893719804}}}