{"noStops":{"best":{"overall":{"slowWma":200,"trades":202,"pips":218.00000000000006,"pipsPerTrade":1.0738916256157638,"stopLoss":{"best":{"stopLoss":17,"pips":395.80000000000007,"pipsPerTrade":1.9497536945812812},"worst":{"stopLoss":8,"pips":-294.90000000000003,"pipsPerTrade":-1.4527093596059115}}},"perTrade":{"slowWma":200,"trades":202,"pips":218.00000000000006,"pipsPerTrade":1.0738916256157638,"stopLoss":{"best":{"stopLoss":17,"pips":395.80000000000007,"pipsPerTrade":1.9497536945812812},"worst":{"stopLoss":8,"pips":-294.90000000000003,"pipsPerTrade":-1.4527093596059115}}}},"worst":{"overall":{"slowWma":192,"trades":423,"pips":-301.29999999999995,"pipsPerTrade":-0.7106132075471697,"stopLoss":{"best":{"stopLoss":19,"pips":395.4000000000001,"pipsPerTrade":0.932547169811321},"worst":{"stopLoss":7,"pips":-180.6,"pipsPerTrade":-0.4259433962264151}}},"perTrade":{"slowWma":194,"trades":261,"pips":-242.29999999999993,"pipsPerTrade":-0.9248091603053432,"stopLoss":{"best":{"stopLoss":21,"pips":363,"pipsPerTrade":1.3854961832061068},"worst":{"stopLoss":8,"pips":-294.4,"pipsPerTrade":-1.1236641221374044}}}}},"withStopLoss":{"best":{"slowWma":196,"trades":220,"stopLoss":24,"pips":661.3999999999999,"pipsPerTrade":2.9927601809954747},"worst":{"slowWma":199,"trades":213,"stopLoss":10,"pips":-453.7,"pipsPerTrade":-2.1200934579439252}}}