{"noStops":{"best":{"overall":{"slowWma":193,"trades":429,"pips":187.79999999999993,"pipsPerTrade":0.43674418604651144,"stopLoss":{"best":{"stopLoss":21,"pips":591.1999999999999,"pipsPerTrade":1.3748837209302325},"worst":{"stopLoss":8,"pips":-78.60000000000005,"pipsPerTrade":-0.18279069767441872}}},"perTrade":{"slowWma":200,"trades":201,"pips":176.1,"pipsPerTrade":0.8717821782178218,"stopLoss":{"best":{"stopLoss":17,"pips":367.9,"pipsPerTrade":1.8212871287128711},"worst":{"stopLoss":9,"pips":-202.80000000000004,"pipsPerTrade":-1.0039603960396042}}}},"worst":{"overall":{"slowWma":194,"trades":304,"pips":-199.19999999999993,"pipsPerTrade":-0.6531147540983604,"stopLoss":{"best":{"stopLoss":24,"pips":417.2000000000001,"pipsPerTrade":1.3678688524590168},"worst":{"stopLoss":8,"pips":-267.50000000000006,"pipsPerTrade":-0.877049180327869}}},"perTrade":{"slowWma":194,"trades":304,"pips":-199.19999999999993,"pipsPerTrade":-0.6531147540983604,"stopLoss":{"best":{"stopLoss":24,"pips":417.2000000000001,"pipsPerTrade":1.3678688524590168},"worst":{"stopLoss":8,"pips":-267.50000000000006,"pipsPerTrade":-0.877049180327869}}}}},"withStopLoss":{"best":{"slowWma":193,"trades":429,"stopLoss":21,"pips":591.1999999999999,"pipsPerTrade":1.3748837209302325},"worst":{"slowWma":200,"trades":201,"stopLoss":9,"pips":-202.80000000000004,"pipsPerTrade":-1.0039603960396042}}}