{"noStops":{"best":{"overall":{"slowWma":200,"trades":205,"pips":181.79999999999995,"pipsPerTrade":0.88252427184466,"stopLoss":{"best":{"stopLoss":23,"pips":424.8999999999999,"pipsPerTrade":2.0626213592233005},"worst":{"stopLoss":8,"pips":-17.499999999999943,"pipsPerTrade":-0.08495145631067934}}},"perTrade":{"slowWma":200,"trades":205,"pips":181.79999999999995,"pipsPerTrade":0.88252427184466,"stopLoss":{"best":{"stopLoss":23,"pips":424.8999999999999,"pipsPerTrade":2.0626213592233005},"worst":{"stopLoss":8,"pips":-17.499999999999943,"pipsPerTrade":-0.08495145631067934}}}},"worst":{"overall":{"slowWma":194,"trades":428,"pips":-285.0999999999999,"pipsPerTrade":-0.6645687645687643,"stopLoss":{"best":{"stopLoss":24,"pips":365.59999999999997,"pipsPerTrade":0.8522144522144521},"worst":{"stopLoss":1,"pips":-314.7999999999999,"pipsPerTrade":-0.7337995337995336}}},"perTrade":{"slowWma":194,"trades":428,"pips":-285.0999999999999,"pipsPerTrade":-0.6645687645687643,"stopLoss":{"best":{"stopLoss":24,"pips":365.59999999999997,"pipsPerTrade":0.8522144522144521},"worst":{"stopLoss":1,"pips":-314.7999999999999,"pipsPerTrade":-0.7337995337995336}}}}},"withStopLoss":{"best":{"slowWma":197,"trades":235,"stopLoss":17,"pips":593.3000000000002,"pipsPerTrade":2.5139830508474583},"worst":{"slowWma":196,"trades":253,"stopLoss":10,"pips":-209.0999999999999,"pipsPerTrade":-0.8232283464566925}}}