{"noStops":{"best":{"overall":{"slowWma":200,"trades":219,"pips":89.60000000000007,"pipsPerTrade":0.40727272727272756,"stopLoss":{"best":{"stopLoss":22,"pips":361.2999999999999,"pipsPerTrade":1.6422727272727269},"worst":{"stopLoss":9,"pips":-304.4,"pipsPerTrade":-1.3836363636363636}}},"perTrade":{"slowWma":200,"trades":219,"pips":89.60000000000007,"pipsPerTrade":0.40727272727272756,"stopLoss":{"best":{"stopLoss":22,"pips":361.2999999999999,"pipsPerTrade":1.6422727272727269},"worst":{"stopLoss":9,"pips":-304.4,"pipsPerTrade":-1.3836363636363636}}}},"worst":{"overall":{"slowWma":196,"trades":295,"pips":-151.29999999999998,"pipsPerTrade":-0.5111486486486486,"stopLoss":{"best":{"stopLoss":15,"pips":170.19999999999987,"pipsPerTrade":0.5749999999999996},"worst":{"stopLoss":9,"pips":-247.89999999999975,"pipsPerTrade":-0.8374999999999991}}},"perTrade":{"slowWma":196,"trades":295,"pips":-151.29999999999998,"pipsPerTrade":-0.5111486486486486,"stopLoss":{"best":{"stopLoss":15,"pips":170.19999999999987,"pipsPerTrade":0.5749999999999996},"worst":{"stopLoss":9,"pips":-247.89999999999975,"pipsPerTrade":-0.8374999999999991}}}}},"withStopLoss":{"best":{"slowWma":200,"trades":219,"stopLoss":22,"pips":361.2999999999999,"pipsPerTrade":1.6422727272727269},"worst":{"slowWma":195,"trades":425,"stopLoss":9,"pips":-192.00000000000006,"pipsPerTrade":-0.4507042253521128}}}