{"noStops":{"best":{"overall":{"slowWma":200,"trades":219,"pips":128.60000000000002,"pipsPerTrade":0.5845454545454547,"stopLoss":{"best":{"stopLoss":21,"pips":411.4999999999999,"pipsPerTrade":1.870454545454545},"worst":{"stopLoss":9,"pips":-87.3000000000001,"pipsPerTrade":-0.39681818181818224}}},"perTrade":{"slowWma":200,"trades":219,"pips":128.60000000000002,"pipsPerTrade":0.5845454545454547,"stopLoss":{"best":{"stopLoss":21,"pips":411.4999999999999,"pipsPerTrade":1.870454545454545},"worst":{"stopLoss":9,"pips":-87.3000000000001,"pipsPerTrade":-0.39681818181818224}}}},"worst":{"overall":{"slowWma":199,"trades":240,"pips":-252.59999999999988,"pipsPerTrade":-1.0481327800829872,"stopLoss":{"best":{"stopLoss":22,"pips":76.09999999999995,"pipsPerTrade":0.3157676348547716},"worst":{"stopLoss":9,"pips":-548.9999999999997,"pipsPerTrade":-2.2780082987551853}}},"perTrade":{"slowWma":199,"trades":240,"pips":-252.59999999999988,"pipsPerTrade":-1.0481327800829872,"stopLoss":{"best":{"stopLoss":22,"pips":76.09999999999995,"pipsPerTrade":0.3157676348547716},"worst":{"stopLoss":9,"pips":-548.9999999999997,"pipsPerTrade":-2.2780082987551853}}}}},"withStopLoss":{"best":{"slowWma":200,"trades":219,"stopLoss":21,"pips":411.4999999999999,"pipsPerTrade":1.870454545454545},"worst":{"slowWma":199,"trades":240,"stopLoss":9,"pips":-548.9999999999997,"pipsPerTrade":-2.2780082987551853}}}