{"noStops":{"best":{"overall":{"slowWma":200,"trades":230,"pips":207.10000000000005,"pipsPerTrade":0.8965367965367967,"stopLoss":{"best":{"stopLoss":15,"pips":375.7,"pipsPerTrade":1.6264069264069263},"worst":{"stopLoss":7,"pips":-126.10000000000002,"pipsPerTrade":-0.545887445887446}}},"perTrade":{"slowWma":200,"trades":230,"pips":207.10000000000005,"pipsPerTrade":0.8965367965367967,"stopLoss":{"best":{"stopLoss":15,"pips":375.7,"pipsPerTrade":1.6264069264069263},"worst":{"stopLoss":7,"pips":-126.10000000000002,"pipsPerTrade":-0.545887445887446}}}},"worst":{"overall":{"slowWma":199,"trades":266,"pips":-53.2999999999999,"pipsPerTrade":-0.19962546816479362,"stopLoss":{"best":{"stopLoss":14,"pips":225,"pipsPerTrade":0.8426966292134831},"worst":{"stopLoss":9,"pips":-314.70000000000005,"pipsPerTrade":-1.1786516853932587}}},"perTrade":{"slowWma":199,"trades":266,"pips":-53.2999999999999,"pipsPerTrade":-0.19962546816479362,"stopLoss":{"best":{"stopLoss":14,"pips":225,"pipsPerTrade":0.8426966292134831},"worst":{"stopLoss":9,"pips":-314.70000000000005,"pipsPerTrade":-1.1786516853932587}}}}},"withStopLoss":{"best":{"slowWma":200,"trades":230,"stopLoss":15,"pips":375.7,"pipsPerTrade":1.6264069264069263},"worst":{"slowWma":199,"trades":266,"stopLoss":9,"pips":-314.70000000000005,"pipsPerTrade":-1.1786516853932587}}}