{"noStops":{"best":{"overall":{"slowWma":200,"trades":252,"pips":110.49999999999996,"pipsPerTrade":0.4367588932806322,"stopLoss":{"best":{"stopLoss":18,"pips":324.90000000000003,"pipsPerTrade":1.2841897233201582},"worst":{"stopLoss":4,"pips":-468.79999999999995,"pipsPerTrade":-1.85296442687747}}},"perTrade":{"slowWma":200,"trades":252,"pips":110.49999999999996,"pipsPerTrade":0.4367588932806322,"stopLoss":{"best":{"stopLoss":18,"pips":324.90000000000003,"pipsPerTrade":1.2841897233201582},"worst":{"stopLoss":4,"pips":-468.79999999999995,"pipsPerTrade":-1.85296442687747}}}},"worst":{"overall":{"slowWma":199,"trades":300,"pips":-29.299999999999983,"pipsPerTrade":-0.09734219269102984,"stopLoss":{"best":{"stopLoss":15,"pips":215.99999999999997,"pipsPerTrade":0.7176079734219268},"worst":{"stopLoss":4,"pips":-214.60000000000014,"pipsPerTrade":-0.7129568106312297}}},"perTrade":{"slowWma":199,"trades":300,"pips":-29.299999999999983,"pipsPerTrade":-0.09734219269102984,"stopLoss":{"best":{"stopLoss":15,"pips":215.99999999999997,"pipsPerTrade":0.7176079734219268},"worst":{"stopLoss":4,"pips":-214.60000000000014,"pipsPerTrade":-0.7129568106312297}}}}},"withStopLoss":{"best":{"slowWma":200,"trades":252,"stopLoss":18,"pips":324.90000000000003,"pipsPerTrade":1.2841897233201582},"worst":{"slowWma":199,"trades":300,"stopLoss":4,"pips":-214.60000000000014,"pipsPerTrade":-0.7129568106312297}}}