{"noStops":{"best":{"overall":{"slowWma":200,"trades":252,"pips":110.49999999999996,"pipsPerTrade":0.4367588932806322,"stopLoss":{"best":{"stopLoss":18,"pips":324.90000000000003,"pipsPerTrade":1.2841897233201582},"worst":{"stopLoss":4,"pips":-468.79999999999995,"pipsPerTrade":-1.85296442687747}}},"perTrade":{"slowWma":200,"trades":252,"pips":110.49999999999996,"pipsPerTrade":0.4367588932806322,"stopLoss":{"best":{"stopLoss":18,"pips":324.90000000000003,"pipsPerTrade":1.2841897233201582},"worst":{"stopLoss":4,"pips":-468.79999999999995,"pipsPerTrade":-1.85296442687747}}}},"worst":{"overall":{"slowWma":198,"trades":422,"pips":-172.89999999999998,"pipsPerTrade":-0.4087470449172576,"stopLoss":{"best":{"stopLoss":22,"pips":140.10000000000002,"pipsPerTrade":0.3312056737588653},"worst":{"stopLoss":9,"pips":-310.09999999999997,"pipsPerTrade":-0.7330969267139479}}},"perTrade":{"slowWma":198,"trades":422,"pips":-172.89999999999998,"pipsPerTrade":-0.4087470449172576,"stopLoss":{"best":{"stopLoss":22,"pips":140.10000000000002,"pipsPerTrade":0.3312056737588653},"worst":{"stopLoss":9,"pips":-310.09999999999997,"pipsPerTrade":-0.7330969267139479}}}}},"withStopLoss":{"best":{"slowWma":200,"trades":252,"stopLoss":18,"pips":324.90000000000003,"pipsPerTrade":1.2841897233201582},"worst":{"slowWma":198,"trades":422,"stopLoss":9,"pips":-310.09999999999997,"pipsPerTrade":-0.7330969267139479}}}