{"noStops":{"best":{"overall":{"slowWma":200,"trades":288,"pips":152.89999999999998,"pipsPerTrade":0.5290657439446366,"stopLoss":{"best":{"stopLoss":11,"pips":360.50000000000006,"pipsPerTrade":1.2474048442906576},"worst":{"stopLoss":5,"pips":-159.2999999999999,"pipsPerTrade":-0.5512110726643595}}},"perTrade":{"slowWma":200,"trades":288,"pips":152.89999999999998,"pipsPerTrade":0.5290657439446366,"stopLoss":{"best":{"stopLoss":11,"pips":360.50000000000006,"pipsPerTrade":1.2474048442906576},"worst":{"stopLoss":5,"pips":-159.2999999999999,"pipsPerTrade":-0.5512110726643595}}}},"worst":{"overall":{"slowWma":199,"trades":423,"pips":78.40000000000005,"pipsPerTrade":0.18490566037735862,"stopLoss":{"best":{"stopLoss":15,"pips":245.1,"pipsPerTrade":0.5780660377358491},"worst":{"stopLoss":1,"pips":-219.59999999999994,"pipsPerTrade":-0.5179245283018866}}},"perTrade":{"slowWma":199,"trades":423,"pips":78.40000000000005,"pipsPerTrade":0.18490566037735862,"stopLoss":{"best":{"stopLoss":15,"pips":245.1,"pipsPerTrade":0.5780660377358491},"worst":{"stopLoss":1,"pips":-219.59999999999994,"pipsPerTrade":-0.5179245283018866}}}}},"withStopLoss":{"best":{"slowWma":200,"trades":288,"stopLoss":11,"pips":360.50000000000006,"pipsPerTrade":1.2474048442906576},"worst":{"slowWma":199,"trades":423,"stopLoss":1,"pips":-219.59999999999994,"pipsPerTrade":-0.5179245283018866}}}