{"noStops":{"best":{"overall":{"slowWma":199,"trades":424,"pips":354.8,"pipsPerTrade":0.8348235294117647,"stopLoss":{"best":{"stopLoss":15,"pips":483.2,"pipsPerTrade":1.1369411764705881},"worst":{"stopLoss":1,"pips":-226.79999999999993,"pipsPerTrade":-0.5336470588235293}}},"perTrade":{"slowWma":199,"trades":424,"pips":354.8,"pipsPerTrade":0.8348235294117647,"stopLoss":{"best":{"stopLoss":15,"pips":483.2,"pipsPerTrade":1.1369411764705881},"worst":{"stopLoss":1,"pips":-226.79999999999993,"pipsPerTrade":-0.5336470588235293}}}},"worst":{"overall":{"slowWma":200,"trades":288,"pips":152.89999999999998,"pipsPerTrade":0.5290657439446366,"stopLoss":{"best":{"stopLoss":11,"pips":360.50000000000006,"pipsPerTrade":1.2474048442906576},"worst":{"stopLoss":5,"pips":-159.2999999999999,"pipsPerTrade":-0.5512110726643595}}},"perTrade":{"slowWma":200,"trades":288,"pips":152.89999999999998,"pipsPerTrade":0.5290657439446366,"stopLoss":{"best":{"stopLoss":11,"pips":360.50000000000006,"pipsPerTrade":1.2474048442906576},"worst":{"stopLoss":5,"pips":-159.2999999999999,"pipsPerTrade":-0.5512110726643595}}}}},"withStopLoss":{"best":{"slowWma":199,"trades":424,"stopLoss":15,"pips":483.2,"pipsPerTrade":1.1369411764705881},"worst":{"slowWma":200,"trades":288,"stopLoss":5,"pips":-159.2999999999999,"pipsPerTrade":-0.5512110726643595}}}