{"noStops":{"best":{"overall":{"slowWma":200,"trades":422,"pips":237.6000000000001,"pipsPerTrade":0.5617021276595747,"stopLoss":{"best":{"stopLoss":16,"pips":382.3000000000002,"pipsPerTrade":0.903782505910166},"worst":{"stopLoss":1,"pips":-23.400000000000013,"pipsPerTrade":-0.055319148936170244}}},"perTrade":{"slowWma":200,"trades":422,"pips":237.6000000000001,"pipsPerTrade":0.5617021276595747,"stopLoss":{"best":{"stopLoss":16,"pips":382.3000000000002,"pipsPerTrade":0.903782505910166},"worst":{"stopLoss":1,"pips":-23.400000000000013,"pipsPerTrade":-0.055319148936170244}}}},"worst":{"overall":{"slowWma":200,"trades":422,"pips":237.6000000000001,"pipsPerTrade":0.5617021276595747,"stopLoss":{"best":{"stopLoss":16,"pips":382.3000000000002,"pipsPerTrade":0.903782505910166},"worst":{"stopLoss":1,"pips":-23.400000000000013,"pipsPerTrade":-0.055319148936170244}}},"perTrade":{"slowWma":200,"trades":422,"pips":237.6000000000001,"pipsPerTrade":0.5617021276595747,"stopLoss":{"best":{"stopLoss":16,"pips":382.3000000000002,"pipsPerTrade":0.903782505910166},"worst":{"stopLoss":1,"pips":-23.400000000000013,"pipsPerTrade":-0.055319148936170244}}}}},"withStopLoss":{"best":{"slowWma":200,"trades":422,"stopLoss":16,"pips":382.3000000000002,"pipsPerTrade":0.903782505910166},"worst":{"slowWma":200,"trades":422,"stopLoss":1,"pips":-23.400000000000013,"pipsPerTrade":-0.055319148936170244}}}