{"noStops":{"best":{"overall":{"slowWma":200,"trades":423,"pips":526.1000000000001,"pipsPerTrade":1.240801886792453,"stopLoss":{"best":{"stopLoss":16,"pips":639.7000000000002,"pipsPerTrade":1.50872641509434},"worst":{"stopLoss":1,"pips":233.99999999999997,"pipsPerTrade":0.5518867924528301}}},"perTrade":{"slowWma":200,"trades":423,"pips":526.1000000000001,"pipsPerTrade":1.240801886792453,"stopLoss":{"best":{"stopLoss":16,"pips":639.7000000000002,"pipsPerTrade":1.50872641509434},"worst":{"stopLoss":1,"pips":233.99999999999997,"pipsPerTrade":0.5518867924528301}}}},"worst":{"overall":{"slowWma":200,"trades":423,"pips":526.1000000000001,"pipsPerTrade":1.240801886792453,"stopLoss":{"best":{"stopLoss":16,"pips":639.7000000000002,"pipsPerTrade":1.50872641509434},"worst":{"stopLoss":1,"pips":233.99999999999997,"pipsPerTrade":0.5518867924528301}}},"perTrade":{"slowWma":200,"trades":423,"pips":526.1000000000001,"pipsPerTrade":1.240801886792453,"stopLoss":{"best":{"stopLoss":16,"pips":639.7000000000002,"pipsPerTrade":1.50872641509434},"worst":{"stopLoss":1,"pips":233.99999999999997,"pipsPerTrade":0.5518867924528301}}}}},"withStopLoss":{"best":{"slowWma":200,"trades":423,"stopLoss":16,"pips":639.7000000000002,"pipsPerTrade":1.50872641509434},"worst":{"slowWma":200,"trades":423,"stopLoss":1,"pips":233.99999999999997,"pipsPerTrade":0.5518867924528301}}}