{"noStops":{"best":{"overall":{"slowWma":8,"trades":1622,"pips":751.6999999999999,"pipsPerTrade":0.46315465187923593,"stopLoss":{"best":{"stopLoss":19,"pips":594.3999999999997,"pipsPerTrade":0.36623536660505224},"worst":{"stopLoss":1,"pips":-73.30000000000072,"pipsPerTrade":-0.045163277880468713}}},"perTrade":{"slowWma":28,"trades":848,"pips":635.4000000000003,"pipsPerTrade":0.7484098939929332,"stopLoss":{"best":{"stopLoss":10,"pips":611.9999999999997,"pipsPerTrade":0.720848056537102},"worst":{"stopLoss":1,"pips":194.8999999999998,"pipsPerTrade":0.2295641931684332}}}},"worst":{"overall":{"slowWma":174,"trades":1544,"pips":-404.39999999999986,"pipsPerTrade":-0.2617475728155339,"stopLoss":{"best":{"stopLoss":7,"pips":-137.59999999999988,"pipsPerTrade":-0.08906148867313908},"worst":{"stopLoss":4,"pips":-503.59999999999997,"pipsPerTrade":-0.3259546925566343}}},"perTrade":{"slowWma":178,"trades":1465,"pips":-393.6000000000001,"pipsPerTrade":-0.26848567530695777,"stopLoss":{"best":{"stopLoss":6,"pips":-222.19999999999996,"pipsPerTrade":-0.151568894952251},"worst":{"stopLoss":3,"pips":-537.8999999999999,"pipsPerTrade":-0.3669167803547066}}}}},"withStopLoss":{"best":{"slowWma":12,"trades":1227,"stopLoss":4,"pips":976.1999999999997,"pipsPerTrade":0.7949511400651463},"worst":{"slowWma":184,"trades":1765,"stopLoss":6,"pips":-554.0000000000002,"pipsPerTrade":-0.31370328425821076}}}