{"noStops":{"best":{"overall":{"slowWma":112,"trades":572,"pips":834.2999999999993,"pipsPerTrade":1.4560209424083757,"stopLoss":{"best":{"stopLoss":21,"pips":693.9999999999995,"pipsPerTrade":1.211169284467713},"worst":{"stopLoss":9,"pips":46.19999999999989,"pipsPerTrade":0.08062827225130871}}},"perTrade":{"slowWma":112,"trades":572,"pips":834.2999999999993,"pipsPerTrade":1.4560209424083757,"stopLoss":{"best":{"stopLoss":21,"pips":693.9999999999995,"pipsPerTrade":1.211169284467713},"worst":{"stopLoss":9,"pips":46.19999999999989,"pipsPerTrade":0.08062827225130871}}}},"worst":{"overall":{"slowWma":21,"trades":1539,"pips":-405.4999999999994,"pipsPerTrade":-0.2633116883116879,"stopLoss":{"best":{"stopLoss":8,"pips":169.49999999999997,"pipsPerTrade":0.11006493506493505},"worst":{"stopLoss":25,"pips":-133.99999999999937,"pipsPerTrade":-0.08701298701298661}}},"perTrade":{"slowWma":45,"trades":397,"pips":-275.0999999999999,"pipsPerTrade":-0.6912060301507535,"stopLoss":{"best":{"stopLoss":3,"pips":-192.60000000000002,"pipsPerTrade":-0.4839195979899498},"worst":{"stopLoss":23,"pips":-788.1000000000001,"pipsPerTrade":-1.9801507537688445}}}}},"withStopLoss":{"best":{"slowWma":82,"trades":401,"stopLoss":19,"pips":825.1000000000003,"pipsPerTrade":2.0524875621890555},"worst":{"slowWma":43,"trades":456,"stopLoss":13,"pips":-766.1000000000003,"pipsPerTrade":-1.6763676148796505}}}