{"noStops":{"best":{"overall":{"slowWma":112,"trades":563,"pips":806.5999999999993,"pipsPerTrade":1.43014184397163,"stopLoss":{"best":{"stopLoss":14,"pips":592.7999999999993,"pipsPerTrade":1.0510638297872328},"worst":{"stopLoss":3,"pips":112.50000000000018,"pipsPerTrade":0.1994680851063833}}},"perTrade":{"slowWma":112,"trades":563,"pips":806.5999999999993,"pipsPerTrade":1.43014184397163,"stopLoss":{"best":{"stopLoss":14,"pips":592.7999999999993,"pipsPerTrade":1.0510638297872328},"worst":{"stopLoss":3,"pips":112.50000000000018,"pipsPerTrade":0.1994680851063833}}}},"worst":{"overall":{"slowWma":172,"trades":1238,"pips":-286.5,"pipsPerTrade":-0.23123486682808717,"stopLoss":{"best":{"stopLoss":18,"pips":104.90000000000026,"pipsPerTrade":0.08466505246166284},"worst":{"stopLoss":2,"pips":-476.9,"pipsPerTrade":-0.38490718321226797}}},"perTrade":{"slowWma":39,"trades":442,"pips":-280.1000000000003,"pipsPerTrade":-0.632279909706547,"stopLoss":{"best":{"stopLoss":2,"pips":-261.0999999999998,"pipsPerTrade":-0.5893905191873584},"worst":{"stopLoss":12,"pips":-736.8000000000003,"pipsPerTrade":-1.6632054176072242}}}}},"withStopLoss":{"best":{"slowWma":117,"trades":613,"stopLoss":17,"pips":907.4999999999992,"pipsPerTrade":1.4780130293159597},"worst":{"slowWma":39,"trades":442,"stopLoss":12,"pips":-736.8000000000003,"pipsPerTrade":-1.6632054176072242}}}