{"noStops":{"best":{"overall":{"slowWma":115,"trades":744,"pips":809.8,"pipsPerTrade":1.086979865771812,"stopLoss":{"best":{"stopLoss":16,"pips":795.0000000000002,"pipsPerTrade":1.067114093959732},"worst":{"stopLoss":8,"pips":68.49999999999991,"pipsPerTrade":0.0919463087248321}}},"perTrade":{"slowWma":123,"trades":650,"pips":797.4999999999993,"pipsPerTrade":1.2250384024577563,"stopLoss":{"best":{"stopLoss":11,"pips":626.9999999999998,"pipsPerTrade":0.963133640552995},"worst":{"stopLoss":3,"pips":-69.50000000000009,"pipsPerTrade":-0.1067588325652843}}}},"worst":{"overall":{"slowWma":172,"trades":1257,"pips":-292.70000000000005,"pipsPerTrade":-0.232670906200318,"stopLoss":{"best":{"stopLoss":18,"pips":138.10000000000028,"pipsPerTrade":0.10977742448330706},"worst":{"stopLoss":2,"pips":-634.2999999999992,"pipsPerTrade":-0.504213036565977}}},"perTrade":{"slowWma":40,"trades":445,"pips":-251.00000000000057,"pipsPerTrade":-0.5627802690582973,"stopLoss":{"best":{"stopLoss":7,"pips":-331.9999999999998,"pipsPerTrade":-0.7443946188340802},"worst":{"stopLoss":14,"pips":-689.6000000000001,"pipsPerTrade":-1.5461883408071753}}}}},"withStopLoss":{"best":{"slowWma":118,"trades":780,"stopLoss":19,"pips":897.6999999999996,"pipsPerTrade":1.1494238156209982},"worst":{"slowWma":39,"trades":437,"stopLoss":14,"pips":-692.1999999999996,"pipsPerTrade":-1.5803652968036521}}}