{"noStops":{"best":{"overall":{"slowWma":115,"trades":746,"pips":1123.8000000000002,"pipsPerTrade":1.5044176706827312,"stopLoss":{"best":{"stopLoss":25,"pips":1002.7000000000004,"pipsPerTrade":1.3423025435073632},"worst":{"stopLoss":1,"pips":52.39999999999999,"pipsPerTrade":0.07014725568942436}}},"perTrade":{"slowWma":123,"trades":652,"pips":1064.8999999999992,"pipsPerTrade":1.6307810107197538,"stopLoss":{"best":{"stopLoss":11,"pips":610.5999999999998,"pipsPerTrade":0.9350689127105662},"worst":{"stopLoss":3,"pips":-85.90000000000009,"pipsPerTrade":-0.13154670750382863}}}},"worst":{"overall":{"slowWma":199,"trades":1651,"pips":-227.10000000000045,"pipsPerTrade":-0.1374697336561746,"stopLoss":{"best":{"stopLoss":19,"pips":122.10000000000028,"pipsPerTrade":0.0739104116222762},"worst":{"stopLoss":4,"pips":-396.39999999999986,"pipsPerTrade":-0.23995157384987886}}},"perTrade":{"slowWma":199,"trades":1651,"pips":-227.10000000000045,"pipsPerTrade":-0.1374697336561746,"stopLoss":{"best":{"stopLoss":19,"pips":122.10000000000028,"pipsPerTrade":0.0739104116222762},"worst":{"stopLoss":4,"pips":-396.39999999999986,"pipsPerTrade":-0.23995157384987886}}}}},"withStopLoss":{"best":{"slowWma":118,"trades":782,"stopLoss":25,"pips":1081.8999999999996,"pipsPerTrade":1.3817369093231158},"worst":{"slowWma":40,"trades":448,"stopLoss":14,"pips":-666.8000000000002,"pipsPerTrade":-1.4850779510022276}}}