{"noStops":{"best":{"overall":{"slowWma":127,"trades":633,"pips":792.0999999999999,"pipsPerTrade":1.2493690851735015,"stopLoss":{"best":{"stopLoss":23,"pips":646.0000000000001,"pipsPerTrade":1.0189274447949528},"worst":{"stopLoss":1,"pips":76.99999999999983,"pipsPerTrade":0.1214511041009461}}},"perTrade":{"slowWma":119,"trades":583,"pips":742.9999999999992,"pipsPerTrade":1.2722602739726014,"stopLoss":{"best":{"stopLoss":19,"pips":866.8999999999992,"pipsPerTrade":1.4844178082191766},"worst":{"stopLoss":1,"pips":-71.80000000000003,"pipsPerTrade":-0.1229452054794521}}}},"worst":{"overall":{"slowWma":40,"trades":430,"pips":-349.6000000000001,"pipsPerTrade":-0.8111368909512763,"stopLoss":{"best":{"stopLoss":3,"pips":-374.90000000000003,"pipsPerTrade":-0.8698375870069607},"worst":{"stopLoss":14,"pips":-970.1999999999999,"pipsPerTrade":-2.251044083526682}}},"perTrade":{"slowWma":40,"trades":430,"pips":-349.6000000000001,"pipsPerTrade":-0.8111368909512763,"stopLoss":{"best":{"stopLoss":3,"pips":-374.90000000000003,"pipsPerTrade":-0.8698375870069607},"worst":{"stopLoss":14,"pips":-970.1999999999999,"pipsPerTrade":-2.251044083526682}}}}},"withStopLoss":{"best":{"slowWma":119,"trades":583,"stopLoss":19,"pips":866.8999999999992,"pipsPerTrade":1.4844178082191766},"worst":{"slowWma":39,"trades":454,"stopLoss":13,"pips":-882.9999999999995,"pipsPerTrade":-1.9406593406593398}}}