{"noStops":{"best":{"overall":{"slowWma":123,"trades":612,"pips":1086.5999999999997,"pipsPerTrade":1.7725938009787923,"stopLoss":{"best":{"stopLoss":25,"pips":864.8999999999997,"pipsPerTrade":1.4109298531810763},"worst":{"stopLoss":1,"pips":-90.29999999999998,"pipsPerTrade":-0.14730831973898856}}},"perTrade":{"slowWma":119,"trades":585,"pips":1051.999999999999,"pipsPerTrade":1.7952218430034115,"stopLoss":{"best":{"stopLoss":25,"pips":1063.2999999999993,"pipsPerTrade":1.8145051194539237},"worst":{"stopLoss":1,"pips":-74.30000000000003,"pipsPerTrade":-0.12679180887372019}}}},"worst":{"overall":{"slowWma":199,"trades":1495,"pips":-191.70000000000007,"pipsPerTrade":-0.12814171122994658,"stopLoss":{"best":{"stopLoss":16,"pips":256.30000000000047,"pipsPerTrade":0.171323529411765},"worst":{"stopLoss":2,"pips":-373.0000000000003,"pipsPerTrade":-0.24933155080213923}}},"perTrade":{"slowWma":40,"trades":433,"pips":-86.3000000000001,"pipsPerTrade":-0.19884792626728132,"stopLoss":{"best":{"stopLoss":3,"pips":-334.2,"pipsPerTrade":-0.7700460829493088},"worst":{"stopLoss":14,"pips":-959.3,"pipsPerTrade":-2.21036866359447}}}}},"withStopLoss":{"best":{"slowWma":119,"trades":585,"stopLoss":25,"pips":1063.2999999999993,"pipsPerTrade":1.8145051194539237},"worst":{"slowWma":39,"trades":457,"stopLoss":13,"pips":-868.1999999999996,"pipsPerTrade":-1.8956331877729249}}}