{"noStops":{"best":{"overall":{"slowWma":125,"trades":721,"pips":1043.1,"pipsPerTrade":1.444736842105263,"stopLoss":{"best":{"stopLoss":25,"pips":974.7999999999996,"pipsPerTrade":1.3501385041551242},"worst":{"stopLoss":1,"pips":-108.90000000000006,"pipsPerTrade":-0.15083102493074801}}},"perTrade":{"slowWma":119,"trades":571,"pips":1004.4999999999999,"pipsPerTrade":1.7561188811188808,"stopLoss":{"best":{"stopLoss":12,"pips":611.0000000000003,"pipsPerTrade":1.0681818181818188},"worst":{"stopLoss":2,"pips":-67.29999999999998,"pipsPerTrade":-0.11765734265734262}}}},"worst":{"overall":{"slowWma":39,"trades":459,"pips":-309.2000000000001,"pipsPerTrade":-0.6721739130434785,"stopLoss":{"best":{"stopLoss":1,"pips":-529.1999999999997,"pipsPerTrade":-1.150434782608695},"worst":{"stopLoss":15,"pips":-1282.1999999999991,"pipsPerTrade":-2.7873913043478242}}},"perTrade":{"slowWma":39,"trades":459,"pips":-309.2000000000001,"pipsPerTrade":-0.6721739130434785,"stopLoss":{"best":{"stopLoss":1,"pips":-529.1999999999997,"pipsPerTrade":-1.150434782608695},"worst":{"stopLoss":15,"pips":-1282.1999999999991,"pipsPerTrade":-2.7873913043478242}}}}},"withStopLoss":{"best":{"slowWma":125,"trades":721,"stopLoss":25,"pips":974.7999999999996,"pipsPerTrade":1.3501385041551242},"worst":{"slowWma":39,"trades":459,"stopLoss":15,"pips":-1282.1999999999991,"pipsPerTrade":-2.7873913043478242}}}