{"noStops":{"best":{"overall":{"slowWma":126,"trades":824,"pips":780.4999999999995,"pipsPerTrade":0.9460606060606055,"stopLoss":{"best":{"stopLoss":5,"pips":714.0999999999996,"pipsPerTrade":0.865575757575757},"worst":{"stopLoss":1,"pips":-90.50000000000006,"pipsPerTrade":-0.10969696969696976}}},"perTrade":{"slowWma":119,"trades":569,"pips":725.9999999999999,"pipsPerTrade":1.2736842105263155,"stopLoss":{"best":{"stopLoss":11,"pips":598.7000000000002,"pipsPerTrade":1.0503508771929828},"worst":{"stopLoss":2,"pips":-56.29999999999998,"pipsPerTrade":-0.09877192982456137}}}},"worst":{"overall":{"slowWma":39,"trades":456,"pips":-547.0000000000001,"pipsPerTrade":-1.1969365426695846,"stopLoss":{"best":{"stopLoss":1,"pips":-567.9999999999998,"pipsPerTrade":-1.24288840262582},"worst":{"stopLoss":14,"pips":-1298.6999999999987,"pipsPerTrade":-2.841794310722098}}},"perTrade":{"slowWma":39,"trades":456,"pips":-547.0000000000001,"pipsPerTrade":-1.1969365426695846,"stopLoss":{"best":{"stopLoss":1,"pips":-567.9999999999998,"pipsPerTrade":-1.24288840262582},"worst":{"stopLoss":14,"pips":-1298.6999999999987,"pipsPerTrade":-2.841794310722098}}}}},"withStopLoss":{"best":{"slowWma":137,"trades":839,"stopLoss":25,"pips":781.3999999999994,"pipsPerTrade":0.9302380952380945},"worst":{"slowWma":39,"trades":456,"stopLoss":14,"pips":-1298.6999999999987,"pipsPerTrade":-2.841794310722098}}}