{"noStops":{"best":{"overall":{"slowWma":127,"trades":648,"pips":761.4999999999999,"pipsPerTrade":1.1733436055469952,"stopLoss":{"best":{"stopLoss":22,"pips":677.2999999999997,"pipsPerTrade":1.043605546995377},"worst":{"stopLoss":2,"pips":346.3000000000006,"pipsPerTrade":0.5335901386748854}}},"perTrade":{"slowWma":119,"trades":554,"pips":705.7999999999996,"pipsPerTrade":1.271711711711711,"stopLoss":{"best":{"stopLoss":7,"pips":771.3999999999997,"pipsPerTrade":1.3899099099099095},"worst":{"stopLoss":3,"pips":215.9000000000003,"pipsPerTrade":0.38900900900900953}}}},"worst":{"overall":{"slowWma":38,"trades":454,"pips":-662.9000000000001,"pipsPerTrade":-1.4569230769230772,"stopLoss":{"best":{"stopLoss":1,"pips":-290.8000000000002,"pipsPerTrade":-0.6391208791208796},"worst":{"stopLoss":21,"pips":-1011.4999999999999,"pipsPerTrade":-2.2230769230769227}}},"perTrade":{"slowWma":38,"trades":454,"pips":-662.9000000000001,"pipsPerTrade":-1.4569230769230772,"stopLoss":{"best":{"stopLoss":1,"pips":-290.8000000000002,"pipsPerTrade":-0.6391208791208796},"worst":{"stopLoss":21,"pips":-1011.4999999999999,"pipsPerTrade":-2.2230769230769227}}}}},"withStopLoss":{"best":{"slowWma":95,"trades":508,"stopLoss":20,"pips":773.1999999999999,"pipsPerTrade":1.5190569744597249},"worst":{"slowWma":39,"trades":450,"stopLoss":23,"pips":-970.8999999999999,"pipsPerTrade":-2.1527716186252768}}}