{"noStops":{"best":{"overall":{"slowWma":127,"trades":650,"pips":999.3999999999999,"pipsPerTrade":1.5351766513056833,"stopLoss":{"best":{"stopLoss":22,"pips":679.7999999999997,"pipsPerTrade":1.044239631336405},"worst":{"stopLoss":2,"pips":343.8000000000006,"pipsPerTrade":0.5281105990783419}}},"perTrade":{"slowWma":119,"trades":556,"pips":967.6999999999996,"pipsPerTrade":1.7373429084380603,"stopLoss":{"best":{"stopLoss":7,"pips":786.2999999999997,"pipsPerTrade":1.4116696588868936},"worst":{"stopLoss":3,"pips":230.8000000000003,"pipsPerTrade":0.41436265709156245}}}},"worst":{"overall":{"slowWma":38,"trades":458,"pips":-320.70000000000005,"pipsPerTrade":-0.6986928104575164,"stopLoss":{"best":{"stopLoss":1,"pips":-162.60000000000022,"pipsPerTrade":-0.35424836601307236},"worst":{"stopLoss":21,"pips":-905.1999999999999,"pipsPerTrade":-1.9721132897603484}}},"perTrade":{"slowWma":38,"trades":458,"pips":-320.70000000000005,"pipsPerTrade":-0.6986928104575164,"stopLoss":{"best":{"stopLoss":1,"pips":-162.60000000000022,"pipsPerTrade":-0.35424836601307236},"worst":{"stopLoss":21,"pips":-905.1999999999999,"pipsPerTrade":-1.9721132897603484}}}}},"withStopLoss":{"best":{"slowWma":125,"trades":712,"stopLoss":25,"pips":868.7999999999995,"pipsPerTrade":1.218513323983169},"worst":{"slowWma":39,"trades":453,"stopLoss":23,"pips":-959.2999999999998,"pipsPerTrade":-2.112995594713656}}}