{"noStops":{"best":{"overall":{"slowWma":127,"trades":643,"pips":983.9999999999997,"pipsPerTrade":1.5279503105590058,"stopLoss":{"best":{"stopLoss":25,"pips":665.5999999999995,"pipsPerTrade":1.0335403726708066},"worst":{"stopLoss":2,"pips":138.09999999999988,"pipsPerTrade":0.2144409937888197}}},"perTrade":{"slowWma":112,"trades":518,"pips":854.2000000000002,"pipsPerTrade":1.6458574181117538,"stopLoss":{"best":{"stopLoss":22,"pips":584.4000000000001,"pipsPerTrade":1.1260115606936418},"worst":{"stopLoss":3,"pips":-11.199999999999914,"pipsPerTrade":-0.021579961464354362}}}},"worst":{"overall":{"slowWma":39,"trades":452,"pips":-300.49999999999994,"pipsPerTrade":-0.6633554083885208,"stopLoss":{"best":{"stopLoss":1,"pips":-381.4999999999999,"pipsPerTrade":-0.8421633554083883},"worst":{"stopLoss":12,"pips":-788.1999999999997,"pipsPerTrade":-1.7399558498896242}}},"perTrade":{"slowWma":39,"trades":452,"pips":-300.49999999999994,"pipsPerTrade":-0.6633554083885208,"stopLoss":{"best":{"stopLoss":1,"pips":-381.4999999999999,"pipsPerTrade":-0.8421633554083883},"worst":{"stopLoss":12,"pips":-788.1999999999997,"pipsPerTrade":-1.7399558498896242}}}}},"withStopLoss":{"best":{"slowWma":126,"trades":739,"stopLoss":25,"pips":865.9999999999994,"pipsPerTrade":1.1702702702702694},"worst":{"slowWma":39,"trades":452,"stopLoss":12,"pips":-788.1999999999997,"pipsPerTrade":-1.7399558498896242}}}