{"noStops":{"best":{"overall":{"slowWma":127,"trades":641,"pips":732.8999999999996,"pipsPerTrade":1.1415887850467283,"stopLoss":{"best":{"stopLoss":25,"pips":655.6999999999995,"pipsPerTrade":1.0213395638629275},"worst":{"stopLoss":2,"pips":146.8999999999999,"pipsPerTrade":0.22881619937694686}}},"perTrade":{"slowWma":112,"trades":517,"pips":600.3000000000002,"pipsPerTrade":1.1588803088803092,"stopLoss":{"best":{"stopLoss":22,"pips":608.4000000000001,"pipsPerTrade":1.1745173745173747},"worst":{"stopLoss":3,"pips":12.800000000000086,"pipsPerTrade":0.024710424710424877}}}},"worst":{"overall":{"slowWma":38,"trades":447,"pips":-596.1,"pipsPerTrade":-1.3305803571428572,"stopLoss":{"best":{"stopLoss":1,"pips":-354.40000000000003,"pipsPerTrade":-0.7910714285714286},"worst":{"stopLoss":18,"pips":-855.4999999999998,"pipsPerTrade":-1.9095982142857137}}},"perTrade":{"slowWma":38,"trades":447,"pips":-596.1,"pipsPerTrade":-1.3305803571428572,"stopLoss":{"best":{"stopLoss":1,"pips":-354.40000000000003,"pipsPerTrade":-0.7910714285714286},"worst":{"stopLoss":18,"pips":-855.4999999999998,"pipsPerTrade":-1.9095982142857137}}}}},"withStopLoss":{"best":{"slowWma":105,"trades":554,"stopLoss":7,"pips":721.6999999999992,"pipsPerTrade":1.300360360360359},"worst":{"slowWma":27,"trades":1391,"stopLoss":14,"pips":-919.6,"pipsPerTrade":-0.660632183908046}}}