{"noStops":{"best":{"overall":{"slowWma":123,"trades":609,"pips":941.3999999999995,"pipsPerTrade":1.5432786885245893,"stopLoss":{"best":{"stopLoss":7,"pips":447.5000000000005,"pipsPerTrade":0.73360655737705},"worst":{"stopLoss":1,"pips":-73.10000000000007,"pipsPerTrade":-0.11983606557377059}}},"perTrade":{"slowWma":104,"trades":508,"pips":809.4000000000002,"pipsPerTrade":1.590176817288802,"stopLoss":{"best":{"stopLoss":24,"pips":709.8999999999999,"pipsPerTrade":1.3946954813359527},"worst":{"stopLoss":14,"pips":405.2000000000002,"pipsPerTrade":0.796070726915521}}}},"worst":{"overall":{"slowWma":199,"trades":1593,"pips":-201.80000000000013,"pipsPerTrade":-0.12659974905897123,"stopLoss":{"best":{"stopLoss":17,"pips":209.6000000000003,"pipsPerTrade":0.1314930991217066},"worst":{"stopLoss":1,"pips":-427.7000000000003,"pipsPerTrade":-0.26831869510665013}}},"perTrade":{"slowWma":37,"trades":455,"pips":-135.10000000000008,"pipsPerTrade":-0.2962719298245616,"stopLoss":{"best":{"stopLoss":20,"pips":-170.2999999999999,"pipsPerTrade":-0.37346491228070156},"worst":{"stopLoss":12,"pips":-605.6999999999998,"pipsPerTrade":-1.3282894736842101}}}}},"withStopLoss":{"best":{"slowWma":137,"trades":938,"stopLoss":22,"pips":822.4999999999993,"pipsPerTrade":0.8759318423855158},"worst":{"slowWma":30,"trades":803,"stopLoss":15,"pips":-947.2000000000003,"pipsPerTrade":-1.1781094527363187}}}