{"noStops":{"best":{"overall":{"slowWma":123,"trades":607,"pips":675.2999999999995,"pipsPerTrade":1.1106907894736835,"stopLoss":{"best":{"stopLoss":7,"pips":418.8000000000005,"pipsPerTrade":0.688815789473685},"worst":{"stopLoss":1,"pips":-98.00000000000007,"pipsPerTrade":-0.1611842105263159}}},"perTrade":{"slowWma":123,"trades":607,"pips":675.2999999999995,"pipsPerTrade":1.1106907894736835,"stopLoss":{"best":{"stopLoss":7,"pips":418.8000000000005,"pipsPerTrade":0.688815789473685},"worst":{"stopLoss":1,"pips":-98.00000000000007,"pipsPerTrade":-0.1611842105263159}}}},"worst":{"overall":{"slowWma":39,"trades":443,"pips":-490.3999999999998,"pipsPerTrade":-1.104504504504504,"stopLoss":{"best":{"stopLoss":25,"pips":-237.59999999999982,"pipsPerTrade":-0.5351351351351348},"worst":{"stopLoss":12,"pips":-949.6999999999995,"pipsPerTrade":-2.138963963963963}}},"perTrade":{"slowWma":39,"trades":443,"pips":-490.3999999999998,"pipsPerTrade":-1.104504504504504,"stopLoss":{"best":{"stopLoss":25,"pips":-237.59999999999982,"pipsPerTrade":-0.5351351351351348},"worst":{"stopLoss":12,"pips":-949.6999999999995,"pipsPerTrade":-2.138963963963963}}}}},"withStopLoss":{"best":{"slowWma":137,"trades":936,"stopLoss":22,"pips":826.4999999999993,"pipsPerTrade":0.8820704375667016},"worst":{"slowWma":30,"trades":795,"stopLoss":15,"pips":-1015.5000000000001,"pipsPerTrade":-1.2757537688442213}}}