{"noStops":{"best":{"overall":{"slowWma":123,"trades":601,"pips":702.3999999999991,"pipsPerTrade":1.1667774086378722,"stopLoss":{"best":{"stopLoss":20,"pips":481.89999999999924,"pipsPerTrade":0.8004983388704306},"worst":{"stopLoss":3,"pips":-90.00000000000018,"pipsPerTrade":-0.14950166112956842}}},"perTrade":{"slowWma":102,"trades":412,"pips":526.2000000000003,"pipsPerTrade":1.2740920096852306,"stopLoss":{"best":{"stopLoss":23,"pips":443.70000000000033,"pipsPerTrade":1.0743341404358362},"worst":{"stopLoss":2,"pips":-92.20000000000009,"pipsPerTrade":-0.22324455205811158}}}},"worst":{"overall":{"slowWma":40,"trades":443,"pips":-559.2000000000003,"pipsPerTrade":-1.2594594594594601,"stopLoss":{"best":{"stopLoss":18,"pips":-299.70000000000005,"pipsPerTrade":-0.6750000000000002},"worst":{"stopLoss":11,"pips":-741.0000000000001,"pipsPerTrade":-1.668918918918919}}},"perTrade":{"slowWma":40,"trades":443,"pips":-559.2000000000003,"pipsPerTrade":-1.2594594594594601,"stopLoss":{"best":{"stopLoss":18,"pips":-299.70000000000005,"pipsPerTrade":-0.6750000000000002},"worst":{"stopLoss":11,"pips":-741.0000000000001,"pipsPerTrade":-1.668918918918919}}}}},"withStopLoss":{"best":{"slowWma":132,"trades":772,"stopLoss":23,"pips":882.4999999999997,"pipsPerTrade":1.1416558861578263},"worst":{"slowWma":29,"trades":1347,"stopLoss":15,"pips":-1218.1000000000006,"pipsPerTrade":-0.9036350148367956}}}