{"noStops":{"best":{"overall":{"slowWma":124,"trades":583,"pips":949.2999999999994,"pipsPerTrade":1.625513698630136,"stopLoss":{"best":{"stopLoss":20,"pips":510.5999999999997,"pipsPerTrade":0.8743150684931501},"worst":{"stopLoss":2,"pips":83.7,"pipsPerTrade":0.14332191780821918}}},"perTrade":{"slowWma":102,"trades":413,"pips":794.0000000000002,"pipsPerTrade":1.9178743961352662,"stopLoss":{"best":{"stopLoss":23,"pips":416.30000000000035,"pipsPerTrade":1.0055555555555564},"worst":{"stopLoss":2,"pips":-95.6000000000001,"pipsPerTrade":-0.23091787439613548}}}},"worst":{"overall":{"slowWma":40,"trades":446,"pips":-315.6000000000003,"pipsPerTrade":-0.7060402684563766,"stopLoss":{"best":{"stopLoss":18,"pips":-29.10000000000006,"pipsPerTrade":-0.06510067114093973},"worst":{"stopLoss":11,"pips":-470.40000000000015,"pipsPerTrade":-1.052348993288591}}},"perTrade":{"slowWma":40,"trades":446,"pips":-315.6000000000003,"pipsPerTrade":-0.7060402684563766,"stopLoss":{"best":{"stopLoss":18,"pips":-29.10000000000006,"pipsPerTrade":-0.06510067114093973},"worst":{"stopLoss":11,"pips":-470.40000000000015,"pipsPerTrade":-1.052348993288591}}}}},"withStopLoss":{"best":{"slowWma":132,"trades":774,"stopLoss":23,"pips":893.3999999999996,"pipsPerTrade":1.1527741935483866},"worst":{"slowWma":29,"trades":1360,"stopLoss":15,"pips":-1176.9000000000012,"pipsPerTrade":-0.8647318148420288}}}