{"noStops":{"best":{"overall":{"slowWma":125,"trades":584,"pips":615.3999999999999,"pipsPerTrade":1.0519658119658117,"stopLoss":{"best":{"stopLoss":20,"pips":628.9,"pipsPerTrade":1.075042735042735},"worst":{"stopLoss":4,"pips":264.1999999999999,"pipsPerTrade":0.4516239316239314}}},"perTrade":{"slowWma":105,"trades":456,"pips":550.3999999999997,"pipsPerTrade":1.204376367614879,"stopLoss":{"best":{"stopLoss":25,"pips":580.1999999999999,"pipsPerTrade":1.2695842450765862},"worst":{"stopLoss":15,"pips":-54.69999999999998,"pipsPerTrade":-0.11969365426695838}}}},"worst":{"overall":{"slowWma":41,"trades":417,"pips":-503.3999999999998,"pipsPerTrade":-1.2043062200956933,"stopLoss":{"best":{"stopLoss":10,"pips":-44.79999999999997,"pipsPerTrade":-0.1071770334928229},"worst":{"stopLoss":8,"pips":-386.8999999999999,"pipsPerTrade":-0.9255980861244018}}},"perTrade":{"slowWma":44,"trades":380,"pips":-484.9,"pipsPerTrade":-1.2727034120734908,"stopLoss":{"best":{"stopLoss":15,"pips":112.60000000000015,"pipsPerTrade":0.2955380577427825},"worst":{"stopLoss":8,"pips":-365.5,"pipsPerTrade":-0.9593175853018373}}}}},"withStopLoss":{"best":{"slowWma":125,"trades":584,"stopLoss":20,"pips":628.9,"pipsPerTrade":1.075042735042735},"worst":{"slowWma":33,"trades":656,"stopLoss":19,"pips":-886.6999999999994,"pipsPerTrade":-1.3496194824961938}}}