{"noStops":{"best":{"overall":{"slowWma":125,"trades":586,"pips":839.8,"pipsPerTrade":1.430664395229983,"stopLoss":{"best":{"stopLoss":20,"pips":610.1,"pipsPerTrade":1.0393526405451448},"worst":{"stopLoss":4,"pips":258.6999999999999,"pipsPerTrade":0.44071550255536607}}},"perTrade":{"slowWma":101,"trades":407,"pips":743.1000000000004,"pipsPerTrade":1.8213235294117656,"stopLoss":{"best":{"stopLoss":22,"pips":434.60000000000025,"pipsPerTrade":1.0651960784313732},"worst":{"stopLoss":2,"pips":-53.30000000000002,"pipsPerTrade":-0.13063725490196082}}}},"worst":{"overall":{"slowWma":199,"trades":1358,"pips":-318.20000000000016,"pipsPerTrade":-0.23414275202354684,"stopLoss":{"best":{"stopLoss":23,"pips":103.3000000000001,"pipsPerTrade":0.07601177336276681},"worst":{"stopLoss":9,"pips":-503.5000000000005,"pipsPerTrade":-0.3704930095658576}}},"perTrade":{"slowWma":44,"trades":383,"pips":-307.9,"pipsPerTrade":-0.8018229166666666,"stopLoss":{"best":{"stopLoss":15,"pips":322.0000000000001,"pipsPerTrade":0.838541666666667},"worst":{"stopLoss":8,"pips":-148.00000000000003,"pipsPerTrade":-0.38541666666666674}}}}},"withStopLoss":{"best":{"slowWma":52,"trades":343,"stopLoss":18,"pips":869.1999999999998,"pipsPerTrade":2.526744186046511},"worst":{"slowWma":33,"trades":666,"stopLoss":19,"pips":-796.9999999999995,"pipsPerTrade":-1.1949025487256364}}}