{"noStops":{"best":{"overall":{"slowWma":127,"trades":927,"pips":561.8000000000005,"pipsPerTrade":0.6053879310344833,"stopLoss":{"best":{"stopLoss":19,"pips":669.2000000000004,"pipsPerTrade":0.7211206896551728},"worst":{"stopLoss":11,"pips":-47.39999999999997,"pipsPerTrade":-0.05107758620689652}}},"perTrade":{"slowWma":117,"trades":814,"pips":559.9999999999989,"pipsPerTrade":0.6871165644171765,"stopLoss":{"best":{"stopLoss":17,"pips":750.2999999999987,"pipsPerTrade":0.9206134969325137},"worst":{"stopLoss":1,"pips":171.00000000000003,"pipsPerTrade":0.20981595092024544}}}},"worst":{"overall":{"slowWma":164,"trades":1402,"pips":-430.70000000000005,"pipsPerTrade":-0.3069850320741269,"stopLoss":{"best":{"stopLoss":21,"pips":-272.7000000000001,"pipsPerTrade":-0.1943692088382039},"worst":{"stopLoss":4,"pips":-648.9,"pipsPerTrade":-0.46250890947968637}}},"perTrade":{"slowWma":164,"trades":1402,"pips":-430.70000000000005,"pipsPerTrade":-0.3069850320741269,"stopLoss":{"best":{"stopLoss":21,"pips":-272.7000000000001,"pipsPerTrade":-0.1943692088382039},"worst":{"stopLoss":4,"pips":-648.9,"pipsPerTrade":-0.46250890947968637}}}}},"withStopLoss":{"best":{"slowWma":119,"trades":805,"stopLoss":17,"pips":755.8000000000003,"pipsPerTrade":0.9377171215880897},"worst":{"slowWma":152,"trades":1270,"stopLoss":1,"pips":-698.7999999999998,"pipsPerTrade":-0.5498033044846576}}}