{"noStops":{"best":{"overall":{"slowWma":105,"trades":451,"pips":536.1999999999997,"pipsPerTrade":1.1862831858407072,"stopLoss":{"best":{"stopLoss":25,"pips":513.7999999999997,"pipsPerTrade":1.1367256637168135},"worst":{"stopLoss":1,"pips":234.20000000000022,"pipsPerTrade":0.5181415929203544}}},"perTrade":{"slowWma":105,"trades":451,"pips":536.1999999999997,"pipsPerTrade":1.1862831858407072,"stopLoss":{"best":{"stopLoss":25,"pips":513.7999999999997,"pipsPerTrade":1.1367256637168135},"worst":{"stopLoss":1,"pips":234.20000000000022,"pipsPerTrade":0.5181415929203544}}}},"worst":{"overall":{"slowWma":40,"trades":445,"pips":-740.6000000000001,"pipsPerTrade":-1.6605381165919286,"stopLoss":{"best":{"stopLoss":1,"pips":-29.899999999999885,"pipsPerTrade":-0.06704035874439436},"worst":{"stopLoss":8,"pips":-746.5,"pipsPerTrade":-1.6737668161434978}}},"perTrade":{"slowWma":40,"trades":445,"pips":-740.6000000000001,"pipsPerTrade":-1.6605381165919286,"stopLoss":{"best":{"stopLoss":1,"pips":-29.899999999999885,"pipsPerTrade":-0.06704035874439436},"worst":{"stopLoss":8,"pips":-746.5,"pipsPerTrade":-1.6737668161434978}}}}},"withStopLoss":{"best":{"slowWma":52,"trades":340,"stopLoss":2,"pips":735.8999999999997,"pipsPerTrade":2.1580645161290315},"worst":{"slowWma":41,"trades":421,"stopLoss":8,"pips":-883.0999999999999,"pipsPerTrade":-2.092654028436019}}}