{"noStops":{"best":{"overall":{"slowWma":105,"trades":452,"pips":777.0999999999997,"pipsPerTrade":1.715452538631346,"stopLoss":{"best":{"stopLoss":25,"pips":484.4999999999997,"pipsPerTrade":1.069536423841059},"worst":{"stopLoss":1,"pips":227.4000000000002,"pipsPerTrade":0.5019867549668878}}},"perTrade":{"slowWma":105,"trades":452,"pips":777.0999999999997,"pipsPerTrade":1.715452538631346,"stopLoss":{"best":{"stopLoss":25,"pips":484.4999999999997,"pipsPerTrade":1.069536423841059},"worst":{"stopLoss":1,"pips":227.4000000000002,"pipsPerTrade":0.5019867549668878}}}},"worst":{"overall":{"slowWma":40,"trades":448,"pips":-552.0000000000001,"pipsPerTrade":-1.2293986636971048,"stopLoss":{"best":{"stopLoss":1,"pips":-67.19999999999987,"pipsPerTrade":-0.14966592427616898},"worst":{"stopLoss":8,"pips":-782.1,"pipsPerTrade":-1.7418708240534522}}},"perTrade":{"slowWma":40,"trades":448,"pips":-552.0000000000001,"pipsPerTrade":-1.2293986636971048,"stopLoss":{"best":{"stopLoss":1,"pips":-67.19999999999987,"pipsPerTrade":-0.14966592427616898},"worst":{"stopLoss":8,"pips":-782.1,"pipsPerTrade":-1.7418708240534522}}}}},"withStopLoss":{"best":{"slowWma":53,"trades":343,"stopLoss":18,"pips":974.4000000000003,"pipsPerTrade":2.8325581395348847},"worst":{"slowWma":41,"trades":424,"stopLoss":8,"pips":-917.4,"pipsPerTrade":-2.1585882352941175}}}