{"noStops":{"best":{"overall":{"slowWma":105,"trades":523,"pips":396.59999999999997,"pipsPerTrade":0.7568702290076336,"stopLoss":{"best":{"stopLoss":4,"pips":554.5000000000001,"pipsPerTrade":1.0582061068702293},"worst":{"stopLoss":11,"pips":221.29999999999987,"pipsPerTrade":0.4223282442748089}}},"perTrade":{"slowWma":105,"trades":523,"pips":396.59999999999997,"pipsPerTrade":0.7568702290076336,"stopLoss":{"best":{"stopLoss":4,"pips":554.5000000000001,"pipsPerTrade":1.0582061068702293},"worst":{"stopLoss":11,"pips":221.29999999999987,"pipsPerTrade":0.4223282442748089}}}},"worst":{"overall":{"slowWma":37,"trades":516,"pips":-878.6999999999996,"pipsPerTrade":-1.6996131528046414,"stopLoss":{"best":{"stopLoss":1,"pips":-133.99999999999994,"pipsPerTrade":-0.25918762088974845},"worst":{"stopLoss":10,"pips":-778.3000000000006,"pipsPerTrade":-1.505415860735011}}},"perTrade":{"slowWma":40,"trades":458,"pips":-804.6999999999999,"pipsPerTrade":-1.7531590413943354,"stopLoss":{"best":{"stopLoss":1,"pips":-231.90000000000018,"pipsPerTrade":-0.5052287581699351},"worst":{"stopLoss":9,"pips":-979.6000000000006,"pipsPerTrade":-2.134204793028324}}}}},"withStopLoss":{"best":{"slowWma":51,"trades":377,"stopLoss":17,"pips":657.1999999999999,"pipsPerTrade":1.7386243386243385},"worst":{"slowWma":32,"trades":1266,"stopLoss":12,"pips":-1142.4999999999995,"pipsPerTrade":-0.9017363851617992}}}