{"noStops":{"best":{"overall":{"slowWma":105,"trades":524,"pips":614.5999999999999,"pipsPerTrade":1.1706666666666665,"stopLoss":{"best":{"stopLoss":4,"pips":545.8000000000001,"pipsPerTrade":1.0396190476190477},"worst":{"stopLoss":11,"pips":209.39999999999986,"pipsPerTrade":0.3988571428571426}}},"perTrade":{"slowWma":104,"trades":417,"pips":540.9000000000004,"pipsPerTrade":1.2940191387559818,"stopLoss":{"best":{"stopLoss":4,"pips":387.19999999999965,"pipsPerTrade":0.9263157894736833},"worst":{"stopLoss":2,"pips":83.40000000000003,"pipsPerTrade":0.19952153110047854}}}},"worst":{"overall":{"slowWma":40,"trades":461,"pips":-611.4,"pipsPerTrade":-1.3233766233766233,"stopLoss":{"best":{"stopLoss":19,"pips":-204.5999999999998,"pipsPerTrade":-0.4428571428571424},"worst":{"stopLoss":9,"pips":-1019.1000000000006,"pipsPerTrade":-2.205844155844157}}},"perTrade":{"slowWma":40,"trades":461,"pips":-611.4,"pipsPerTrade":-1.3233766233766233,"stopLoss":{"best":{"stopLoss":19,"pips":-204.5999999999998,"pipsPerTrade":-0.4428571428571424},"worst":{"stopLoss":9,"pips":-1019.1000000000006,"pipsPerTrade":-2.205844155844157}}}}},"withStopLoss":{"best":{"slowWma":54,"trades":367,"stopLoss":16,"pips":952.6,"pipsPerTrade":2.588586956521739},"worst":{"slowWma":32,"trades":1281,"stopLoss":12,"pips":-995.2999999999994,"pipsPerTrade":-0.7763650546021836}}}