{"noStops":{"best":{"overall":{"slowWma":99,"trades":421,"pips":522.1000000000001,"pipsPerTrade":1.2372037914691947,"stopLoss":{"best":{"stopLoss":3,"pips":364.6000000000002,"pipsPerTrade":0.8639810426540289},"worst":{"stopLoss":9,"pips":40.30000000000007,"pipsPerTrade":0.09549763033175372}}},"perTrade":{"slowWma":99,"trades":421,"pips":522.1000000000001,"pipsPerTrade":1.2372037914691947,"stopLoss":{"best":{"stopLoss":3,"pips":364.6000000000002,"pipsPerTrade":0.8639810426540289},"worst":{"stopLoss":9,"pips":40.30000000000007,"pipsPerTrade":0.09549763033175372}}}},"worst":{"overall":{"slowWma":37,"trades":563,"pips":-720.9,"pipsPerTrade":-1.2781914893617021,"stopLoss":{"best":{"stopLoss":1,"pips":-65.19999999999972,"pipsPerTrade":-0.11560283687943212},"worst":{"stopLoss":10,"pips":-854.5000000000006,"pipsPerTrade":-1.5150709219858167}}},"perTrade":{"slowWma":37,"trades":563,"pips":-720.9,"pipsPerTrade":-1.2781914893617021,"stopLoss":{"best":{"stopLoss":1,"pips":-65.19999999999972,"pipsPerTrade":-0.11560283687943212},"worst":{"stopLoss":10,"pips":-854.5000000000006,"pipsPerTrade":-1.5150709219858167}}}}},"withStopLoss":{"best":{"slowWma":54,"trades":363,"stopLoss":24,"pips":795.8000000000003,"pipsPerTrade":2.186263736263737},"worst":{"slowWma":38,"trades":528,"stopLoss":8,"pips":-754.5000000000002,"pipsPerTrade":-1.4262759924385637}}}