{"noStops":{"best":{"overall":{"slowWma":99,"trades":420,"pips":281.20000000000016,"pipsPerTrade":0.6679334916864612,"stopLoss":{"best":{"stopLoss":3,"pips":388.6000000000002,"pipsPerTrade":0.9230403800475064},"worst":{"stopLoss":9,"pips":64.30000000000007,"pipsPerTrade":0.15273159144893128}}},"perTrade":{"slowWma":99,"trades":420,"pips":281.20000000000016,"pipsPerTrade":0.6679334916864612,"stopLoss":{"best":{"stopLoss":3,"pips":388.6000000000002,"pipsPerTrade":0.9230403800475064},"worst":{"stopLoss":9,"pips":64.30000000000007,"pipsPerTrade":0.15273159144893128}}}},"worst":{"overall":{"slowWma":37,"trades":558,"pips":-931.1999999999999,"pipsPerTrade":-1.6658318425760286,"stopLoss":{"best":{"stopLoss":1,"pips":-8.899999999999718,"pipsPerTrade":-0.015921288014310767},"worst":{"stopLoss":10,"pips":-903.3000000000005,"pipsPerTrade":-1.6159212880143121}}},"perTrade":{"slowWma":37,"trades":558,"pips":-931.1999999999999,"pipsPerTrade":-1.6658318425760286,"stopLoss":{"best":{"stopLoss":1,"pips":-8.899999999999718,"pipsPerTrade":-0.015921288014310767},"worst":{"stopLoss":10,"pips":-903.3000000000005,"pipsPerTrade":-1.6159212880143121}}}}},"withStopLoss":{"best":{"slowWma":55,"trades":382,"stopLoss":18,"pips":678.2999999999998,"pipsPerTrade":1.7710182767624016},"worst":{"slowWma":40,"trades":474,"stopLoss":10,"pips":-864.2999999999998,"pipsPerTrade":-1.8195789473684207}}}