{"noStops":{"best":{"overall":{"slowWma":92,"trades":398,"pips":443.9000000000003,"pipsPerTrade":1.1125313283208027,"stopLoss":{"best":{"stopLoss":5,"pips":466.9000000000001,"pipsPerTrade":1.1701754385964915},"worst":{"stopLoss":9,"pips":180.4000000000005,"pipsPerTrade":0.45213032581453755}}},"perTrade":{"slowWma":91,"trades":365,"pips":416.5000000000002,"pipsPerTrade":1.1379781420765034,"stopLoss":{"best":{"stopLoss":2,"pips":609.5,"pipsPerTrade":1.6653005464480874},"worst":{"stopLoss":22,"pips":164.10000000000025,"pipsPerTrade":0.4483606557377056}}}},"worst":{"overall":{"slowWma":37,"trades":623,"pips":-760.3000000000008,"pipsPerTrade":-1.2184294871794883,"stopLoss":{"best":{"stopLoss":13,"pips":-259.7,"pipsPerTrade":-0.4161858974358974},"worst":{"stopLoss":7,"pips":-832.2000000000003,"pipsPerTrade":-1.3336538461538465}}},"perTrade":{"slowWma":37,"trades":623,"pips":-760.3000000000008,"pipsPerTrade":-1.2184294871794883,"stopLoss":{"best":{"stopLoss":13,"pips":-259.7,"pipsPerTrade":-0.4161858974358974},"worst":{"stopLoss":7,"pips":-832.2000000000003,"pipsPerTrade":-1.3336538461538465}}}}},"withStopLoss":{"best":{"slowWma":73,"trades":370,"stopLoss":10,"pips":887.5,"pipsPerTrade":2.3921832884097034},"worst":{"slowWma":37,"trades":623,"stopLoss":7,"pips":-832.2000000000003,"pipsPerTrade":-1.3336538461538465}}}