{"noStops":{"best":{"overall":{"slowWma":92,"trades":397,"pips":190.00000000000034,"pipsPerTrade":0.4773869346733677,"stopLoss":{"best":{"stopLoss":5,"pips":494.30000000000007,"pipsPerTrade":1.241959798994975},"worst":{"stopLoss":9,"pips":207.8000000000005,"pipsPerTrade":0.5221105527638203}}},"perTrade":{"slowWma":92,"trades":397,"pips":190.00000000000034,"pipsPerTrade":0.4773869346733677,"stopLoss":{"best":{"stopLoss":5,"pips":494.30000000000007,"pipsPerTrade":1.241959798994975},"worst":{"stopLoss":9,"pips":207.8000000000005,"pipsPerTrade":0.5221105527638203}}}},"worst":{"overall":{"slowWma":37,"trades":616,"pips":-768.1000000000006,"pipsPerTrade":-1.2448946515397092,"stopLoss":{"best":{"stopLoss":1,"pips":-284.50000000000006,"pipsPerTrade":-0.46110210696920595},"worst":{"stopLoss":7,"pips":-889.7000000000003,"pipsPerTrade":-1.4419773095623991}}},"perTrade":{"slowWma":38,"trades":557,"pips":-695.3000000000002,"pipsPerTrade":-1.2460573476702512,"stopLoss":{"best":{"stopLoss":14,"pips":-182.59999999999982,"pipsPerTrade":-0.3272401433691753},"worst":{"stopLoss":7,"pips":-741.5999999999998,"pipsPerTrade":-1.3290322580645157}}}}},"withStopLoss":{"best":{"slowWma":137,"trades":661,"stopLoss":12,"pips":629.0000000000006,"pipsPerTrade":0.9501510574018135},"worst":{"slowWma":37,"trades":616,"stopLoss":7,"pips":-889.7000000000003,"pipsPerTrade":-1.4419773095623991}}}