{"noStops":{"best":{"overall":{"slowWma":103,"trades":564,"pips":126.30000000000015,"pipsPerTrade":0.22353982300884984,"stopLoss":{"best":{"stopLoss":4,"pips":177.00000000000028,"pipsPerTrade":0.31327433628318635},"worst":{"stopLoss":12,"pips":-354.90000000000003,"pipsPerTrade":-0.6281415929203541}}},"perTrade":{"slowWma":104,"trades":429,"pips":117.00000000000036,"pipsPerTrade":0.2720930232558148,"stopLoss":{"best":{"stopLoss":4,"pips":185.6000000000003,"pipsPerTrade":0.4316279069767449},"worst":{"stopLoss":12,"pips":-337.1000000000001,"pipsPerTrade":-0.7839534883720932}}}},"worst":{"overall":{"slowWma":41,"trades":492,"pips":-635.5999999999999,"pipsPerTrade":-1.2892494929006084,"stopLoss":{"best":{"stopLoss":2,"pips":-97.00000000000027,"pipsPerTrade":-0.19675456389452387},"worst":{"stopLoss":16,"pips":-586.3,"pipsPerTrade":-1.1892494929006083}}},"perTrade":{"slowWma":51,"trades":377,"pips":-586.9999999999999,"pipsPerTrade":-1.5529100529100526,"stopLoss":{"best":{"stopLoss":9,"pips":63.40000000000021,"pipsPerTrade":0.16772486772486828},"worst":{"stopLoss":7,"pips":-477.0999999999999,"pipsPerTrade":-1.2621693121693118}}}}},"withStopLoss":{"best":{"slowWma":59,"trades":376,"stopLoss":7,"pips":646.8000000000002,"pipsPerTrade":1.7156498673740057},"worst":{"slowWma":36,"trades":866,"stopLoss":8,"pips":-1003.2000000000002,"pipsPerTrade":-1.1570934256055365}}}