{"noStops":{"best":{"overall":{"slowWma":127,"trades":585,"pips":408.8000000000005,"pipsPerTrade":0.6976109215017073,"stopLoss":{"best":{"stopLoss":12,"pips":576.3000000000006,"pipsPerTrade":0.9834470989761103},"worst":{"stopLoss":2,"pips":-125.20000000000014,"pipsPerTrade":-0.21365187713310604}}},"perTrade":{"slowWma":82,"trades":370,"pips":358.60000000000014,"pipsPerTrade":0.9665768194070085,"stopLoss":{"best":{"stopLoss":20,"pips":578.1000000000005,"pipsPerTrade":1.5582210242587613},"worst":{"stopLoss":2,"pips":-270.20000000000005,"pipsPerTrade":-0.728301886792453}}}},"worst":{"overall":{"slowWma":37,"trades":707,"pips":-578.3000000000002,"pipsPerTrade":-0.81680790960452,"stopLoss":{"best":{"stopLoss":9,"pips":61.60000000000008,"pipsPerTrade":0.08700564971751423},"worst":{"stopLoss":8,"pips":-447.1000000000001,"pipsPerTrade":-0.631497175141243}}},"perTrade":{"slowWma":51,"trades":380,"pips":-339.79999999999984,"pipsPerTrade":-0.891863517060367,"stopLoss":{"best":{"stopLoss":9,"pips":290.10000000000025,"pipsPerTrade":0.7614173228346464},"worst":{"stopLoss":7,"pips":-245.59999999999988,"pipsPerTrade":-0.6446194225721782}}}}},"withStopLoss":{"best":{"slowWma":54,"trades":352,"stopLoss":3,"pips":876.6000000000001,"pipsPerTrade":2.4832861189801703},"worst":{"slowWma":36,"trades":877,"stopLoss":8,"pips":-925.1,"pipsPerTrade":-1.0536446469248293}}}