{"noStops":{"best":{"overall":{"slowWma":127,"trades":578,"pips":487.20000000000056,"pipsPerTrade":0.8414507772020735,"stopLoss":{"best":{"stopLoss":12,"pips":600.5000000000003,"pipsPerTrade":1.0371329879101905},"worst":{"stopLoss":2,"pips":-95.1999999999999,"pipsPerTrade":-0.16442141623488757}}},"perTrade":{"slowWma":67,"trades":353,"pips":395.4999999999999,"pipsPerTrade":1.1172316384180787,"stopLoss":{"best":{"stopLoss":18,"pips":334.5999999999999,"pipsPerTrade":0.9451977401129941},"worst":{"stopLoss":3,"pips":-356.8999999999999,"pipsPerTrade":-1.00819209039548}}}},"worst":{"overall":{"slowWma":36,"trades":1198,"pips":-409.3999999999995,"pipsPerTrade":-0.3414512093411172,"stopLoss":{"best":{"stopLoss":14,"pips":-133.4000000000001,"pipsPerTrade":-0.11125938281901593},"worst":{"stopLoss":8,"pips":-824.4000000000001,"pipsPerTrade":-0.6875729774812345}}},"perTrade":{"slowWma":45,"trades":425,"pips":-323.8000000000001,"pipsPerTrade":-0.7600938967136153,"stopLoss":{"best":{"stopLoss":15,"pips":147.50000000000006,"pipsPerTrade":0.3462441314553992},"worst":{"stopLoss":8,"pips":-202.6999999999999,"pipsPerTrade":-0.47582159624413123}}}}},"withStopLoss":{"best":{"slowWma":56,"trades":341,"stopLoss":25,"pips":920.3000000000002,"pipsPerTrade":2.6909356725146205},"worst":{"slowWma":36,"trades":1198,"stopLoss":8,"pips":-824.4000000000001,"pipsPerTrade":-0.6875729774812345}}}