{"noStops":{"best":{"overall":{"slowWma":102,"trades":387,"pips":184.40000000000006,"pipsPerTrade":0.47525773195876303,"stopLoss":{"best":{"stopLoss":4,"pips":139.50000000000006,"pipsPerTrade":0.35953608247422697},"worst":{"stopLoss":12,"pips":-339.3,"pipsPerTrade":-0.8744845360824742}}},"perTrade":{"slowWma":102,"trades":387,"pips":184.40000000000006,"pipsPerTrade":0.47525773195876303,"stopLoss":{"best":{"stopLoss":4,"pips":139.50000000000006,"pipsPerTrade":0.35953608247422697},"worst":{"stopLoss":12,"pips":-339.3,"pipsPerTrade":-0.8744845360824742}}}},"worst":{"overall":{"slowWma":39,"trades":615,"pips":-540.8999999999999,"pipsPerTrade":-0.8780844155844154,"stopLoss":{"best":{"stopLoss":1,"pips":-270.7,"pipsPerTrade":-0.4394480519480519},"worst":{"stopLoss":11,"pips":-701.3000000000001,"pipsPerTrade":-1.138474025974026}}},"perTrade":{"slowWma":50,"trades":376,"pips":-512.4999999999998,"pipsPerTrade":-1.3594164456233415,"stopLoss":{"best":{"stopLoss":15,"pips":145.6999999999999,"pipsPerTrade":0.3864721485411138},"worst":{"stopLoss":7,"pips":-447.40000000000003,"pipsPerTrade":-1.186737400530504}}}}},"withStopLoss":{"best":{"slowWma":57,"trades":325,"stopLoss":8,"pips":654.7999999999994,"pipsPerTrade":2.008588957055213},"worst":{"slowWma":39,"trades":615,"stopLoss":11,"pips":-701.3000000000001,"pipsPerTrade":-1.138474025974026}}}