{"noStops":{"best":{"overall":{"slowWma":115,"trades":618,"pips":177.7,"pipsPerTrade":0.287075928917609,"stopLoss":{"best":{"stopLoss":8,"pips":196.8,"pipsPerTrade":0.31793214862681746},"worst":{"stopLoss":2,"pips":-69.80000000000001,"pipsPerTrade":-0.11276252019386108}}},"perTrade":{"slowWma":115,"trades":618,"pips":177.7,"pipsPerTrade":0.287075928917609,"stopLoss":{"best":{"stopLoss":8,"pips":196.8,"pipsPerTrade":0.31793214862681746},"worst":{"stopLoss":2,"pips":-69.80000000000001,"pipsPerTrade":-0.11276252019386108}}}},"worst":{"overall":{"slowWma":45,"trades":436,"pips":-655,"pipsPerTrade":-1.4988558352402745,"stopLoss":{"best":{"stopLoss":24,"pips":-192.90000000000003,"pipsPerTrade":-0.44141876430205956},"worst":{"stopLoss":9,"pips":-531.7,"pipsPerTrade":-1.216704805491991}}},"perTrade":{"slowWma":49,"trades":382,"pips":-635.4,"pipsPerTrade":-1.6590078328981723,"stopLoss":{"best":{"stopLoss":4,"pips":4.900000000000004,"pipsPerTrade":0.01279373368146215},"worst":{"stopLoss":2,"pips":-332.8000000000002,"pipsPerTrade":-0.8689295039164495}}}}},"withStopLoss":{"best":{"slowWma":55,"trades":323,"stopLoss":9,"pips":626.7999999999997,"pipsPerTrade":1.9345679012345671},"worst":{"slowWma":41,"trades":551,"stopLoss":16,"pips":-617.8999999999995,"pipsPerTrade":-1.1193840579710137}}}