{"noStops":{"best":{"overall":{"slowWma":115,"trades":619,"pips":441,"pipsPerTrade":0.7112903225806452,"stopLoss":{"best":{"stopLoss":8,"pips":185.5,"pipsPerTrade":0.2991935483870968},"worst":{"stopLoss":25,"pips":-89.19999999999985,"pipsPerTrade":-0.14387096774193522}}},"perTrade":{"slowWma":66,"trades":317,"pips":327.3,"pipsPerTrade":1.0292452830188679,"stopLoss":{"best":{"stopLoss":13,"pips":302.29999999999995,"pipsPerTrade":0.9506289308176099},"worst":{"stopLoss":3,"pips":-379.8,"pipsPerTrade":-1.1943396226415095}}}},"worst":{"overall":{"slowWma":45,"trades":439,"pips":-478.2,"pipsPerTrade":-1.0868181818181817,"stopLoss":{"best":{"stopLoss":24,"pips":-65.40000000000002,"pipsPerTrade":-0.14863636363636368},"worst":{"stopLoss":9,"pips":-571.9000000000001,"pipsPerTrade":-1.2997727272727275}}},"perTrade":{"slowWma":45,"trades":439,"pips":-478.2,"pipsPerTrade":-1.0868181818181817,"stopLoss":{"best":{"stopLoss":24,"pips":-65.40000000000002,"pipsPerTrade":-0.14863636363636368},"worst":{"stopLoss":9,"pips":-571.9000000000001,"pipsPerTrade":-1.2997727272727275}}}}},"withStopLoss":{"best":{"slowWma":54,"trades":367,"stopLoss":13,"pips":662.0999999999998,"pipsPerTrade":1.799184782608695},"worst":{"slowWma":70,"trades":353,"stopLoss":9,"pips":-609.1999999999999,"pipsPerTrade":-1.7209039548022598}}}