{"noStops":{"best":{"overall":{"slowWma":98,"trades":465,"pips":130.29999999999987,"pipsPerTrade":0.27961373390557914,"stopLoss":{"best":{"stopLoss":25,"pips":183.09999999999997,"pipsPerTrade":0.3929184549356222},"worst":{"stopLoss":2,"pips":-334.9999999999999,"pipsPerTrade":-0.7188841201716736}}},"perTrade":{"slowWma":98,"trades":465,"pips":130.29999999999987,"pipsPerTrade":0.27961373390557914,"stopLoss":{"best":{"stopLoss":25,"pips":183.09999999999997,"pipsPerTrade":0.3929184549356222},"worst":{"stopLoss":2,"pips":-334.9999999999999,"pipsPerTrade":-0.7188841201716736}}}},"worst":{"overall":{"slowWma":47,"trades":422,"pips":-627.6999999999999,"pipsPerTrade":-1.4839243498817964,"stopLoss":{"best":{"stopLoss":3,"pips":313.7999999999998,"pipsPerTrade":0.7418439716312052},"worst":{"stopLoss":16,"pips":-332.7000000000001,"pipsPerTrade":-0.7865248226950357}}},"perTrade":{"slowWma":47,"trades":422,"pips":-627.6999999999999,"pipsPerTrade":-1.4839243498817964,"stopLoss":{"best":{"stopLoss":3,"pips":313.7999999999998,"pipsPerTrade":0.7418439716312052},"worst":{"stopLoss":16,"pips":-332.7000000000001,"pipsPerTrade":-0.7865248226950357}}}}},"withStopLoss":{"best":{"slowWma":129,"trades":762,"stopLoss":17,"pips":581.4000000000004,"pipsPerTrade":0.7619921363040635},"worst":{"slowWma":43,"trades":511,"stopLoss":8,"pips":-489.69999999999976,"pipsPerTrade":-0.9564453124999995}}}