{"noStops":{"best":{"overall":{"slowWma":98,"trades":466,"pips":397.4999999999999,"pipsPerTrade":0.8511777301927193,"stopLoss":{"best":{"stopLoss":25,"pips":152.19999999999996,"pipsPerTrade":0.3259100642398286},"worst":{"stopLoss":2,"pips":-343.39999999999986,"pipsPerTrade":-0.7353319057815842}}},"perTrade":{"slowWma":98,"trades":466,"pips":397.4999999999999,"pipsPerTrade":0.8511777301927193,"stopLoss":{"best":{"stopLoss":25,"pips":152.19999999999996,"pipsPerTrade":0.3259100642398286},"worst":{"stopLoss":2,"pips":-343.39999999999986,"pipsPerTrade":-0.7353319057815842}}}},"worst":{"overall":{"slowWma":47,"trades":425,"pips":-444.19999999999993,"pipsPerTrade":-1.0427230046948355,"stopLoss":{"best":{"stopLoss":3,"pips":293.2999999999998,"pipsPerTrade":0.6884976525821591},"worst":{"stopLoss":16,"pips":-367.00000000000006,"pipsPerTrade":-0.8615023474178405}}},"perTrade":{"slowWma":47,"trades":425,"pips":-444.19999999999993,"pipsPerTrade":-1.0427230046948355,"stopLoss":{"best":{"stopLoss":3,"pips":293.2999999999998,"pipsPerTrade":0.6884976525821591},"worst":{"stopLoss":16,"pips":-367.00000000000006,"pipsPerTrade":-0.8615023474178405}}}}},"withStopLoss":{"best":{"slowWma":56,"trades":358,"stopLoss":21,"pips":697.1000000000004,"pipsPerTrade":1.941782729805015},"worst":{"slowWma":43,"trades":514,"stopLoss":8,"pips":-514.1999999999998,"pipsPerTrade":-0.9984466019417472}}}