{"noStops":{"best":{"overall":{"slowWma":96,"trades":365,"pips":435.4,"pipsPerTrade":1.1896174863387978,"stopLoss":{"best":{"stopLoss":24,"pips":130.80000000000004,"pipsPerTrade":0.357377049180328},"worst":{"stopLoss":1,"pips":-354.4999999999997,"pipsPerTrade":-0.9685792349726768}}},"perTrade":{"slowWma":96,"trades":365,"pips":435.4,"pipsPerTrade":1.1896174863387978,"stopLoss":{"best":{"stopLoss":24,"pips":130.80000000000004,"pipsPerTrade":0.357377049180328},"worst":{"stopLoss":1,"pips":-354.4999999999997,"pipsPerTrade":-0.9685792349726768}}}},"worst":{"overall":{"slowWma":43,"trades":553,"pips":-472.2000000000001,"pipsPerTrade":-0.8523465703971121,"stopLoss":{"best":{"stopLoss":1,"pips":-95.09999999999997,"pipsPerTrade":-0.17166064981949453},"worst":{"stopLoss":24,"pips":-481.79999999999995,"pipsPerTrade":-0.8696750902527075}}},"perTrade":{"slowWma":47,"trades":423,"pips":-468.39999999999986,"pipsPerTrade":-1.1047169811320752,"stopLoss":{"best":{"stopLoss":4,"pips":123.29999999999995,"pipsPerTrade":0.2908018867924527},"worst":{"stopLoss":16,"pips":-508.0000000000001,"pipsPerTrade":-1.19811320754717}}}}},"withStopLoss":{"best":{"slowWma":73,"trades":338,"stopLoss":2,"pips":614.4999999999999,"pipsPerTrade":1.8126843657817107},"worst":{"slowWma":100,"trades":439,"stopLoss":9,"pips":-485.1000000000001,"pipsPerTrade":-1.1025000000000003}}}