{"noStops":{"best":{"overall":{"slowWma":96,"trades":364,"pips":157.69999999999996,"pipsPerTrade":0.43205479452054785,"stopLoss":{"best":{"stopLoss":24,"pips":155.70000000000005,"pipsPerTrade":0.42657534246575357},"worst":{"stopLoss":1,"pips":-346.09999999999974,"pipsPerTrade":-0.948219178082191}}},"perTrade":{"slowWma":96,"trades":364,"pips":157.69999999999996,"pipsPerTrade":0.43205479452054785,"stopLoss":{"best":{"stopLoss":24,"pips":155.70000000000005,"pipsPerTrade":0.42657534246575357},"worst":{"stopLoss":1,"pips":-346.09999999999974,"pipsPerTrade":-0.948219178082191}}}},"worst":{"overall":{"slowWma":43,"trades":549,"pips":-664.0000000000001,"pipsPerTrade":-1.2072727272727275,"stopLoss":{"best":{"stopLoss":1,"pips":-99.59999999999997,"pipsPerTrade":-0.18109090909090902},"worst":{"stopLoss":14,"pips":-493.80000000000035,"pipsPerTrade":-0.8978181818181824}}},"perTrade":{"slowWma":76,"trades":356,"pips":-604.7,"pipsPerTrade":-1.6938375350140058,"stopLoss":{"best":{"stopLoss":4,"pips":6.899999999999967,"pipsPerTrade":0.019327731092436882},"worst":{"stopLoss":25,"pips":-514.9999999999999,"pipsPerTrade":-1.4425770308123247}}}}},"withStopLoss":{"best":{"slowWma":127,"trades":524,"stopLoss":17,"pips":581.3000000000008,"pipsPerTrade":1.1072380952380967},"worst":{"slowWma":100,"trades":438,"stopLoss":9,"pips":-471.9000000000001,"pipsPerTrade":-1.0749430523917998}}}