{"noStops":{"best":{"overall":{"slowWma":94,"trades":377,"pips":335,"pipsPerTrade":0.8862433862433863,"stopLoss":{"best":{"stopLoss":25,"pips":361.20000000000044,"pipsPerTrade":0.9555555555555567},"worst":{"stopLoss":1,"pips":-234.39999999999992,"pipsPerTrade":-0.6201058201058199}}},"perTrade":{"slowWma":94,"trades":377,"pips":335,"pipsPerTrade":0.8862433862433863,"stopLoss":{"best":{"stopLoss":25,"pips":361.20000000000044,"pipsPerTrade":0.9555555555555567},"worst":{"stopLoss":1,"pips":-234.39999999999992,"pipsPerTrade":-0.6201058201058199}}}},"worst":{"overall":{"slowWma":44,"trades":542,"pips":-621.7000000000003,"pipsPerTrade":-1.1449355432780852,"stopLoss":{"best":{"stopLoss":19,"pips":-145.69999999999993,"pipsPerTrade":-0.26832412523020244},"worst":{"stopLoss":8,"pips":-404.89999999999975,"pipsPerTrade":-0.7456721915285447}}},"perTrade":{"slowWma":69,"trades":300,"pips":-593.6000000000001,"pipsPerTrade":-1.9720930232558145,"stopLoss":{"best":{"stopLoss":1,"pips":-123.30000000000001,"pipsPerTrade":-0.40963455149501665},"worst":{"stopLoss":25,"pips":-424.5,"pipsPerTrade":-1.410299003322259}}}}},"withStopLoss":{"best":{"slowWma":58,"trades":327,"stopLoss":1,"pips":614.6999999999999,"pipsPerTrade":1.8740853658536583},"worst":{"slowWma":66,"trades":321,"stopLoss":14,"pips":-463.09999999999997,"pipsPerTrade":-1.438198757763975}}}