{"noStops":{"best":{"overall":{"slowWma":94,"trades":378,"pips":587,"pipsPerTrade":1.5488126649076517,"stopLoss":{"best":{"stopLoss":25,"pips":330.30000000000047,"pipsPerTrade":0.8715039577836424},"worst":{"stopLoss":1,"pips":-242.79999999999993,"pipsPerTrade":-0.6406332453825856}}},"perTrade":{"slowWma":94,"trades":378,"pips":587,"pipsPerTrade":1.5488126649076517,"stopLoss":{"best":{"stopLoss":25,"pips":330.30000000000047,"pipsPerTrade":0.8715039577836424},"worst":{"stopLoss":1,"pips":-242.79999999999993,"pipsPerTrade":-0.6406332453825856}}}},"worst":{"overall":{"slowWma":44,"trades":547,"pips":-490.3000000000003,"pipsPerTrade":-0.8947080291970808,"stopLoss":{"best":{"stopLoss":9,"pips":-184.7000000000002,"pipsPerTrade":-0.3370437956204383},"worst":{"stopLoss":25,"pips":-449.8999999999998,"pipsPerTrade":-0.8209854014598537}}},"perTrade":{"slowWma":45,"trades":489,"pips":-482.30000000000007,"pipsPerTrade":-0.9842857142857144,"stopLoss":{"best":{"stopLoss":5,"pips":203.70000000000013,"pipsPerTrade":0.415714285714286},"worst":{"stopLoss":25,"pips":-352.09999999999985,"pipsPerTrade":-0.7185714285714283}}}}},"withStopLoss":{"best":{"slowWma":58,"trades":330,"stopLoss":1,"pips":602.4,"pipsPerTrade":1.8199395770392748},"worst":{"slowWma":65,"trades":320,"stopLoss":16,"pips":-506.7999999999999,"pipsPerTrade":-1.5788161993769467}}}