{"noStops":{"best":{"overall":{"slowWma":127,"trades":894,"pips":673.8000000000001,"pipsPerTrade":0.7528491620111732,"stopLoss":{"best":{"stopLoss":19,"pips":844.1999999999998,"pipsPerTrade":0.943240223463687},"worst":{"stopLoss":11,"pips":426.39999999999986,"pipsPerTrade":0.47642458100558643}}},"perTrade":{"slowWma":116,"trades":744,"pips":601.9999999999993,"pipsPerTrade":0.8080536912751669,"stopLoss":{"best":{"stopLoss":12,"pips":821.2999999999996,"pipsPerTrade":1.1024161073825498},"worst":{"stopLoss":1,"pips":452.20000000000016,"pipsPerTrade":0.6069798657718123}}}},"worst":{"overall":{"slowWma":199,"trades":1771,"pips":-350.40000000000015,"pipsPerTrade":-0.19774266365688495,"stopLoss":{"best":{"stopLoss":15,"pips":-130.19999999999985,"pipsPerTrade":-0.0734762979683972},"worst":{"stopLoss":1,"pips":-363.70000000000033,"pipsPerTrade":-0.20524830699774285}}},"perTrade":{"slowWma":169,"trades":1333,"pips":-318.6999999999999,"pipsPerTrade":-0.2389055472263867,"stopLoss":{"best":{"stopLoss":11,"pips":-240.99999999999991,"pipsPerTrade":-0.1806596701649175},"worst":{"stopLoss":2,"pips":-926.9999999999997,"pipsPerTrade":-0.694902548725637}}}}},"withStopLoss":{"best":{"slowWma":123,"trades":844,"stopLoss":12,"pips":885.8999999999997,"pipsPerTrade":1.048402366863905},"worst":{"slowWma":14,"trades":969,"stopLoss":4,"pips":-656.4,"pipsPerTrade":-0.6767010309278351}}}