{"noStops":{"best":{"overall":{"slowWma":95,"trades":437,"pips":530.1,"pipsPerTrade":1.2102739726027398,"stopLoss":{"best":{"stopLoss":25,"pips":103.1000000000001,"pipsPerTrade":0.2353881278538815},"worst":{"stopLoss":6,"pips":-138.19999999999996,"pipsPerTrade":-0.31552511415525103}}},"perTrade":{"slowWma":95,"trades":437,"pips":530.1,"pipsPerTrade":1.2102739726027398,"stopLoss":{"best":{"stopLoss":25,"pips":103.1000000000001,"pipsPerTrade":0.2353881278538815},"worst":{"stopLoss":6,"pips":-138.19999999999996,"pipsPerTrade":-0.31552511415525103}}}},"worst":{"overall":{"slowWma":60,"trades":326,"pips":-396.6999999999998,"pipsPerTrade":-1.2131498470948006,"stopLoss":{"best":{"stopLoss":8,"pips":-285.49999999999994,"pipsPerTrade":-0.8730886850152904},"worst":{"stopLoss":23,"pips":-561.0999999999999,"pipsPerTrade":-1.7159021406727826}}},"perTrade":{"slowWma":60,"trades":326,"pips":-396.6999999999998,"pipsPerTrade":-1.2131498470948006,"stopLoss":{"best":{"stopLoss":8,"pips":-285.49999999999994,"pipsPerTrade":-0.8730886850152904},"worst":{"stopLoss":23,"pips":-561.0999999999999,"pipsPerTrade":-1.7159021406727826}}}}},"withStopLoss":{"best":{"slowWma":127,"trades":513,"stopLoss":11,"pips":583.8000000000006,"pipsPerTrade":1.135797665369651},"worst":{"slowWma":62,"trades":326,"stopLoss":14,"pips":-686.8999999999997,"pipsPerTrade":-2.100611620795106}}}