{"noStops":{"best":{"overall":{"slowWma":95,"trades":375,"pips":198.1000000000001,"pipsPerTrade":0.5268617021276598,"stopLoss":{"best":{"stopLoss":8,"pips":140.1000000000001,"pipsPerTrade":0.37260638297872367},"worst":{"stopLoss":1,"pips":-102.79999999999995,"pipsPerTrade":-0.2734042553191488}}},"perTrade":{"slowWma":95,"trades":375,"pips":198.1000000000001,"pipsPerTrade":0.5268617021276598,"stopLoss":{"best":{"stopLoss":8,"pips":140.1000000000001,"pipsPerTrade":0.37260638297872367},"worst":{"stopLoss":1,"pips":-102.79999999999995,"pipsPerTrade":-0.2734042553191488}}}},"worst":{"overall":{"slowWma":66,"trades":313,"pips":-737.0000000000002,"pipsPerTrade":-2.3471337579617844,"stopLoss":{"best":{"stopLoss":1,"pips":-313.69999999999993,"pipsPerTrade":-0.999044585987261},"worst":{"stopLoss":7,"pips":-626.0000000000001,"pipsPerTrade":-1.993630573248408}}},"perTrade":{"slowWma":65,"trades":289,"pips":-694.5000000000001,"pipsPerTrade":-2.394827586206897,"stopLoss":{"best":{"stopLoss":1,"pips":-226.2000000000001,"pipsPerTrade":-0.7800000000000004},"worst":{"stopLoss":7,"pips":-594.2999999999998,"pipsPerTrade":-2.049310344827586}}}}},"withStopLoss":{"best":{"slowWma":123,"trades":503,"stopLoss":11,"pips":603.1,"pipsPerTrade":1.196626984126984},"worst":{"slowWma":66,"trades":313,"stopLoss":7,"pips":-626.0000000000001,"pipsPerTrade":-1.993630573248408}}}