{"noStops":{"best":{"overall":{"slowWma":95,"trades":376,"pips":475.0000000000001,"pipsPerTrade":1.2599469496021223,"stopLoss":{"best":{"stopLoss":8,"pips":127.60000000000011,"pipsPerTrade":0.33846153846153876},"worst":{"stopLoss":1,"pips":-103.99999999999996,"pipsPerTrade":-0.2758620689655171}}},"perTrade":{"slowWma":95,"trades":376,"pips":475.0000000000001,"pipsPerTrade":1.2599469496021223,"stopLoss":{"best":{"stopLoss":8,"pips":127.60000000000011,"pipsPerTrade":0.33846153846153876},"worst":{"stopLoss":1,"pips":-103.99999999999996,"pipsPerTrade":-0.2758620689655171}}}},"worst":{"overall":{"slowWma":191,"trades":1303,"pips":-377.00000000000006,"pipsPerTrade":-0.2891104294478528,"stopLoss":{"best":{"stopLoss":19,"pips":49.90000000000007,"pipsPerTrade":0.03826687116564423},"worst":{"stopLoss":5,"pips":-407.1000000000003,"pipsPerTrade":-0.31219325153374256}}},"perTrade":{"slowWma":65,"trades":290,"pips":-341.7000000000001,"pipsPerTrade":-1.1742268041237116,"stopLoss":{"best":{"stopLoss":19,"pips":91.10000000000001,"pipsPerTrade":0.3130584192439863},"worst":{"stopLoss":7,"pips":-613.0999999999998,"pipsPerTrade":-2.106872852233676}}}}},"withStopLoss":{"best":{"slowWma":150,"trades":795,"stopLoss":18,"pips":823.1000000000004,"pipsPerTrade":1.0340452261306536},"worst":{"slowWma":60,"trades":298,"stopLoss":11,"pips":-712.0999999999998,"pipsPerTrade":-2.3816053511705677}}}