{"noStops":{"best":{"overall":{"slowWma":102,"trades":395,"pips":193.69999999999996,"pipsPerTrade":0.48914141414141404,"stopLoss":{"best":{"stopLoss":10,"pips":48.2000000000001,"pipsPerTrade":0.12171717171717197},"worst":{"stopLoss":1,"pips":-229.29999999999998,"pipsPerTrade":-0.579040404040404}}},"perTrade":{"slowWma":102,"trades":395,"pips":193.69999999999996,"pipsPerTrade":0.48914141414141404,"stopLoss":{"best":{"stopLoss":10,"pips":48.2000000000001,"pipsPerTrade":0.12171717171717197},"worst":{"stopLoss":1,"pips":-229.29999999999998,"pipsPerTrade":-0.579040404040404}}}},"worst":{"overall":{"slowWma":58,"trades":337,"pips":-696.7,"pipsPerTrade":-2.061242603550296,"stopLoss":{"best":{"stopLoss":2,"pips":-207.2999999999999,"pipsPerTrade":-0.6133136094674553},"worst":{"stopLoss":16,"pips":-692.0000000000001,"pipsPerTrade":-2.047337278106509}}},"perTrade":{"slowWma":65,"trades":280,"pips":-666.8000000000002,"pipsPerTrade":-2.372953736654805,"stopLoss":{"best":{"stopLoss":3,"pips":-329.19999999999993,"pipsPerTrade":-1.17153024911032},"worst":{"stopLoss":7,"pips":-632.4,"pipsPerTrade":-2.250533807829181}}}}},"withStopLoss":{"best":{"slowWma":125,"trades":599,"stopLoss":16,"pips":582.9000000000003,"pipsPerTrade":0.9715000000000006},"worst":{"slowWma":65,"trades":280,"stopLoss":7,"pips":-632.4,"pipsPerTrade":-2.250533807829181}}}