{"noStops":{"best":{"overall":{"slowWma":102,"trades":396,"pips":443.9,"pipsPerTrade":1.1181360201511334,"stopLoss":{"best":{"stopLoss":10,"pips":26.700000000000102,"pipsPerTrade":0.06725440806045366},"worst":{"stopLoss":1,"pips":-250.79999999999998,"pipsPerTrade":-0.6317380352644836}}},"perTrade":{"slowWma":91,"trades":325,"pips":398.8,"pipsPerTrade":1.2233128834355829,"stopLoss":{"best":{"stopLoss":6,"pips":106.59999999999997,"pipsPerTrade":0.32699386503067474},"worst":{"stopLoss":1,"pips":-306.30000000000007,"pipsPerTrade":-0.9395705521472395}}}},"worst":{"overall":{"slowWma":58,"trades":340,"pips":-528.1,"pipsPerTrade":-1.5486803519061585,"stopLoss":{"best":{"stopLoss":2,"pips":-243.99999999999991,"pipsPerTrade":-0.7155425219941346},"worst":{"stopLoss":15,"pips":-707.4000000000001,"pipsPerTrade":-2.074486803519062}}},"perTrade":{"slowWma":58,"trades":340,"pips":-528.1,"pipsPerTrade":-1.5486803519061585,"stopLoss":{"best":{"stopLoss":2,"pips":-243.99999999999991,"pipsPerTrade":-0.7155425219941346},"worst":{"stopLoss":15,"pips":-707.4000000000001,"pipsPerTrade":-2.074486803519062}}}}},"withStopLoss":{"best":{"slowWma":150,"trades":785,"stopLoss":23,"pips":723.8000000000003,"pipsPerTrade":0.9208651399491098},"worst":{"slowWma":58,"trades":340,"stopLoss":15,"pips":-707.4000000000001,"pipsPerTrade":-2.074486803519062}}}