{"noStops":{"best":{"overall":{"slowWma":102,"trades":392,"pips":484.90000000000003,"pipsPerTrade":1.2338422391857506,"stopLoss":{"best":{"stopLoss":7,"pips":165.40000000000012,"pipsPerTrade":0.42086513994910973},"worst":{"stopLoss":1,"pips":-372,"pipsPerTrade":-0.9465648854961832}}},"perTrade":{"slowWma":102,"trades":392,"pips":484.90000000000003,"pipsPerTrade":1.2338422391857506,"stopLoss":{"best":{"stopLoss":7,"pips":165.40000000000012,"pipsPerTrade":0.42086513994910973},"worst":{"stopLoss":1,"pips":-372,"pipsPerTrade":-0.9465648854961832}}}},"worst":{"overall":{"slowWma":58,"trades":343,"pips":-536.1999999999998,"pipsPerTrade":-1.5587209302325575,"stopLoss":{"best":{"stopLoss":1,"pips":-139.1999999999999,"pipsPerTrade":-0.4046511627906974},"worst":{"stopLoss":19,"pips":-702.4000000000003,"pipsPerTrade":-2.04186046511628}}},"perTrade":{"slowWma":58,"trades":343,"pips":-536.1999999999998,"pipsPerTrade":-1.5587209302325575,"stopLoss":{"best":{"stopLoss":1,"pips":-139.1999999999999,"pipsPerTrade":-0.4046511627906974},"worst":{"stopLoss":19,"pips":-702.4000000000003,"pipsPerTrade":-2.04186046511628}}}}},"withStopLoss":{"best":{"slowWma":51,"trades":402,"stopLoss":25,"pips":725.3000000000001,"pipsPerTrade":1.7997518610421839},"worst":{"slowWma":56,"trades":340,"stopLoss":14,"pips":-498.9,"pipsPerTrade":-1.4630498533724339}}}