{"noStops":{"best":{"overall":{"slowWma":102,"trades":391,"pips":232.20000000000005,"pipsPerTrade":0.5923469387755104,"stopLoss":{"best":{"stopLoss":7,"pips":176.70000000000013,"pipsPerTrade":0.4507653061224493},"worst":{"stopLoss":1,"pips":-360.7,"pipsPerTrade":-0.9201530612244898}}},"perTrade":{"slowWma":102,"trades":391,"pips":232.20000000000005,"pipsPerTrade":0.5923469387755104,"stopLoss":{"best":{"stopLoss":7,"pips":176.70000000000013,"pipsPerTrade":0.4507653061224493},"worst":{"stopLoss":1,"pips":-360.7,"pipsPerTrade":-0.9201530612244898}}}},"worst":{"overall":{"slowWma":58,"trades":340,"pips":-738.2999999999998,"pipsPerTrade":-2.165102639296187,"stopLoss":{"best":{"stopLoss":1,"pips":-92.19999999999989,"pipsPerTrade":-0.2703812316715539},"worst":{"stopLoss":19,"pips":-704.2000000000003,"pipsPerTrade":-2.0651026392961884}}},"perTrade":{"slowWma":58,"trades":340,"pips":-738.2999999999998,"pipsPerTrade":-2.165102639296187,"stopLoss":{"best":{"stopLoss":1,"pips":-92.19999999999989,"pipsPerTrade":-0.2703812316715539},"worst":{"stopLoss":19,"pips":-704.2000000000003,"pipsPerTrade":-2.0651026392961884}}}}},"withStopLoss":{"best":{"slowWma":52,"trades":381,"stopLoss":1,"pips":603.8999999999999,"pipsPerTrade":1.5808900523560205},"worst":{"slowWma":64,"trades":286,"stopLoss":11,"pips":-664.0000000000001,"pipsPerTrade":-2.3135888501742166}}}