{"noStops":{"best":{"overall":{"slowWma":102,"trades":420,"pips":520.3,"pipsPerTrade":1.2358669833729214,"stopLoss":{"best":{"stopLoss":4,"pips":162.70000000000007,"pipsPerTrade":0.3864608076009503},"worst":{"stopLoss":1,"pips":-293.70000000000005,"pipsPerTrade":-0.697624703087886}}},"perTrade":{"slowWma":102,"trades":420,"pips":520.3,"pipsPerTrade":1.2358669833729214,"stopLoss":{"best":{"stopLoss":4,"pips":162.70000000000007,"pipsPerTrade":0.3864608076009503},"worst":{"stopLoss":1,"pips":-293.70000000000005,"pipsPerTrade":-0.697624703087886}}}},"worst":{"overall":{"slowWma":58,"trades":355,"pips":-369.9999999999998,"pipsPerTrade":-1.0393258426966285,"stopLoss":{"best":{"stopLoss":1,"pips":-130.29999999999995,"pipsPerTrade":-0.366011235955056},"worst":{"stopLoss":8,"pips":-502.8000000000001,"pipsPerTrade":-1.412359550561798}}},"perTrade":{"slowWma":60,"trades":328,"pips":-346.4000000000001,"pipsPerTrade":-1.0528875379939213,"stopLoss":{"best":{"stopLoss":5,"pips":-316.90000000000003,"pipsPerTrade":-0.9632218844984803},"worst":{"stopLoss":15,"pips":-587.1000000000004,"pipsPerTrade":-1.7844984802431623}}}}},"withStopLoss":{"best":{"slowWma":50,"trades":466,"stopLoss":2,"pips":809.0000000000003,"pipsPerTrade":1.7323340471092084},"worst":{"slowWma":61,"trades":323,"stopLoss":15,"pips":-619.1,"pipsPerTrade":-1.9108024691358025}}}