{"noStops":{"best":{"overall":{"slowWma":102,"trades":419,"pips":267.6,"pipsPerTrade":0.6371428571428572,"stopLoss":{"best":{"stopLoss":4,"pips":174.00000000000009,"pipsPerTrade":0.4142857142857145},"worst":{"stopLoss":1,"pips":-282.40000000000003,"pipsPerTrade":-0.6723809523809524}}},"perTrade":{"slowWma":102,"trades":419,"pips":267.6,"pipsPerTrade":0.6371428571428572,"stopLoss":{"best":{"stopLoss":4,"pips":174.00000000000009,"pipsPerTrade":0.4142857142857145},"worst":{"stopLoss":1,"pips":-282.40000000000003,"pipsPerTrade":-0.6723809523809524}}}},"worst":{"overall":{"slowWma":58,"trades":352,"pips":-680.4999999999998,"pipsPerTrade":-1.927762039660056,"stopLoss":{"best":{"stopLoss":1,"pips":-83.29999999999994,"pipsPerTrade":-0.2359773371104814},"worst":{"stopLoss":8,"pips":-529.2000000000002,"pipsPerTrade":-1.49915014164306}}},"perTrade":{"slowWma":60,"trades":325,"pips":-643.9000000000001,"pipsPerTrade":-1.975153374233129,"stopLoss":{"best":{"stopLoss":5,"pips":-263.70000000000005,"pipsPerTrade":-0.8088957055214725},"worst":{"stopLoss":15,"pips":-520.6000000000004,"pipsPerTrade":-1.5969325153374245}}}}},"withStopLoss":{"best":{"slowWma":127,"trades":600,"stopLoss":14,"pips":684.8000000000003,"pipsPerTrade":1.1394342762063232},"worst":{"slowWma":61,"trades":320,"stopLoss":15,"pips":-568.6,"pipsPerTrade":-1.7713395638629283}}}