{"noStops":{"best":{"overall":{"slowWma":102,"trades":355,"pips":225,"pipsPerTrade":0.6320224719101124,"stopLoss":{"best":{"stopLoss":8,"pips":126.8999999999999,"pipsPerTrade":0.3564606741573031},"worst":{"stopLoss":1,"pips":-461.50000000000017,"pipsPerTrade":-1.296348314606742}}},"perTrade":{"slowWma":102,"trades":355,"pips":225,"pipsPerTrade":0.6320224719101124,"stopLoss":{"best":{"stopLoss":8,"pips":126.8999999999999,"pipsPerTrade":0.3564606741573031},"worst":{"stopLoss":1,"pips":-461.50000000000017,"pipsPerTrade":-1.296348314606742}}}},"worst":{"overall":{"slowWma":59,"trades":339,"pips":-703.4,"pipsPerTrade":-2.0688235294117647,"stopLoss":{"best":{"stopLoss":5,"pips":-260.5000000000001,"pipsPerTrade":-0.7661764705882357},"worst":{"stopLoss":12,"pips":-697.1999999999998,"pipsPerTrade":-2.050588235294117}}},"perTrade":{"slowWma":60,"trades":314,"pips":-660,"pipsPerTrade":-2.0952380952380953,"stopLoss":{"best":{"stopLoss":5,"pips":-256.1000000000001,"pipsPerTrade":-0.8130158730158733},"worst":{"stopLoss":24,"pips":-580.9999999999999,"pipsPerTrade":-1.844444444444444}}}}},"withStopLoss":{"best":{"slowWma":49,"trades":554,"stopLoss":25,"pips":657.5,"pipsPerTrade":1.1846846846846846},"worst":{"slowWma":59,"trades":339,"stopLoss":12,"pips":-697.1999999999998,"pipsPerTrade":-2.050588235294117}}}