{"noStops":{"best":{"overall":{"slowWma":102,"trades":356,"pips":476.6,"pipsPerTrade":1.335014005602241,"stopLoss":{"best":{"stopLoss":8,"pips":110.3999999999999,"pipsPerTrade":0.30924369747899133},"worst":{"stopLoss":1,"pips":-464.70000000000016,"pipsPerTrade":-1.301680672268908}}},"perTrade":{"slowWma":102,"trades":356,"pips":476.6,"pipsPerTrade":1.335014005602241,"stopLoss":{"best":{"stopLoss":8,"pips":110.3999999999999,"pipsPerTrade":0.30924369747899133},"worst":{"stopLoss":1,"pips":-464.70000000000016,"pipsPerTrade":-1.301680672268908}}}},"worst":{"overall":{"slowWma":191,"trades":1271,"pips":-353.00000000000017,"pipsPerTrade":-0.2775157232704404,"stopLoss":{"best":{"stopLoss":19,"pips":77.10000000000004,"pipsPerTrade":0.06061320754716984},"worst":{"stopLoss":1,"pips":-515,"pipsPerTrade":-0.404874213836478}}},"perTrade":{"slowWma":59,"trades":342,"pips":-349,"pipsPerTrade":-1.0174927113702623,"stopLoss":{"best":{"stopLoss":5,"pips":-289.2000000000001,"pipsPerTrade":-0.8431486880466476},"worst":{"stopLoss":12,"pips":-770.2999999999997,"pipsPerTrade":-2.245772594752186}}}}},"withStopLoss":{"best":{"slowWma":49,"trades":560,"stopLoss":25,"pips":943.5999999999999,"pipsPerTrade":1.6819964349376113},"worst":{"slowWma":60,"trades":317,"stopLoss":24,"pips":-681.8999999999999,"pipsPerTrade":-2.144339622641509}}}