{"noStops":{"best":{"overall":{"slowWma":104,"trades":362,"pips":134.39999999999986,"pipsPerTrade":0.37024793388429716,"stopLoss":{"best":{"stopLoss":2,"pips":112.4,"pipsPerTrade":0.30964187327823695},"worst":{"stopLoss":23,"pips":-249.2,"pipsPerTrade":-0.6865013774104682}}},"perTrade":{"slowWma":104,"trades":362,"pips":134.39999999999986,"pipsPerTrade":0.37024793388429716,"stopLoss":{"best":{"stopLoss":2,"pips":112.4,"pipsPerTrade":0.30964187327823695},"worst":{"stopLoss":23,"pips":-249.2,"pipsPerTrade":-0.6865013774104682}}}},"worst":{"overall":{"slowWma":47,"trades":1018,"pips":-775.3000000000005,"pipsPerTrade":-0.7608439646712468,"stopLoss":{"best":{"stopLoss":25,"pips":-265.0000000000005,"pipsPerTrade":-0.26005888125613397},"worst":{"stopLoss":11,"pips":-668.1000000000006,"pipsPerTrade":-0.6556427870461242}}},"perTrade":{"slowWma":59,"trades":358,"pips":-655.1999999999997,"pipsPerTrade":-1.8250696378830076,"stopLoss":{"best":{"stopLoss":5,"pips":-150.09999999999988,"pipsPerTrade":-0.4181058495821724},"worst":{"stopLoss":23,"pips":-578.8000000000001,"pipsPerTrade":-1.612256267409471}}}}},"withStopLoss":{"best":{"slowWma":127,"trades":506,"stopLoss":18,"pips":599.3000000000002,"pipsPerTrade":1.1820512820512825},"worst":{"slowWma":61,"trades":333,"stopLoss":21,"pips":-588.7,"pipsPerTrade":-1.7625748502994014}}}