{"noStops":{"best":{"overall":{"slowWma":127,"trades":507,"pips":462.5,"pipsPerTrade":0.9104330708661418,"stopLoss":{"best":{"stopLoss":18,"pips":599.3000000000002,"pipsPerTrade":1.1797244094488193},"worst":{"stopLoss":3,"pips":72.6,"pipsPerTrade":0.14291338582677166}}},"perTrade":{"slowWma":104,"trades":363,"pips":392.39999999999986,"pipsPerTrade":1.0780219780219777,"stopLoss":{"best":{"stopLoss":2,"pips":99.10000000000001,"pipsPerTrade":0.2722527472527473},"worst":{"stopLoss":23,"pips":-249.2,"pipsPerTrade":-0.6846153846153846}}}},"worst":{"overall":{"slowWma":47,"trades":1028,"pips":-629.0000000000005,"pipsPerTrade":-0.6112730806608362,"stopLoss":{"best":{"stopLoss":25,"pips":-114.30000000000051,"pipsPerTrade":-0.11107871720116667},"worst":{"stopLoss":11,"pips":-570.0000000000006,"pipsPerTrade":-0.5539358600583096}}},"perTrade":{"slowWma":59,"trades":361,"pips":-316.7999999999997,"pipsPerTrade":-0.8751381215469606,"stopLoss":{"best":{"stopLoss":5,"pips":-207.09999999999988,"pipsPerTrade":-0.5720994475138118},"worst":{"stopLoss":23,"pips":-672.5000000000001,"pipsPerTrade":-1.8577348066298345}}}}},"withStopLoss":{"best":{"slowWma":48,"trades":735,"stopLoss":25,"pips":749.0000000000002,"pipsPerTrade":1.0176630434782612},"worst":{"slowWma":61,"trades":336,"stopLoss":25,"pips":-670.3000000000001,"pipsPerTrade":-1.9890207715133532}}}