{"noStops":{"best":{"overall":{"slowWma":101,"trades":400,"pips":112.1,"pipsPerTrade":0.2795511221945137,"stopLoss":{"best":{"stopLoss":3,"pips":93.00000000000004,"pipsPerTrade":0.23192019950124698},"worst":{"stopLoss":15,"pips":-319.8,"pipsPerTrade":-0.7975062344139651}}},"perTrade":{"slowWma":101,"trades":400,"pips":112.1,"pipsPerTrade":0.2795511221945137,"stopLoss":{"best":{"stopLoss":3,"pips":93.00000000000004,"pipsPerTrade":0.23192019950124698},"worst":{"stopLoss":15,"pips":-319.8,"pipsPerTrade":-0.7975062344139651}}}},"worst":{"overall":{"slowWma":62,"trades":323,"pips":-629.8,"pipsPerTrade":-1.943827160493827,"stopLoss":{"best":{"stopLoss":3,"pips":-244.2000000000001,"pipsPerTrade":-0.753703703703704},"worst":{"stopLoss":17,"pips":-655.1999999999999,"pipsPerTrade":-2.022222222222222}}},"perTrade":{"slowWma":62,"trades":323,"pips":-629.8,"pipsPerTrade":-1.943827160493827,"stopLoss":{"best":{"stopLoss":3,"pips":-244.2000000000001,"pipsPerTrade":-0.753703703703704},"worst":{"stopLoss":17,"pips":-655.1999999999999,"pipsPerTrade":-2.022222222222222}}}}},"withStopLoss":{"best":{"slowWma":125,"trades":539,"stopLoss":17,"pips":625.7,"pipsPerTrade":1.1587037037037038},"worst":{"slowWma":62,"trades":323,"stopLoss":17,"pips":-655.1999999999999,"pipsPerTrade":-2.022222222222222}}}