{"noStops":{"best":{"overall":{"slowWma":129,"trades":599,"pips":417.8000000000003,"pipsPerTrade":0.6963333333333338,"stopLoss":{"best":{"stopLoss":23,"pips":479.00000000000017,"pipsPerTrade":0.7983333333333337},"worst":{"stopLoss":3,"pips":-210.60000000000002,"pipsPerTrade":-0.35100000000000003}}},"perTrade":{"slowWma":101,"trades":401,"pips":364.1,"pipsPerTrade":0.9057213930348259,"stopLoss":{"best":{"stopLoss":3,"pips":79.70000000000005,"pipsPerTrade":0.1982587064676618},"worst":{"stopLoss":15,"pips":-339.1,"pipsPerTrade":-0.8435323383084578}}}},"worst":{"overall":{"slowWma":192,"trades":1235,"pips":-430.3000000000001,"pipsPerTrade":-0.3481391585760519,"stopLoss":{"best":{"stopLoss":24,"pips":-33.600000000000065,"pipsPerTrade":-0.027184466019417527},"worst":{"stopLoss":13,"pips":-661.2,"pipsPerTrade":-0.5349514563106796}}},"perTrade":{"slowWma":58,"trades":369,"pips":-276.1999999999998,"pipsPerTrade":-0.746486486486486,"stopLoss":{"best":{"stopLoss":4,"pips":-89.4,"pipsPerTrade":-0.24162162162162162},"worst":{"stopLoss":14,"pips":-671.4,"pipsPerTrade":-1.8145945945945945}}}}},"withStopLoss":{"best":{"slowWma":135,"trades":614,"stopLoss":22,"pips":780.9,"pipsPerTrade":1.2697560975609756},"worst":{"slowWma":62,"trades":326,"stopLoss":17,"pips":-735.1999999999999,"pipsPerTrade":-2.2483180428134553}}}