{"noStops":{"best":{"overall":{"slowWma":100,"trades":425,"pips":183.40000000000006,"pipsPerTrade":0.43051643192488276,"stopLoss":{"best":{"stopLoss":5,"pips":95.20000000000007,"pipsPerTrade":0.22347417840375605},"worst":{"stopLoss":15,"pips":-210.80000000000007,"pipsPerTrade":-0.49483568075117385}}},"perTrade":{"slowWma":100,"trades":425,"pips":183.40000000000006,"pipsPerTrade":0.43051643192488276,"stopLoss":{"best":{"stopLoss":5,"pips":95.20000000000007,"pipsPerTrade":0.22347417840375605},"worst":{"stopLoss":15,"pips":-210.80000000000007,"pipsPerTrade":-0.49483568075117385}}}},"worst":{"overall":{"slowWma":161,"trades":867,"pips":-688.0000000000001,"pipsPerTrade":-0.7926267281105992,"stopLoss":{"best":{"stopLoss":6,"pips":-100.60000000000011,"pipsPerTrade":-0.11589861751152086},"worst":{"stopLoss":1,"pips":-671.8999999999995,"pipsPerTrade":-0.7740783410138243}}},"perTrade":{"slowWma":73,"trades":312,"pips":-551.6999999999999,"pipsPerTrade":-1.762619808306709,"stopLoss":{"best":{"stopLoss":3,"pips":10.20000000000014,"pipsPerTrade":0.032587859424920575},"worst":{"stopLoss":22,"pips":-580.4,"pipsPerTrade":-1.8543130990415335}}}}},"withStopLoss":{"best":{"slowWma":124,"trades":475,"stopLoss":17,"pips":636.4000000000003,"pipsPerTrade":1.336974789915967},"worst":{"slowWma":62,"trades":329,"stopLoss":10,"pips":-540.5,"pipsPerTrade":-1.637878787878788}}}