{"noStops":{"best":{"overall":{"slowWma":132,"trades":701,"pips":494.5000000000001,"pipsPerTrade":0.7044159544159546,"stopLoss":{"best":{"stopLoss":22,"pips":394.4000000000005,"pipsPerTrade":0.5618233618233626},"worst":{"stopLoss":1,"pips":-273.70000000000005,"pipsPerTrade":-0.3898860398860399}}},"perTrade":{"slowWma":100,"trades":426,"pips":464.1,"pipsPerTrade":1.0868852459016394,"stopLoss":{"best":{"stopLoss":5,"pips":80.60000000000008,"pipsPerTrade":0.18875878220140535},"worst":{"stopLoss":15,"pips":-231.40000000000006,"pipsPerTrade":-0.5419203747072601}}}},"worst":{"overall":{"slowWma":190,"trades":1233,"pips":-351.3000000000001,"pipsPerTrade":-0.2846839546191249,"stopLoss":{"best":{"stopLoss":23,"pips":38.99999999999991,"pipsPerTrade":0.03160453808752019},"worst":{"stopLoss":2,"pips":-693.7999999999995,"pipsPerTrade":-0.5622366288492703}}},"perTrade":{"slowWma":73,"trades":313,"pips":-209.19999999999993,"pipsPerTrade":-0.6662420382165603,"stopLoss":{"best":{"stopLoss":3,"pips":344.3000000000002,"pipsPerTrade":1.0964968152866248},"worst":{"stopLoss":22,"pips":-262.79999999999995,"pipsPerTrade":-0.8369426751592355}}}}},"withStopLoss":{"best":{"slowWma":137,"trades":565,"stopLoss":19,"pips":922.7000000000007,"pipsPerTrade":1.6302120141342769},"worst":{"slowWma":62,"trades":332,"stopLoss":22,"pips":-621.2999999999998,"pipsPerTrade":-1.8657657657657654}}}