{"noStops":{"best":{"overall":{"slowWma":132,"trades":694,"pips":115.00000000000024,"pipsPerTrade":0.16546762589928093,"stopLoss":{"best":{"stopLoss":22,"pips":546.6000000000004,"pipsPerTrade":0.7864748201438854},"worst":{"stopLoss":1,"pips":-318.80000000000007,"pipsPerTrade":-0.45870503597122314}}},"perTrade":{"slowWma":102,"trades":343,"pips":105.90000000000006,"pipsPerTrade":0.3078488372093025,"stopLoss":{"best":{"stopLoss":4,"pips":80.8,"pipsPerTrade":0.23488372093023255},"worst":{"stopLoss":1,"pips":-349.99999999999994,"pipsPerTrade":-1.017441860465116}}}},"worst":{"overall":{"slowWma":161,"trades":829,"pips":-706.0999999999999,"pipsPerTrade":-0.8507228915662649,"stopLoss":{"best":{"stopLoss":6,"pips":-132.60000000000014,"pipsPerTrade":-0.15975903614457848},"worst":{"stopLoss":2,"pips":-673.1999999999995,"pipsPerTrade":-0.811084337349397}}},"perTrade":{"slowWma":72,"trades":309,"pips":-583.4999999999999,"pipsPerTrade":-1.8822580645161286,"stopLoss":{"best":{"stopLoss":1,"pips":-136.1,"pipsPerTrade":-0.4390322580645161},"worst":{"stopLoss":21,"pips":-605.3,"pipsPerTrade":-1.9525806451612902}}}}},"withStopLoss":{"best":{"slowWma":132,"trades":694,"stopLoss":22,"pips":546.6000000000004,"pipsPerTrade":0.7864748201438854},"worst":{"slowWma":59,"trades":355,"stopLoss":14,"pips":-520.6000000000004,"pipsPerTrade":-1.4623595505617988}}}