{"noStops":{"best":{"overall":{"slowWma":132,"trades":695,"pips":524.1000000000003,"pipsPerTrade":0.7530172413793107,"stopLoss":{"best":{"stopLoss":22,"pips":546.6000000000004,"pipsPerTrade":0.7853448275862074},"worst":{"stopLoss":1,"pips":-318.80000000000007,"pipsPerTrade":-0.45804597701149435}}},"perTrade":{"slowWma":116,"trades":402,"pips":425.5999999999999,"pipsPerTrade":1.056079404466501,"stopLoss":{"best":{"stopLoss":23,"pips":608.8999999999999,"pipsPerTrade":1.5109181141439203},"worst":{"stopLoss":1,"pips":-193.19999999999996,"pipsPerTrade":-0.4794044665012406}}}},"worst":{"overall":{"slowWma":161,"trades":830,"pips":-275.4999999999999,"pipsPerTrade":-0.33152827918170863,"stopLoss":{"best":{"stopLoss":8,"pips":240.49999999999991,"pipsPerTrade":0.28941034897713586},"worst":{"stopLoss":2,"pips":-684.4999999999994,"pipsPerTrade":-0.8237063778580017}}},"perTrade":{"slowWma":72,"trades":310,"pips":-240.9999999999999,"pipsPerTrade":-0.7749196141479096,"stopLoss":{"best":{"stopLoss":1,"pips":193.20000000000002,"pipsPerTrade":0.6212218649517686},"worst":{"stopLoss":21,"pips":-288.49999999999994,"pipsPerTrade":-0.9276527331189709}}}}},"withStopLoss":{"best":{"slowWma":136,"trades":610,"stopLoss":19,"pips":970.1000000000006,"pipsPerTrade":1.5877250409165313},"worst":{"slowWma":59,"trades":358,"stopLoss":14,"pips":-596.6000000000003,"pipsPerTrade":-1.6618384401114212}}}