{"noStops":{"best":{"overall":{"slowWma":118,"trades":857,"pips":657.9999999999987,"pipsPerTrade":0.7668997668997655,"stopLoss":{"best":{"stopLoss":16,"pips":935.1999999999986,"pipsPerTrade":1.0899766899766883},"worst":{"stopLoss":1,"pips":369.0000000000003,"pipsPerTrade":0.4300699300699304}}},"perTrade":{"slowWma":52,"trades":534,"pips":431.4000000000003,"pipsPerTrade":0.8063551401869165,"stopLoss":{"best":{"stopLoss":18,"pips":796.3000000000002,"pipsPerTrade":1.4884112149532713},"worst":{"stopLoss":4,"pips":-96.79999999999994,"pipsPerTrade":-0.18093457943925223}}}},"worst":{"overall":{"slowWma":191,"trades":1671,"pips":-489.1000000000001,"pipsPerTrade":-0.29252392344497613,"stopLoss":{"best":{"stopLoss":18,"pips":-289.90000000000015,"pipsPerTrade":-0.17338516746411492},"worst":{"stopLoss":2,"pips":-690.1000000000001,"pipsPerTrade":-0.41273923444976085}}},"perTrade":{"slowWma":191,"trades":1671,"pips":-489.1000000000001,"pipsPerTrade":-0.29252392344497613,"stopLoss":{"best":{"stopLoss":18,"pips":-289.90000000000015,"pipsPerTrade":-0.17338516746411492},"worst":{"stopLoss":2,"pips":-690.1000000000001,"pipsPerTrade":-0.41273923444976085}}}}},"withStopLoss":{"best":{"slowWma":118,"trades":857,"stopLoss":16,"pips":935.1999999999986,"pipsPerTrade":1.0899766899766883},"worst":{"slowWma":20,"trades":746,"stopLoss":4,"pips":-698.0999999999997,"pipsPerTrade":-0.9345381526104414}}}