{"noStops":{"best":{"overall":{"slowWma":105,"trades":385,"pips":257.6999999999999,"pipsPerTrade":0.6676165803108806,"stopLoss":{"best":{"stopLoss":12,"pips":554.0000000000002,"pipsPerTrade":1.4352331606217623},"worst":{"stopLoss":1,"pips":32.79999999999997,"pipsPerTrade":0.08497409326424862}}},"perTrade":{"slowWma":105,"trades":385,"pips":257.6999999999999,"pipsPerTrade":0.6676165803108806,"stopLoss":{"best":{"stopLoss":12,"pips":554.0000000000002,"pipsPerTrade":1.4352331606217623},"worst":{"stopLoss":1,"pips":32.79999999999997,"pipsPerTrade":0.08497409326424862}}}},"worst":{"overall":{"slowWma":161,"trades":852,"pips":-743.9000000000002,"pipsPerTrade":-0.8720984759671749,"stopLoss":{"best":{"stopLoss":8,"pips":-164.3000000000001,"pipsPerTrade":-0.19261430246189928},"worst":{"stopLoss":2,"pips":-674.2999999999998,"pipsPerTrade":-0.7905041031652987}}},"perTrade":{"slowWma":73,"trades":306,"pips":-561.4000000000003,"pipsPerTrade":-1.8286644951140076,"stopLoss":{"best":{"stopLoss":5,"pips":44.699999999999925,"pipsPerTrade":0.14560260586319193},"worst":{"stopLoss":21,"pips":-469.3000000000001,"pipsPerTrade":-1.528664495114007}}}}},"withStopLoss":{"best":{"slowWma":132,"trades":608,"stopLoss":20,"pips":696.5000000000007,"pipsPerTrade":1.1436781609195414},"worst":{"slowWma":58,"trades":384,"stopLoss":14,"pips":-820.7000000000002,"pipsPerTrade":-2.131688311688312}}}