{"noStops":{"best":{"overall":{"slowWma":132,"trades":609,"pips":589.1000000000004,"pipsPerTrade":0.9657377049180333,"stopLoss":{"best":{"stopLoss":20,"pips":1129.3000000000006,"pipsPerTrade":1.8513114754098372},"worst":{"stopLoss":1,"pips":-271.1000000000001,"pipsPerTrade":-0.4444262295081969}}},"perTrade":{"slowWma":105,"trades":386,"pips":532.8,"pipsPerTrade":1.3767441860465115,"stopLoss":{"best":{"stopLoss":12,"pips":539.7000000000003,"pipsPerTrade":1.3945736434108533},"worst":{"stopLoss":1,"pips":18.499999999999968,"pipsPerTrade":0.04780361757105935}}}},"worst":{"overall":{"slowWma":161,"trades":853,"pips":-295.0000000000002,"pipsPerTrade":-0.3454332552693211,"stopLoss":{"best":{"stopLoss":8,"pips":268.0999999999999,"pipsPerTrade":0.31393442622950807},"worst":{"stopLoss":2,"pips":-677.4999999999999,"pipsPerTrade":-0.7933255269320841}}},"perTrade":{"slowWma":73,"trades":307,"pips":-249.1000000000003,"pipsPerTrade":-0.8087662337662348,"stopLoss":{"best":{"stopLoss":5,"pips":343.79999999999995,"pipsPerTrade":1.116233766233766},"worst":{"stopLoss":21,"pips":-182.7000000000001,"pipsPerTrade":-0.5931818181818185}}}}},"withStopLoss":{"best":{"slowWma":132,"trades":609,"stopLoss":20,"pips":1129.3000000000006,"pipsPerTrade":1.8513114754098372},"worst":{"slowWma":58,"trades":388,"stopLoss":14,"pips":-845.1000000000001,"pipsPerTrade":-2.1724935732647817}}}