{"noStops":{"best":{"overall":{"slowWma":128,"trades":570,"pips":483.2000000000003,"pipsPerTrade":0.8462346760070057,"stopLoss":{"best":{"stopLoss":23,"pips":399.0000000000007,"pipsPerTrade":0.6987740805604216},"worst":{"stopLoss":2,"pips":-310.3999999999999,"pipsPerTrade":-0.5436077057793344}}},"perTrade":{"slowWma":104,"trades":380,"pips":479.09999999999997,"pipsPerTrade":1.2574803149606297,"stopLoss":{"best":{"stopLoss":6,"pips":611.8000000000003,"pipsPerTrade":1.6057742782152238},"worst":{"stopLoss":2,"pips":168.70000000000005,"pipsPerTrade":0.4427821522309712}}}},"worst":{"overall":{"slowWma":73,"trades":303,"pips":-351.8,"pipsPerTrade":-1.1572368421052632,"stopLoss":{"best":{"stopLoss":5,"pips":133.5999999999999,"pipsPerTrade":0.439473684210526},"worst":{"stopLoss":20,"pips":-263.7000000000002,"pipsPerTrade":-0.8674342105263165}}},"perTrade":{"slowWma":73,"trades":303,"pips":-351.8,"pipsPerTrade":-1.1572368421052632,"stopLoss":{"best":{"stopLoss":5,"pips":133.5999999999999,"pipsPerTrade":0.439473684210526},"worst":{"stopLoss":20,"pips":-263.7000000000002,"pipsPerTrade":-0.8674342105263165}}}}},"withStopLoss":{"best":{"slowWma":135,"trades":591,"stopLoss":23,"pips":1022.7000000000005,"pipsPerTrade":1.7275337837837845},"worst":{"slowWma":58,"trades":390,"stopLoss":15,"pips":-696.5999999999998,"pipsPerTrade":-1.7815856777493602}}}