{"noStops":{"best":{"overall":{"slowWma":104,"trades":379,"pips":203.99999999999994,"pipsPerTrade":0.5368421052631578,"stopLoss":{"best":{"stopLoss":6,"pips":617.8000000000003,"pipsPerTrade":1.6257894736842113},"worst":{"stopLoss":2,"pips":174.70000000000005,"pipsPerTrade":0.4597368421052633}}},"perTrade":{"slowWma":104,"trades":379,"pips":203.99999999999994,"pipsPerTrade":0.5368421052631578,"stopLoss":{"best":{"stopLoss":6,"pips":617.8000000000003,"pipsPerTrade":1.6257894736842113},"worst":{"stopLoss":2,"pips":174.70000000000005,"pipsPerTrade":0.4597368421052633}}}},"worst":{"overall":{"slowWma":62,"trades":347,"pips":-780.5999999999997,"pipsPerTrade":-2.243103448275861,"stopLoss":{"best":{"stopLoss":2,"pips":-273.8,"pipsPerTrade":-0.7867816091954023},"worst":{"stopLoss":14,"pips":-796.8,"pipsPerTrade":-2.289655172413793}}},"perTrade":{"slowWma":62,"trades":347,"pips":-780.5999999999997,"pipsPerTrade":-2.243103448275861,"stopLoss":{"best":{"stopLoss":2,"pips":-273.8,"pipsPerTrade":-0.7867816091954023},"worst":{"stopLoss":14,"pips":-796.8,"pipsPerTrade":-2.289655172413793}}}}},"withStopLoss":{"best":{"slowWma":107,"trades":391,"stopLoss":6,"pips":804.4000000000003,"pipsPerTrade":2.0520408163265316},"worst":{"slowWma":58,"trades":386,"stopLoss":15,"pips":-638.7999999999997,"pipsPerTrade":-1.6506459948320407}}}