{"noStops":{"best":{"overall":{"slowWma":129,"trades":649,"pips":83.60000000000016,"pipsPerTrade":0.12861538461538488,"stopLoss":{"best":{"stopLoss":21,"pips":594.9000000000003,"pipsPerTrade":0.9152307692307697},"worst":{"stopLoss":1,"pips":-266.80000000000007,"pipsPerTrade":-0.41046153846153854}}},"perTrade":{"slowWma":106,"trades":440,"pips":77.2,"pipsPerTrade":0.17505668934240362,"stopLoss":{"best":{"stopLoss":5,"pips":631.4,"pipsPerTrade":1.4317460317460318},"worst":{"stopLoss":25,"pips":289.99999999999983,"pipsPerTrade":0.6575963718820858}}}},"worst":{"overall":{"slowWma":62,"trades":369,"pips":-850.5999999999995,"pipsPerTrade":-2.2989189189189174,"stopLoss":{"best":{"stopLoss":3,"pips":-253.89999999999992,"pipsPerTrade":-0.686216216216216},"worst":{"stopLoss":14,"pips":-848.4999999999998,"pipsPerTrade":-2.293243243243243}}},"perTrade":{"slowWma":62,"trades":369,"pips":-850.5999999999995,"pipsPerTrade":-2.2989189189189174,"stopLoss":{"best":{"stopLoss":3,"pips":-253.89999999999992,"pipsPerTrade":-0.686216216216216},"worst":{"stopLoss":14,"pips":-848.4999999999998,"pipsPerTrade":-2.293243243243243}}}}},"withStopLoss":{"best":{"slowWma":106,"trades":440,"stopLoss":5,"pips":631.4,"pipsPerTrade":1.4317460317460318},"worst":{"slowWma":57,"trades":467,"stopLoss":14,"pips":-788.9000000000001,"pipsPerTrade":-1.685683760683761}}}