{"noStops":{"best":{"overall":{"slowWma":133,"trades":573,"pips":527.4000000000001,"pipsPerTrade":0.9188153310104531,"stopLoss":{"best":{"stopLoss":18,"pips":994.5000000000002,"pipsPerTrade":1.732578397212544},"worst":{"stopLoss":2,"pips":173.29999999999995,"pipsPerTrade":0.3019163763066201}}},"perTrade":{"slowWma":127,"trades":479,"pips":490.1000000000002,"pipsPerTrade":1.021041666666667,"stopLoss":{"best":{"stopLoss":22,"pips":563.1,"pipsPerTrade":1.173125},"worst":{"stopLoss":2,"pips":-190.20000000000005,"pipsPerTrade":-0.3962500000000001}}}},"worst":{"overall":{"slowWma":53,"trades":975,"pips":-454.9000000000003,"pipsPerTrade":-0.4660860655737708,"stopLoss":{"best":{"stopLoss":4,"pips":-25.09999999999984,"pipsPerTrade":-0.025717213114753935},"worst":{"stopLoss":14,"pips":-495.0000000000002,"pipsPerTrade":-0.5071721311475412}}},"perTrade":{"slowWma":62,"trades":372,"pips":-406.1999999999994,"pipsPerTrade":-1.0890080428954407,"stopLoss":{"best":{"stopLoss":3,"pips":-263.7999999999999,"pipsPerTrade":-0.707238605898123},"worst":{"stopLoss":14,"pips":-891.6999999999997,"pipsPerTrade":-2.3906166219839133}}}}},"withStopLoss":{"best":{"slowWma":132,"trades":674,"stopLoss":19,"pips":1003.1000000000004,"pipsPerTrade":1.4860740740740745},"worst":{"slowWma":59,"trades":410,"stopLoss":1,"pips":-765.8000000000001,"pipsPerTrade":-1.8632603406326036}}}