{"noStops":{"best":{"overall":{"slowWma":124,"trades":427,"pips":155.40000000000003,"pipsPerTrade":0.3630841121495328,"stopLoss":{"best":{"stopLoss":22,"pips":310.2000000000001,"pipsPerTrade":0.7247663551401872},"worst":{"stopLoss":2,"pips":-200.79999999999984,"pipsPerTrade":-0.4691588785046725}}},"perTrade":{"slowWma":124,"trades":427,"pips":155.40000000000003,"pipsPerTrade":0.3630841121495328,"stopLoss":{"best":{"stopLoss":22,"pips":310.2000000000001,"pipsPerTrade":0.7247663551401872},"worst":{"stopLoss":2,"pips":-200.79999999999984,"pipsPerTrade":-0.4691588785046725}}}},"worst":{"overall":{"slowWma":61,"trades":365,"pips":-834.0999999999993,"pipsPerTrade":-2.278961748633878,"stopLoss":{"best":{"stopLoss":3,"pips":-227.90000000000003,"pipsPerTrade":-0.6226775956284154},"worst":{"stopLoss":21,"pips":-565.1000000000001,"pipsPerTrade":-1.5439890710382518}}},"perTrade":{"slowWma":61,"trades":365,"pips":-834.0999999999993,"pipsPerTrade":-2.278961748633878,"stopLoss":{"best":{"stopLoss":3,"pips":-227.90000000000003,"pipsPerTrade":-0.6226775956284154},"worst":{"stopLoss":21,"pips":-565.1000000000001,"pipsPerTrade":-1.5439890710382518}}}}},"withStopLoss":{"best":{"slowWma":129,"trades":641,"stopLoss":21,"pips":644.9000000000003,"pipsPerTrade":1.0045171339563868},"worst":{"slowWma":59,"trades":409,"stopLoss":19,"pips":-718.4000000000001,"pipsPerTrade":-1.7521951219512197}}}