{"noStops":{"best":{"overall":{"slowWma":129,"trades":642,"pips":539.8000000000002,"pipsPerTrade":0.8395023328149303,"stopLoss":{"best":{"stopLoss":21,"pips":1087.7000000000003,"pipsPerTrade":1.6916018662519445},"worst":{"stopLoss":1,"pips":-172.4,"pipsPerTrade":-0.26811819595645414}}},"perTrade":{"slowWma":124,"trades":428,"pips":506.1,"pipsPerTrade":1.1797202797202797,"stopLoss":{"best":{"stopLoss":22,"pips":310.2000000000001,"pipsPerTrade":0.7230769230769233},"worst":{"stopLoss":2,"pips":-200.79999999999984,"pipsPerTrade":-0.4680652680652677}}}},"worst":{"overall":{"slowWma":151,"trades":709,"pips":-408.8999999999999,"pipsPerTrade":-0.5759154929577464,"stopLoss":{"best":{"stopLoss":20,"pips":452.99999999999983,"pipsPerTrade":0.6380281690140842},"worst":{"stopLoss":14,"pips":-764.5999999999995,"pipsPerTrade":-1.0769014084507034}}},"perTrade":{"slowWma":61,"trades":368,"pips":-401.29999999999933,"pipsPerTrade":-1.0875338753387516,"stopLoss":{"best":{"stopLoss":3,"pips":-238.90000000000003,"pipsPerTrade":-0.6474254742547426},"worst":{"stopLoss":21,"pips":-614.2000000000002,"pipsPerTrade":-1.6644986449864503}}}}},"withStopLoss":{"best":{"slowWma":131,"trades":553,"stopLoss":16,"pips":1090.2000000000003,"pipsPerTrade":1.9678700361010835},"worst":{"slowWma":59,"trades":413,"stopLoss":19,"pips":-796.6000000000001,"pipsPerTrade":-1.924154589371981}}}