{"noStops":{"best":{"overall":{"slowWma":102,"trades":361,"pips":84.89999999999999,"pipsPerTrade":0.23453038674033147,"stopLoss":{"best":{"stopLoss":8,"pips":418.9000000000002,"pipsPerTrade":1.1571823204419895},"worst":{"stopLoss":1,"pips":-244.49999999999994,"pipsPerTrade":-0.6754143646408838}}},"perTrade":{"slowWma":102,"trades":361,"pips":84.89999999999999,"pipsPerTrade":0.23453038674033147,"stopLoss":{"best":{"stopLoss":8,"pips":418.9000000000002,"pipsPerTrade":1.1571823204419895},"worst":{"stopLoss":1,"pips":-244.49999999999994,"pipsPerTrade":-0.6754143646408838}}}},"worst":{"overall":{"slowWma":151,"trades":733,"pips":-739.5,"pipsPerTrade":-1.0074931880108993,"stopLoss":{"best":{"stopLoss":21,"pips":75.49999999999994,"pipsPerTrade":0.10286103542234325},"worst":{"stopLoss":16,"pips":-669.4,"pipsPerTrade":-0.9119891008174387}}},"perTrade":{"slowWma":69,"trades":293,"pips":-530.2,"pipsPerTrade":-1.8034013605442178,"stopLoss":{"best":{"stopLoss":3,"pips":29.30000000000022,"pipsPerTrade":0.09965986394557898},"worst":{"stopLoss":20,"pips":-447.49999999999983,"pipsPerTrade":-1.5221088435374144}}}}},"withStopLoss":{"best":{"slowWma":108,"trades":383,"stopLoss":7,"pips":659.2000000000002,"pipsPerTrade":1.716666666666667},"worst":{"slowWma":56,"trades":675,"stopLoss":5,"pips":-643.4000000000004,"pipsPerTrade":-0.9517751479289948}}}