{"noStops":{"best":{"overall":{"slowWma":128,"trades":556,"pips":501.00000000000034,"pipsPerTrade":0.8994614003590671,"stopLoss":{"best":{"stopLoss":19,"pips":1081.6,"pipsPerTrade":1.941831238779174},"worst":{"stopLoss":4,"pips":-303.00000000000006,"pipsPerTrade":-0.5439856373429085}}},"perTrade":{"slowWma":125,"trades":459,"pips":480.20000000000016,"pipsPerTrade":1.0439130434782613,"stopLoss":{"best":{"stopLoss":22,"pips":530.2,"pipsPerTrade":1.152608695652174},"worst":{"stopLoss":1,"pips":-178.10000000000002,"pipsPerTrade":-0.3871739130434783}}}},"worst":{"overall":{"slowWma":151,"trades":734,"pips":-317.7,"pipsPerTrade":-0.43224489795918364,"stopLoss":{"best":{"stopLoss":21,"pips":497.29999999999995,"pipsPerTrade":0.6765986394557822},"worst":{"stopLoss":4,"pips":-665.3999999999996,"pipsPerTrade":-0.9053061224489791}}},"perTrade":{"slowWma":61,"trades":382,"pips":-262.9000000000002,"pipsPerTrade":-0.686422976501306,"stopLoss":{"best":{"stopLoss":2,"pips":-181.30000000000004,"pipsPerTrade":-0.47336814621409934},"worst":{"stopLoss":25,"pips":-557.7999999999997,"pipsPerTrade":-1.4563968668407303}}}}},"withStopLoss":{"best":{"slowWma":129,"trades":561,"stopLoss":19,"pips":1097.4000000000005,"pipsPerTrade":1.9526690391459085},"worst":{"slowWma":59,"trades":460,"stopLoss":22,"pips":-705.1,"pipsPerTrade":-1.5295010845986985}}}