{"noStops":{"best":{"overall":{"slowWma":129,"trades":631,"pips":564.7,"pipsPerTrade":0.8935126582278482,"stopLoss":{"best":{"stopLoss":19,"pips":1161.8000000000004,"pipsPerTrade":1.838291139240507},"worst":{"stopLoss":2,"pips":291.0999999999998,"pipsPerTrade":0.4606012658227845}}},"perTrade":{"slowWma":96,"trades":311,"pips":428.40000000000003,"pipsPerTrade":1.373076923076923,"stopLoss":{"best":{"stopLoss":7,"pips":404.5,"pipsPerTrade":1.296474358974359},"worst":{"stopLoss":2,"pips":-115.40000000000006,"pipsPerTrade":-0.36987179487179506}}}},"worst":{"overall":{"slowWma":59,"trades":502,"pips":-390.1999999999996,"pipsPerTrade":-0.7757455268389654,"stopLoss":{"best":{"stopLoss":3,"pips":-306.9999999999997,"pipsPerTrade":-0.6103379721669975},"worst":{"stopLoss":15,"pips":-889.4999999999999,"pipsPerTrade":-1.7683896620278328}}},"perTrade":{"slowWma":78,"trades":277,"pips":-234.4000000000001,"pipsPerTrade":-0.8431654676258996,"stopLoss":{"best":{"stopLoss":25,"pips":20.40000000000009,"pipsPerTrade":0.0733812949640291},"worst":{"stopLoss":15,"pips":-371.90000000000043,"pipsPerTrade":-1.3377697841726635}}}}},"withStopLoss":{"best":{"slowWma":129,"trades":631,"stopLoss":19,"pips":1161.8000000000004,"pipsPerTrade":1.838291139240507},"worst":{"slowWma":59,"trades":502,"stopLoss":15,"pips":-889.4999999999999,"pipsPerTrade":-1.7683896620278328}}}