{"noStops":{"best":{"overall":{"slowWma":96,"trades":310,"pips":138.3,"pipsPerTrade":0.4446945337620579,"stopLoss":{"best":{"stopLoss":7,"pips":404.5,"pipsPerTrade":1.3006430868167203},"worst":{"stopLoss":2,"pips":-115.40000000000006,"pipsPerTrade":-0.3710610932475886}}},"perTrade":{"slowWma":96,"trades":310,"pips":138.3,"pipsPerTrade":0.4446945337620579,"stopLoss":{"best":{"stopLoss":7,"pips":404.5,"pipsPerTrade":1.3006430868167203},"worst":{"stopLoss":2,"pips":-115.40000000000006,"pipsPerTrade":-0.3710610932475886}}}},"worst":{"overall":{"slowWma":59,"trades":498,"pips":-699.2999999999996,"pipsPerTrade":-1.4014028056112218,"stopLoss":{"best":{"stopLoss":3,"pips":-267.29999999999967,"pipsPerTrade":-0.5356713426853701},"worst":{"stopLoss":15,"pips":-859.3999999999999,"pipsPerTrade":-1.7222444889779556}}},"perTrade":{"slowWma":78,"trades":276,"pips":-523.4000000000001,"pipsPerTrade":-1.889530685920578,"stopLoss":{"best":{"stopLoss":1,"pips":-83.8,"pipsPerTrade":-0.30252707581227434},"worst":{"stopLoss":15,"pips":-644.4000000000004,"pipsPerTrade":-2.32635379061372}}}}},"withStopLoss":{"best":{"slowWma":129,"trades":630,"stopLoss":19,"pips":687.6000000000005,"pipsPerTrade":1.089698890649763},"worst":{"slowWma":59,"trades":498,"stopLoss":15,"pips":-859.3999999999999,"pipsPerTrade":-1.7222444889779556}}}