{"noStops":{"best":{"overall":{"slowWma":125,"trades":454,"pips":84.50000000000028,"pipsPerTrade":0.18571428571428633,"stopLoss":{"best":{"stopLoss":19,"pips":595.2000000000004,"pipsPerTrade":1.308131868131869},"worst":{"stopLoss":1,"pips":-255.50000000000006,"pipsPerTrade":-0.5615384615384617}}},"perTrade":{"slowWma":125,"trades":454,"pips":84.50000000000028,"pipsPerTrade":0.18571428571428633,"stopLoss":{"best":{"stopLoss":19,"pips":595.2000000000004,"pipsPerTrade":1.308131868131869},"worst":{"stopLoss":1,"pips":-255.50000000000006,"pipsPerTrade":-0.5615384615384617}}}},"worst":{"overall":{"slowWma":59,"trades":542,"pips":-852.6999999999998,"pipsPerTrade":-1.5703499079189684,"stopLoss":{"best":{"stopLoss":1,"pips":-48.19999999999993,"pipsPerTrade":-0.0887661141804787},"worst":{"stopLoss":25,"pips":-787.1999999999998,"pipsPerTrade":-1.449723756906077}}},"perTrade":{"slowWma":78,"trades":305,"pips":-546.6999999999997,"pipsPerTrade":-1.7866013071895415,"stopLoss":{"best":{"stopLoss":23,"pips":-112.99999999999994,"pipsPerTrade":-0.3692810457516338},"worst":{"stopLoss":14,"pips":-568.0999999999999,"pipsPerTrade":-1.856535947712418}}}}},"withStopLoss":{"best":{"slowWma":129,"trades":551,"stopLoss":19,"pips":647.7000000000004,"pipsPerTrade":1.173369565217392},"worst":{"slowWma":60,"trades":477,"stopLoss":24,"pips":-665.7999999999998,"pipsPerTrade":-1.3928870292887026}}}