{"noStops":{"best":{"overall":{"slowWma":125,"trades":455,"pips":554.3000000000003,"pipsPerTrade":1.2155701754385972,"stopLoss":{"best":{"stopLoss":19,"pips":1065.0000000000005,"pipsPerTrade":2.335526315789475},"worst":{"stopLoss":1,"pips":-260.50000000000006,"pipsPerTrade":-0.5712719298245615}}},"perTrade":{"slowWma":125,"trades":455,"pips":554.3000000000003,"pipsPerTrade":1.2155701754385972,"stopLoss":{"best":{"stopLoss":19,"pips":1065.0000000000005,"pipsPerTrade":2.335526315789475},"worst":{"stopLoss":1,"pips":-260.50000000000006,"pipsPerTrade":-0.5712719298245615}}}},"worst":{"overall":{"slowWma":59,"trades":549,"pips":-581.5999999999998,"pipsPerTrade":-1.057454545454545,"stopLoss":{"best":{"stopLoss":1,"pips":0.7000000000000626,"pipsPerTrade":0.0012727272727273864},"worst":{"stopLoss":25,"pips":-837.9999999999999,"pipsPerTrade":-1.5236363636363635}}},"perTrade":{"slowWma":59,"trades":549,"pips":-581.5999999999998,"pipsPerTrade":-1.057454545454545,"stopLoss":{"best":{"stopLoss":1,"pips":0.7000000000000626,"pipsPerTrade":0.0012727272727273864},"worst":{"stopLoss":25,"pips":-837.9999999999999,"pipsPerTrade":-1.5236363636363635}}}}},"withStopLoss":{"best":{"slowWma":129,"trades":552,"stopLoss":19,"pips":1117.1000000000004,"pipsPerTrade":2.020072332730561},"worst":{"slowWma":60,"trades":482,"stopLoss":24,"pips":-781.0999999999998,"pipsPerTrade":-1.6171842650103516}}}