{"noStops":{"best":{"overall":{"slowWma":128,"trades":584,"pips":526.2000000000003,"pipsPerTrade":0.8994871794871799,"stopLoss":{"best":{"stopLoss":19,"pips":1038.1000000000004,"pipsPerTrade":1.7745299145299152},"worst":{"stopLoss":2,"pips":98.40000000000002,"pipsPerTrade":0.16820512820512823}}},"perTrade":{"slowWma":125,"trades":495,"pips":481.3000000000002,"pipsPerTrade":0.9703629032258069,"stopLoss":{"best":{"stopLoss":15,"pips":1065.1000000000001,"pipsPerTrade":2.1473790322580646},"worst":{"stopLoss":2,"pips":-357,"pipsPerTrade":-0.719758064516129}}}},"worst":{"overall":{"slowWma":58,"trades":934,"pips":-465.2999999999995,"pipsPerTrade":-0.4976470588235289,"stopLoss":{"best":{"stopLoss":1,"pips":20.900000000000283,"pipsPerTrade":0.02235294117647089},"worst":{"stopLoss":25,"pips":-764.1999999999996,"pipsPerTrade":-0.8173262032085558}}},"perTrade":{"slowWma":76,"trades":320,"pips":-261.80000000000007,"pipsPerTrade":-0.8155763239875391,"stopLoss":{"best":{"stopLoss":24,"pips":77.90000000000012,"pipsPerTrade":0.24267912772585706},"worst":{"stopLoss":10,"pips":-448.4000000000001,"pipsPerTrade":-1.3968847352024925}}}}},"withStopLoss":{"best":{"slowWma":133,"trades":542,"stopLoss":20,"pips":1107.9000000000008,"pipsPerTrade":2.0403314917127084},"worst":{"slowWma":59,"trades":669,"stopLoss":21,"pips":-796.0000000000002,"pipsPerTrade":-1.1880597014925376}}}