{"noStops":{"best":{"overall":{"slowWma":121,"trades":525,"pips":60.00000000000014,"pipsPerTrade":0.11406844106463905,"stopLoss":{"best":{"stopLoss":22,"pips":357.40000000000003,"pipsPerTrade":0.679467680608365},"worst":{"stopLoss":2,"pips":-416.50000000000006,"pipsPerTrade":-0.7918250950570344}}},"perTrade":{"slowWma":102,"trades":369,"pips":51.09999999999991,"pipsPerTrade":0.13810810810810786,"stopLoss":{"best":{"stopLoss":7,"pips":402.49999999999994,"pipsPerTrade":1.0878378378378377},"worst":{"stopLoss":1,"pips":-86.09999999999995,"pipsPerTrade":-0.23270270270270257}}}},"worst":{"overall":{"slowWma":58,"trades":925,"pips":-733.5999999999995,"pipsPerTrade":-0.792224622030237,"stopLoss":{"best":{"stopLoss":2,"pips":67.30000000000022,"pipsPerTrade":0.07267818574514064},"worst":{"stopLoss":25,"pips":-713.3999999999996,"pipsPerTrade":-0.7704103671706259}}},"perTrade":{"slowWma":77,"trades":301,"pips":-529.9000000000001,"pipsPerTrade":-1.7546357615894044,"stopLoss":{"best":{"stopLoss":23,"pips":-126.19999999999989,"pipsPerTrade":-0.4178807947019864},"worst":{"stopLoss":21,"pips":-631.3999999999997,"pipsPerTrade":-2.0907284768211913}}}}},"withStopLoss":{"best":{"slowWma":133,"trades":541,"stopLoss":20,"pips":670.9000000000008,"pipsPerTrade":1.2378228782287837},"worst":{"slowWma":76,"trades":319,"stopLoss":21,"pips":-703.7999999999998,"pipsPerTrade":-2.1993749999999994}}}