{"noStops":{"best":{"overall":{"slowWma":121,"trades":519,"pips":123.00000000000017,"pipsPerTrade":0.23653846153846186,"stopLoss":{"best":{"stopLoss":22,"pips":578.4000000000002,"pipsPerTrade":1.1123076923076927},"worst":{"stopLoss":4,"pips":-394.8999999999999,"pipsPerTrade":-0.7594230769230768}}},"perTrade":{"slowWma":121,"trades":519,"pips":123.00000000000017,"pipsPerTrade":0.23653846153846186,"stopLoss":{"best":{"stopLoss":22,"pips":578.4000000000002,"pipsPerTrade":1.1123076923076927},"worst":{"stopLoss":4,"pips":-394.8999999999999,"pipsPerTrade":-0.7594230769230768}}}},"worst":{"overall":{"slowWma":59,"trades":917,"pips":-667.6999999999998,"pipsPerTrade":-0.727342047930283,"stopLoss":{"best":{"stopLoss":3,"pips":6.90000000000005,"pipsPerTrade":0.007516339869281101},"worst":{"stopLoss":25,"pips":-563.7999999999998,"pipsPerTrade":-0.6141612200435728}}},"perTrade":{"slowWma":82,"trades":262,"pips":-505.99999999999994,"pipsPerTrade":-1.923954372623574,"stopLoss":{"best":{"stopLoss":4,"pips":-5.099999999999991,"pipsPerTrade":-0.01939163498098856},"worst":{"stopLoss":2,"pips":-527.4000000000005,"pipsPerTrade":-2.005323193916352}}}}},"withStopLoss":{"best":{"slowWma":125,"trades":553,"stopLoss":19,"pips":636.2000000000003,"pipsPerTrade":1.1483754512635385},"worst":{"slowWma":76,"trades":314,"stopLoss":15,"pips":-623.0000000000001,"pipsPerTrade":-1.977777777777778}}}