{"noStops":{"best":{"overall":{"slowWma":129,"trades":613,"pips":565.800000000001,"pipsPerTrade":0.9214983713355065,"stopLoss":{"best":{"stopLoss":22,"pips":1078.6000000000008,"pipsPerTrade":1.7566775244299688},"worst":{"stopLoss":3,"pips":194.30000000000004,"pipsPerTrade":0.31644951140065153}}},"perTrade":{"slowWma":126,"trades":493,"pips":527.4000000000004,"pipsPerTrade":1.0676113360323896,"stopLoss":{"best":{"stopLoss":19,"pips":1063.7000000000003,"pipsPerTrade":2.153238866396762},"worst":{"stopLoss":3,"pips":118.3000000000001,"pipsPerTrade":0.2394736842105265}}}},"worst":{"overall":{"slowWma":59,"trades":926,"pips":-306.89999999999975,"pipsPerTrade":-0.3310679611650483,"stopLoss":{"best":{"stopLoss":3,"pips":36.50000000000004,"pipsPerTrade":0.039374325782092816},"worst":{"stopLoss":21,"pips":-528.3999999999999,"pipsPerTrade":-0.5700107874865155}}},"perTrade":{"slowWma":82,"trades":263,"pips":-230.59999999999997,"pipsPerTrade":-0.8734848484848483,"stopLoss":{"best":{"stopLoss":23,"pips":91.59999999999997,"pipsPerTrade":0.3469696969696968},"worst":{"stopLoss":2,"pips":-542.0000000000006,"pipsPerTrade":-2.053030303030305}}}}},"withStopLoss":{"best":{"slowWma":125,"trades":554,"stopLoss":19,"pips":1105.6000000000004,"pipsPerTrade":1.9920720720720728},"worst":{"slowWma":161,"trades":769,"stopLoss":3,"pips":-363.9999999999996,"pipsPerTrade":-0.4727272727272722}}}