{"noStops":{"best":{"overall":{"slowWma":125,"trades":479,"pips":659.1000000000006,"pipsPerTrade":1.3731250000000013,"stopLoss":{"best":{"stopLoss":19,"pips":1255.8000000000002,"pipsPerTrade":2.6162500000000004},"worst":{"stopLoss":1,"pips":160.80000000000004,"pipsPerTrade":0.3350000000000001}}},"perTrade":{"slowWma":124,"trades":410,"pips":607.9000000000001,"pipsPerTrade":1.4790754257907546,"stopLoss":{"best":{"stopLoss":19,"pips":1158.7000000000003,"pipsPerTrade":2.8192214111922147},"worst":{"stopLoss":2,"pips":82.60000000000005,"pipsPerTrade":0.2009732360097325}}}},"worst":{"overall":{"slowWma":81,"trades":323,"pips":-239.30000000000007,"pipsPerTrade":-0.7385802469135805,"stopLoss":{"best":{"stopLoss":4,"pips":14.699999999999992,"pipsPerTrade":0.045370370370370346},"worst":{"stopLoss":10,"pips":-425.80000000000047,"pipsPerTrade":-1.3141975308641989}}},"perTrade":{"slowWma":81,"trades":323,"pips":-239.30000000000007,"pipsPerTrade":-0.7385802469135805,"stopLoss":{"best":{"stopLoss":4,"pips":14.699999999999992,"pipsPerTrade":0.045370370370370346},"worst":{"stopLoss":10,"pips":-425.80000000000047,"pipsPerTrade":-1.3141975308641989}}}}},"withStopLoss":{"best":{"slowWma":125,"trades":479,"stopLoss":19,"pips":1255.8000000000002,"pipsPerTrade":2.6162500000000004},"worst":{"slowWma":66,"trades":367,"stopLoss":19,"pips":-394.19999999999993,"pipsPerTrade":-1.0711956521739128}}}