{"noStops":{"best":{"overall":{"slowWma":121,"trades":514,"pips":211.10000000000016,"pipsPerTrade":0.4099029126213595,"stopLoss":{"best":{"stopLoss":19,"pips":806.5000000000001,"pipsPerTrade":1.5660194174757285},"worst":{"stopLoss":4,"pips":-369.89999999999986,"pipsPerTrade":-0.7182524271844658}}},"perTrade":{"slowWma":121,"trades":514,"pips":211.10000000000016,"pipsPerTrade":0.4099029126213595,"stopLoss":{"best":{"stopLoss":19,"pips":806.5000000000001,"pipsPerTrade":1.5660194174757285},"worst":{"stopLoss":4,"pips":-369.89999999999986,"pipsPerTrade":-0.7182524271844658}}}},"worst":{"overall":{"slowWma":63,"trades":470,"pips":-597.7000000000005,"pipsPerTrade":-1.2690021231422517,"stopLoss":{"best":{"stopLoss":1,"pips":-94.40000000000023,"pipsPerTrade":-0.20042462845010664},"worst":{"stopLoss":12,"pips":-609.3000000000002,"pipsPerTrade":-1.2936305732484081}}},"perTrade":{"slowWma":82,"trades":265,"pips":-441.1,"pipsPerTrade":-1.6582706766917295,"stopLoss":{"best":{"stopLoss":3,"pips":71.1000000000001,"pipsPerTrade":0.26729323308270714},"worst":{"stopLoss":15,"pips":-399.20000000000033,"pipsPerTrade":-1.5007518796992494}}}}},"withStopLoss":{"best":{"slowWma":121,"trades":514,"stopLoss":19,"pips":806.5000000000001,"pipsPerTrade":1.5660194174757285},"worst":{"slowWma":62,"trades":521,"stopLoss":12,"pips":-705.3,"pipsPerTrade":-1.3511494252873562}}}