{"noStops":{"best":{"overall":{"slowWma":117,"trades":744,"pips":611.3999999999999,"pipsPerTrade":0.8206711409395971,"stopLoss":{"best":{"stopLoss":20,"pips":704.6999999999998,"pipsPerTrade":0.9459060402684561},"worst":{"stopLoss":1,"pips":-293.80000000000007,"pipsPerTrade":-0.39436241610738265}}},"perTrade":{"slowWma":117,"trades":744,"pips":611.3999999999999,"pipsPerTrade":0.8206711409395971,"stopLoss":{"best":{"stopLoss":20,"pips":704.6999999999998,"pipsPerTrade":0.9459060402684561},"worst":{"stopLoss":1,"pips":-293.80000000000007,"pipsPerTrade":-0.39436241610738265}}}},"worst":{"overall":{"slowWma":199,"trades":1845,"pips":-525.9000000000004,"pipsPerTrade":-0.2848862405200436,"stopLoss":{"best":{"stopLoss":3,"pips":-71.29999999999995,"pipsPerTrade":-0.03862405200433367},"worst":{"stopLoss":15,"pips":-350.00000000000034,"pipsPerTrade":-0.18959913326110528}}},"perTrade":{"slowWma":19,"trades":733,"pips":-310.3999999999998,"pipsPerTrade":-0.42288828337874634,"stopLoss":{"best":{"stopLoss":9,"pips":-307.0999999999999,"pipsPerTrade":-0.41839237057220696},"worst":{"stopLoss":4,"pips":-635.7999999999998,"pipsPerTrade":-0.8662125340599452}}}}},"withStopLoss":{"best":{"slowWma":90,"trades":667,"stopLoss":3,"pips":836.5999999999999,"pipsPerTrade":1.2523952095808382},"worst":{"slowWma":11,"trades":1210,"stopLoss":21,"pips":-755.4000000000003,"pipsPerTrade":-0.6237819983484726}}}