{"noStops":{"best":{"overall":{"slowWma":121,"trades":537,"pips":281.6000000000002,"pipsPerTrade":0.5234200743494427,"stopLoss":{"best":{"stopLoss":19,"pips":852.0000000000002,"pipsPerTrade":1.5836431226765804},"worst":{"stopLoss":1,"pips":-5.9000000000000625,"pipsPerTrade":-0.010966542750929485}}},"perTrade":{"slowWma":121,"trades":537,"pips":281.6000000000002,"pipsPerTrade":0.5234200743494427,"stopLoss":{"best":{"stopLoss":19,"pips":852.0000000000002,"pipsPerTrade":1.5836431226765804},"worst":{"stopLoss":1,"pips":-5.9000000000000625,"pipsPerTrade":-0.010966542750929485}}}},"worst":{"overall":{"slowWma":81,"trades":323,"pips":-641.6,"pipsPerTrade":-1.980246913580247,"stopLoss":{"best":{"stopLoss":3,"pips":-132.49999999999994,"pipsPerTrade":-0.40895061728395043},"worst":{"stopLoss":12,"pips":-508.00000000000045,"pipsPerTrade":-1.5679012345679026}}},"perTrade":{"slowWma":81,"trades":323,"pips":-641.6,"pipsPerTrade":-1.980246913580247,"stopLoss":{"best":{"stopLoss":3,"pips":-132.49999999999994,"pipsPerTrade":-0.40895061728395043},"worst":{"stopLoss":12,"pips":-508.00000000000045,"pipsPerTrade":-1.5679012345679026}}}}},"withStopLoss":{"best":{"slowWma":121,"trades":537,"stopLoss":19,"pips":852.0000000000002,"pipsPerTrade":1.5836431226765804},"worst":{"slowWma":61,"trades":901,"stopLoss":16,"pips":-635.2000000000003,"pipsPerTrade":-0.7042128603104216}}}