{"noStops":{"best":{"overall":{"slowWma":126,"trades":509,"pips":681.5000000000005,"pipsPerTrade":1.3362745098039224,"stopLoss":{"best":{"stopLoss":23,"pips":1076.8000000000006,"pipsPerTrade":2.111372549019609},"worst":{"stopLoss":1,"pips":252.09999999999997,"pipsPerTrade":0.49431372549019603}}},"perTrade":{"slowWma":127,"trades":447,"pips":627.0000000000007,"pipsPerTrade":1.399553571428573,"stopLoss":{"best":{"stopLoss":23,"pips":1065.3000000000006,"pipsPerTrade":2.377901785714287},"worst":{"stopLoss":1,"pips":337.3999999999999,"pipsPerTrade":0.7531249999999998}}}},"worst":{"overall":{"slowWma":81,"trades":324,"pips":-362.5,"pipsPerTrade":-1.1153846153846154,"stopLoss":{"best":{"stopLoss":5,"pips":42.50000000000013,"pipsPerTrade":0.13076923076923117},"worst":{"stopLoss":12,"pips":-243.20000000000044,"pipsPerTrade":-0.7483076923076937}}},"perTrade":{"slowWma":81,"trades":324,"pips":-362.5,"pipsPerTrade":-1.1153846153846154,"stopLoss":{"best":{"stopLoss":5,"pips":42.50000000000013,"pipsPerTrade":0.13076923076923117},"worst":{"stopLoss":12,"pips":-243.20000000000044,"pipsPerTrade":-0.7483076923076937}}}}},"withStopLoss":{"best":{"slowWma":121,"trades":538,"stopLoss":19,"pips":1229.4,"pipsPerTrade":2.2808905380333955},"worst":{"slowWma":161,"trades":787,"stopLoss":15,"pips":-351.9000000000001,"pipsPerTrade":-0.44657360406091384}}}