{"noStops":{"best":{"overall":{"slowWma":127,"trades":443,"pips":747.6000000000006,"pipsPerTrade":1.683783783783785,"stopLoss":{"best":{"stopLoss":19,"pips":1167.4,"pipsPerTrade":2.6292792792792796},"worst":{"stopLoss":1,"pips":415.79999999999995,"pipsPerTrade":0.9364864864864864}}},"perTrade":{"slowWma":119,"trades":370,"pips":647.0000000000001,"pipsPerTrade":1.7439353099730461,"stopLoss":{"best":{"stopLoss":22,"pips":1027.5000000000002,"pipsPerTrade":2.769541778975742},"worst":{"stopLoss":1,"pips":248.5,"pipsPerTrade":0.6698113207547169}}}},"worst":{"overall":{"slowWma":81,"trades":318,"pips":-286.99999999999966,"pipsPerTrade":-0.8996865203761745,"stopLoss":{"best":{"stopLoss":5,"pips":115.30000000000011,"pipsPerTrade":0.36144200626959283},"worst":{"stopLoss":4,"pips":-225.69999999999987,"pipsPerTrade":-0.7075235109717865}}},"perTrade":{"slowWma":80,"trades":276,"pips":-279.7000000000005,"pipsPerTrade":-1.0097472924187745,"stopLoss":{"best":{"stopLoss":22,"pips":120.30000000000001,"pipsPerTrade":0.4342960288808665},"worst":{"stopLoss":12,"pips":-293.0000000000001,"pipsPerTrade":-1.057761732851986}}}}},"withStopLoss":{"best":{"slowWma":121,"trades":505,"stopLoss":19,"pips":1180.9,"pipsPerTrade":2.333794466403162},"worst":{"slowWma":67,"trades":387,"stopLoss":1,"pips":-509.1999999999997,"pipsPerTrade":-1.312371134020618}}}