{"noStops":{"best":{"overall":{"slowWma":129,"trades":593,"pips":297.60000000000025,"pipsPerTrade":0.5010101010101015,"stopLoss":{"best":{"stopLoss":17,"pips":744.7,"pipsPerTrade":1.2537037037037038},"worst":{"stopLoss":1,"pips":12.100000000000016,"pipsPerTrade":0.020370370370370396}}},"perTrade":{"slowWma":119,"trades":369,"pips":293.9000000000001,"pipsPerTrade":0.7943243243243245,"stopLoss":{"best":{"stopLoss":22,"pips":674.4000000000002,"pipsPerTrade":1.8227027027027032},"worst":{"stopLoss":1,"pips":-99.50000000000003,"pipsPerTrade":-0.268918918918919}}}},"worst":{"overall":{"slowWma":81,"trades":317,"pips":-566.0999999999997,"pipsPerTrade":-1.7801886792452821,"stopLoss":{"best":{"stopLoss":5,"pips":-149.49999999999991,"pipsPerTrade":-0.47012578616352174},"worst":{"stopLoss":15,"pips":-410.9999999999998,"pipsPerTrade":-1.2924528301886786}}},"perTrade":{"slowWma":80,"trades":275,"pips":-550.7000000000005,"pipsPerTrade":-1.9952898550724656,"stopLoss":{"best":{"stopLoss":1,"pips":-121.89999999999992,"pipsPerTrade":-0.4416666666666664},"worst":{"stopLoss":14,"pips":-294.09999999999997,"pipsPerTrade":-1.0655797101449274}}}}},"withStopLoss":{"best":{"slowWma":121,"trades":504,"stopLoss":19,"pips":803.5000000000002,"pipsPerTrade":1.5910891089108916},"worst":{"slowWma":67,"trades":384,"stopLoss":1,"pips":-480.09999999999974,"pipsPerTrade":-1.2470129870129862}}}