{"noStops":{"best":{"overall":{"slowWma":126,"trades":403,"pips":816.6000000000006,"pipsPerTrade":2.021287128712873,"stopLoss":{"best":{"stopLoss":19,"pips":1227.8000000000004,"pipsPerTrade":3.0391089108910903},"worst":{"stopLoss":1,"pips":479.7999999999999,"pipsPerTrade":1.1876237623762373}}},"perTrade":{"slowWma":126,"trades":403,"pips":816.6000000000006,"pipsPerTrade":2.021287128712873,"stopLoss":{"best":{"stopLoss":19,"pips":1227.8000000000004,"pipsPerTrade":3.0391089108910903},"worst":{"stopLoss":1,"pips":479.7999999999999,"pipsPerTrade":1.1876237623762373}}}},"worst":{"overall":{"slowWma":80,"trades":297,"pips":-421.29999999999995,"pipsPerTrade":-1.413758389261745,"stopLoss":{"best":{"stopLoss":5,"pips":105.30000000000021,"pipsPerTrade":0.35335570469798727},"worst":{"stopLoss":4,"pips":-255.8999999999998,"pipsPerTrade":-0.8587248322147645}}},"perTrade":{"slowWma":80,"trades":297,"pips":-421.29999999999995,"pipsPerTrade":-1.413758389261745,"stopLoss":{"best":{"stopLoss":5,"pips":105.30000000000021,"pipsPerTrade":0.35335570469798727},"worst":{"stopLoss":4,"pips":-255.8999999999998,"pipsPerTrade":-0.8587248322147645}}}}},"withStopLoss":{"best":{"slowWma":126,"trades":403,"stopLoss":19,"pips":1227.8000000000004,"pipsPerTrade":3.0391089108910903},"worst":{"slowWma":82,"trades":299,"stopLoss":21,"pips":-352.1999999999997,"pipsPerTrade":-1.173999999999999}}}