{"noStops":{"best":{"overall":{"slowWma":122,"trades":436,"pips":448.50000000000045,"pipsPerTrade":1.0263157894736852,"stopLoss":{"best":{"stopLoss":19,"pips":705.9000000000004,"pipsPerTrade":1.6153318077803214},"worst":{"stopLoss":1,"pips":-177.8999999999999,"pipsPerTrade":-0.4070938215102972}}},"perTrade":{"slowWma":124,"trades":385,"pips":404.00000000000017,"pipsPerTrade":1.046632124352332,"stopLoss":{"best":{"stopLoss":23,"pips":757.3000000000005,"pipsPerTrade":1.9619170984455971},"worst":{"stopLoss":2,"pips":-169.59999999999985,"pipsPerTrade":-0.43937823834196854}}}},"worst":{"overall":{"slowWma":79,"trades":277,"pips":-804.5999999999998,"pipsPerTrade":-2.894244604316546,"stopLoss":{"best":{"stopLoss":2,"pips":-244.5999999999999,"pipsPerTrade":-0.8798561151079134},"worst":{"stopLoss":16,"pips":-514.8,"pipsPerTrade":-1.851798561151079}}},"perTrade":{"slowWma":79,"trades":277,"pips":-804.5999999999998,"pipsPerTrade":-2.894244604316546,"stopLoss":{"best":{"stopLoss":2,"pips":-244.5999999999999,"pipsPerTrade":-0.8798561151079134},"worst":{"stopLoss":16,"pips":-514.8,"pipsPerTrade":-1.851798561151079}}}}},"withStopLoss":{"best":{"slowWma":126,"trades":463,"stopLoss":17,"pips":822.0000000000006,"pipsPerTrade":1.7715517241379322},"worst":{"slowWma":79,"trades":277,"stopLoss":16,"pips":-514.8,"pipsPerTrade":-1.851798561151079}}}