{"noStops":{"best":{"overall":{"slowWma":125,"trades":454,"pips":894.1000000000006,"pipsPerTrade":1.9650549450549464,"stopLoss":{"best":{"stopLoss":19,"pips":1247.4000000000005,"pipsPerTrade":2.741538461538463},"worst":{"stopLoss":1,"pips":1.4999999999999645,"pipsPerTrade":0.0032967032967032186}}},"perTrade":{"slowWma":125,"trades":454,"pips":894.1000000000006,"pipsPerTrade":1.9650549450549464,"stopLoss":{"best":{"stopLoss":19,"pips":1247.4000000000005,"pipsPerTrade":2.741538461538463},"worst":{"stopLoss":1,"pips":1.4999999999999645,"pipsPerTrade":0.0032967032967032186}}}},"worst":{"overall":{"slowWma":79,"trades":278,"pips":-525.4999999999998,"pipsPerTrade":-1.8835125448028667,"stopLoss":{"best":{"stopLoss":7,"pips":-13.499999999999943,"pipsPerTrade":-0.048387096774193346},"worst":{"stopLoss":4,"pips":-404.20000000000005,"pipsPerTrade":-1.4487455197132617}}},"perTrade":{"slowWma":79,"trades":278,"pips":-525.4999999999998,"pipsPerTrade":-1.8835125448028667,"stopLoss":{"best":{"stopLoss":7,"pips":-13.499999999999943,"pipsPerTrade":-0.048387096774193346},"worst":{"stopLoss":4,"pips":-404.20000000000005,"pipsPerTrade":-1.4487455197132617}}}}},"withStopLoss":{"best":{"slowWma":126,"trades":464,"stopLoss":17,"pips":1274.7000000000005,"pipsPerTrade":2.7412903225806464},"worst":{"slowWma":81,"trades":298,"stopLoss":15,"pips":-499.2999999999998,"pipsPerTrade":-1.6698996655518388}}}