{"noStops":{"best":{"overall":{"slowWma":121,"trades":424,"pips":454.3000000000004,"pipsPerTrade":1.0689411764705892,"stopLoss":{"best":{"stopLoss":19,"pips":701.0000000000001,"pipsPerTrade":1.6494117647058826},"worst":{"stopLoss":3,"pips":-393.3000000000001,"pipsPerTrade":-0.9254117647058826}}},"perTrade":{"slowWma":121,"trades":424,"pips":454.3000000000004,"pipsPerTrade":1.0689411764705892,"stopLoss":{"best":{"stopLoss":19,"pips":701.0000000000001,"pipsPerTrade":1.6494117647058826},"worst":{"stopLoss":3,"pips":-393.3000000000001,"pipsPerTrade":-0.9254117647058826}}}},"worst":{"overall":{"slowWma":79,"trades":296,"pips":-778.1999999999995,"pipsPerTrade":-2.6202020202020186,"stopLoss":{"best":{"stopLoss":7,"pips":-190.7000000000001,"pipsPerTrade":-0.6420875420875425},"worst":{"stopLoss":16,"pips":-551.5999999999999,"pipsPerTrade":-1.857239057239057}}},"perTrade":{"slowWma":79,"trades":296,"pips":-778.1999999999995,"pipsPerTrade":-2.6202020202020186,"stopLoss":{"best":{"stopLoss":7,"pips":-190.7000000000001,"pipsPerTrade":-0.6420875420875425},"worst":{"stopLoss":16,"pips":-551.5999999999999,"pipsPerTrade":-1.857239057239057}}}}},"withStopLoss":{"best":{"slowWma":128,"trades":435,"stopLoss":19,"pips":887.8,"pipsPerTrade":2.0362385321100915},"worst":{"slowWma":82,"trades":294,"stopLoss":3,"pips":-632.0999999999999,"pipsPerTrade":-2.1427118644067793}}}