{"noStops":{"best":{"overall":{"slowWma":128,"trades":436,"pips":865.3000000000002,"pipsPerTrade":1.9800915331807785,"stopLoss":{"best":{"stopLoss":19,"pips":1351.1,"pipsPerTrade":3.091762013729977},"worst":{"stopLoss":2,"pips":221.79999999999993,"pipsPerTrade":0.5075514874141874}}},"perTrade":{"slowWma":126,"trades":395,"pips":794.0000000000005,"pipsPerTrade":2.005050505050506,"stopLoss":{"best":{"stopLoss":17,"pips":1253.0000000000005,"pipsPerTrade":3.1641414141414153},"worst":{"stopLoss":1,"pips":-108.30000000000007,"pipsPerTrade":-0.27348484848484866}}}},"worst":{"overall":{"slowWma":79,"trades":297,"pips":-524.0999999999995,"pipsPerTrade":-1.7587248322147633,"stopLoss":{"best":{"stopLoss":7,"pips":-190.7000000000001,"pipsPerTrade":-0.6399328859060406},"worst":{"stopLoss":16,"pips":-551.5999999999999,"pipsPerTrade":-1.8510067114093958}}},"perTrade":{"slowWma":79,"trades":297,"pips":-524.0999999999995,"pipsPerTrade":-1.7587248322147633,"stopLoss":{"best":{"stopLoss":7,"pips":-190.7000000000001,"pipsPerTrade":-0.6399328859060406},"worst":{"stopLoss":16,"pips":-551.5999999999999,"pipsPerTrade":-1.8510067114093958}}}}},"withStopLoss":{"best":{"slowWma":128,"trades":436,"stopLoss":19,"pips":1351.1,"pipsPerTrade":3.091762013729977},"worst":{"slowWma":82,"trades":295,"stopLoss":3,"pips":-632.0999999999999,"pipsPerTrade":-2.1354729729729724}}}