{"noStops":{"best":{"overall":{"slowWma":124,"trades":403,"pips":503.40000000000026,"pipsPerTrade":1.2460396039603967,"stopLoss":{"best":{"stopLoss":17,"pips":965.4999999999995,"pipsPerTrade":2.3898514851485135},"worst":{"stopLoss":2,"pips":-191.4,"pipsPerTrade":-0.4737623762376238}}},"perTrade":{"slowWma":124,"trades":403,"pips":503.40000000000026,"pipsPerTrade":1.2460396039603967,"stopLoss":{"best":{"stopLoss":17,"pips":965.4999999999995,"pipsPerTrade":2.3898514851485135},"worst":{"stopLoss":2,"pips":-191.4,"pipsPerTrade":-0.4737623762376238}}}},"worst":{"overall":{"slowWma":75,"trades":323,"pips":-769.0999999999996,"pipsPerTrade":-2.373765432098764,"stopLoss":{"best":{"stopLoss":4,"pips":-95.39999999999993,"pipsPerTrade":-0.29444444444444423},"worst":{"stopLoss":19,"pips":-531.4000000000001,"pipsPerTrade":-1.6401234567901237}}},"perTrade":{"slowWma":80,"trades":292,"pips":-696.6999999999998,"pipsPerTrade":-2.3778156996587025,"stopLoss":{"best":{"stopLoss":8,"pips":-262.0999999999999,"pipsPerTrade":-0.8945392491467574},"worst":{"stopLoss":4,"pips":-687.9,"pipsPerTrade":-2.3477815699658704}}}}},"withStopLoss":{"best":{"slowWma":125,"trades":473,"stopLoss":17,"pips":981.8000000000002,"pipsPerTrade":2.0713080168776377},"worst":{"slowWma":82,"trades":296,"stopLoss":3,"pips":-713.8999999999999,"pipsPerTrade":-2.4037037037037035}}}