{"noStops":{"best":{"overall":{"slowWma":124,"trades":404,"pips":897.0000000000002,"pipsPerTrade":2.2148148148148152,"stopLoss":{"best":{"stopLoss":17,"pips":1359.0999999999995,"pipsPerTrade":3.355802469135801},"worst":{"stopLoss":2,"pips":202.20000000000002,"pipsPerTrade":0.4992592592592593}}},"perTrade":{"slowWma":124,"trades":404,"pips":897.0000000000002,"pipsPerTrade":2.2148148148148152,"stopLoss":{"best":{"stopLoss":17,"pips":1359.0999999999995,"pipsPerTrade":3.355802469135801},"worst":{"stopLoss":2,"pips":202.20000000000002,"pipsPerTrade":0.4992592592592593}}}},"worst":{"overall":{"slowWma":78,"trades":299,"pips":-448.49999999999966,"pipsPerTrade":-1.4949999999999988,"stopLoss":{"best":{"stopLoss":8,"pips":-55.99999999999997,"pipsPerTrade":-0.18666666666666656},"worst":{"stopLoss":21,"pips":-423.7999999999998,"pipsPerTrade":-1.4126666666666658}}},"perTrade":{"slowWma":80,"trades":293,"pips":-445.49999999999983,"pipsPerTrade":-1.515306122448979,"stopLoss":{"best":{"stopLoss":8,"pips":-262.0999999999999,"pipsPerTrade":-0.8914965986394555},"worst":{"stopLoss":4,"pips":-687.9,"pipsPerTrade":-2.3397959183673467}}}}},"withStopLoss":{"best":{"slowWma":124,"trades":404,"stopLoss":17,"pips":1359.0999999999995,"pipsPerTrade":3.355802469135801},"worst":{"slowWma":82,"trades":297,"stopLoss":3,"pips":-713.8999999999999,"pipsPerTrade":-2.395637583892617}}}