{"noStops":{"best":{"overall":{"slowWma":126,"trades":445,"pips":951.6000000000003,"pipsPerTrade":2.133632286995516,"stopLoss":{"best":{"stopLoss":19,"pips":1236.5000000000002,"pipsPerTrade":2.772421524663678},"worst":{"stopLoss":2,"pips":136.99999999999991,"pipsPerTrade":0.3071748878923765}}},"perTrade":{"slowWma":126,"trades":445,"pips":951.6000000000003,"pipsPerTrade":2.133632286995516,"stopLoss":{"best":{"stopLoss":19,"pips":1236.5000000000002,"pipsPerTrade":2.772421524663678},"worst":{"stopLoss":2,"pips":136.99999999999991,"pipsPerTrade":0.3071748878923765}}}},"worst":{"overall":{"slowWma":77,"trades":313,"pips":-523.2999999999996,"pipsPerTrade":-1.666560509554139,"stopLoss":{"best":{"stopLoss":7,"pips":36.39999999999995,"pipsPerTrade":0.11592356687898073},"worst":{"stopLoss":24,"pips":-450.50000000000017,"pipsPerTrade":-1.434713375796179}}},"perTrade":{"slowWma":78,"trades":288,"pips":-489.80000000000007,"pipsPerTrade":-1.694809688581315,"stopLoss":{"best":{"stopLoss":7,"pips":-157.29999999999995,"pipsPerTrade":-0.5442906574394462},"worst":{"stopLoss":1,"pips":-474.9999999999997,"pipsPerTrade":-1.643598615916954}}}}},"withStopLoss":{"best":{"slowWma":126,"trades":445,"stopLoss":19,"pips":1236.5000000000002,"pipsPerTrade":2.772421524663678},"worst":{"slowWma":80,"trades":289,"stopLoss":3,"pips":-680.1999999999998,"pipsPerTrade":-2.3455172413793095}}}