{"noStops":{"best":{"overall":{"slowWma":126,"trades":444,"pips":488.30000000000024,"pipsPerTrade":1.0973033707865174,"stopLoss":{"best":{"stopLoss":19,"pips":773.2000000000003,"pipsPerTrade":1.737528089887641},"worst":{"stopLoss":2,"pips":136.99999999999991,"pipsPerTrade":0.30786516853932566}}},"perTrade":{"slowWma":126,"trades":444,"pips":488.30000000000024,"pipsPerTrade":1.0973033707865174,"stopLoss":{"best":{"stopLoss":19,"pips":773.2000000000003,"pipsPerTrade":1.737528089887641},"worst":{"stopLoss":2,"pips":136.99999999999991,"pipsPerTrade":0.30786516853932566}}}},"worst":{"overall":{"slowWma":77,"trades":312,"pips":-777.3999999999996,"pipsPerTrade":-2.4837060702875386,"stopLoss":{"best":{"stopLoss":7,"pips":49.19999999999995,"pipsPerTrade":0.15718849840255575},"worst":{"stopLoss":24,"pips":-423.40000000000015,"pipsPerTrade":-1.3527156549520771}}},"perTrade":{"slowWma":78,"trades":287,"pips":-743.9000000000001,"pipsPerTrade":-2.5829861111111114,"stopLoss":{"best":{"stopLoss":7,"pips":-142.99999999999994,"pipsPerTrade":-0.49652777777777757},"worst":{"stopLoss":22,"pips":-474.8000000000003,"pipsPerTrade":-1.6486111111111121}}}}},"withStopLoss":{"best":{"slowWma":125,"trades":496,"stopLoss":17,"pips":850.0000000000001,"pipsPerTrade":1.7102615694164993},"worst":{"slowWma":80,"trades":288,"stopLoss":3,"pips":-680.1999999999998,"pipsPerTrade":-2.353633217993079}}}