{"noStops":{"best":{"overall":{"slowWma":124,"trades":395,"pips":954.5,"pipsPerTrade":2.4103535353535355,"stopLoss":{"best":{"stopLoss":17,"pips":1199.6,"pipsPerTrade":3.029292929292929},"worst":{"stopLoss":1,"pips":368.59999999999985,"pipsPerTrade":0.9308080808080804}}},"perTrade":{"slowWma":124,"trades":395,"pips":954.5,"pipsPerTrade":2.4103535353535355,"stopLoss":{"best":{"stopLoss":17,"pips":1199.6,"pipsPerTrade":3.029292929292929},"worst":{"stopLoss":1,"pips":368.59999999999985,"pipsPerTrade":0.9308080808080804}}}},"worst":{"overall":{"slowWma":77,"trades":307,"pips":-406.39999999999986,"pipsPerTrade":-1.319480519480519,"stopLoss":{"best":{"stopLoss":7,"pips":55.10000000000005,"pipsPerTrade":0.17889610389610405},"worst":{"stopLoss":1,"pips":-381.69999999999976,"pipsPerTrade":-1.2392857142857134}}},"perTrade":{"slowWma":77,"trades":307,"pips":-406.39999999999986,"pipsPerTrade":-1.319480519480519,"stopLoss":{"best":{"stopLoss":7,"pips":55.10000000000005,"pipsPerTrade":0.17889610389610405},"worst":{"stopLoss":1,"pips":-381.69999999999976,"pipsPerTrade":-1.2392857142857134}}}}},"withStopLoss":{"best":{"slowWma":125,"trades":402,"stopLoss":17,"pips":1297.7999999999997,"pipsPerTrade":3.2203473945409424},"worst":{"slowWma":79,"trades":298,"stopLoss":4,"pips":-587.7999999999997,"pipsPerTrade":-1.965886287625417}}}