{"noStops":{"best":{"overall":{"slowWma":124,"trades":366,"pips":588.3000000000001,"pipsPerTrade":1.6029972752043598,"stopLoss":{"best":{"stopLoss":17,"pips":924.1000000000003,"pipsPerTrade":2.517983651226159},"worst":{"stopLoss":1,"pips":-3.899999999999997,"pipsPerTrade":-0.010626702997275196}}},"perTrade":{"slowWma":124,"trades":366,"pips":588.3000000000001,"pipsPerTrade":1.6029972752043598,"stopLoss":{"best":{"stopLoss":17,"pips":924.1000000000003,"pipsPerTrade":2.517983651226159},"worst":{"stopLoss":1,"pips":-3.899999999999997,"pipsPerTrade":-0.010626702997275196}}}},"worst":{"overall":{"slowWma":75,"trades":339,"pips":-644.1000000000004,"pipsPerTrade":-1.8944117647058833,"stopLoss":{"best":{"stopLoss":7,"pips":95.60000000000007,"pipsPerTrade":0.28117647058823547},"worst":{"stopLoss":25,"pips":-235.00000000000048,"pipsPerTrade":-0.6911764705882367}}},"perTrade":{"slowWma":75,"trades":339,"pips":-644.1000000000004,"pipsPerTrade":-1.8944117647058833,"stopLoss":{"best":{"stopLoss":7,"pips":95.60000000000007,"pipsPerTrade":0.28117647058823547},"worst":{"stopLoss":25,"pips":-235.00000000000048,"pipsPerTrade":-0.6911764705882367}}}}},"withStopLoss":{"best":{"slowWma":124,"trades":366,"stopLoss":17,"pips":924.1000000000003,"pipsPerTrade":2.517983651226159},"worst":{"slowWma":85,"trades":294,"stopLoss":23,"pips":-332.99999999999994,"pipsPerTrade":-1.1288135593220336}}}