{"noStops":{"best":{"overall":{"slowWma":124,"trades":367,"pips":985.9000000000001,"pipsPerTrade":2.6790760869565218,"stopLoss":{"best":{"stopLoss":17,"pips":1321.7000000000003,"pipsPerTrade":3.5915760869565223},"worst":{"stopLoss":1,"pips":-12.899999999999997,"pipsPerTrade":-0.03505434782608695}}},"perTrade":{"slowWma":124,"trades":367,"pips":985.9000000000001,"pipsPerTrade":2.6790760869565218,"stopLoss":{"best":{"stopLoss":17,"pips":1321.7000000000003,"pipsPerTrade":3.5915760869565223},"worst":{"stopLoss":1,"pips":-12.899999999999997,"pipsPerTrade":-0.03505434782608695}}}},"worst":{"overall":{"slowWma":75,"trades":342,"pips":-271.00000000000034,"pipsPerTrade":-0.7900874635568523,"stopLoss":{"best":{"stopLoss":7,"pips":75.20000000000007,"pipsPerTrade":0.21924198250728885},"worst":{"stopLoss":25,"pips":-299.6000000000005,"pipsPerTrade":-0.8734693877551034}}},"perTrade":{"slowWma":78,"trades":295,"pips":-237.50000000000003,"pipsPerTrade":-0.8023648648648649,"stopLoss":{"best":{"stopLoss":10,"pips":-145.30000000000004,"pipsPerTrade":-0.4908783783783785},"worst":{"stopLoss":2,"pips":-553.0999999999996,"pipsPerTrade":-1.8685810810810797}}}}},"withStopLoss":{"best":{"slowWma":124,"trades":367,"stopLoss":17,"pips":1321.7000000000003,"pipsPerTrade":3.5915760869565223},"worst":{"slowWma":78,"trades":295,"stopLoss":2,"pips":-553.0999999999996,"pipsPerTrade":-1.8685810810810797}}}