{"noStops":{"best":{"overall":{"slowWma":125,"trades":452,"pips":578.3000000000001,"pipsPerTrade":1.2766004415011039,"stopLoss":{"best":{"stopLoss":19,"pips":860.6000000000003,"pipsPerTrade":1.8997792494481243},"worst":{"stopLoss":1,"pips":95.60000000000002,"pipsPerTrade":0.21103752759381902}}},"perTrade":{"slowWma":124,"trades":391,"pips":545.9000000000001,"pipsPerTrade":1.3926020408163267,"stopLoss":{"best":{"stopLoss":17,"pips":886.8000000000002,"pipsPerTrade":2.2622448979591843},"worst":{"stopLoss":2,"pips":75.49999999999999,"pipsPerTrade":0.19260204081632648}}}},"worst":{"overall":{"slowWma":74,"trades":391,"pips":-615.6999999999999,"pipsPerTrade":-1.5706632653061223,"stopLoss":{"best":{"stopLoss":2,"pips":73.60000000000008,"pipsPerTrade":0.18775510204081652},"worst":{"stopLoss":25,"pips":-308.5000000000001,"pipsPerTrade":-0.7869897959183676}}},"perTrade":{"slowWma":74,"trades":391,"pips":-615.6999999999999,"pipsPerTrade":-1.5706632653061223,"stopLoss":{"best":{"stopLoss":2,"pips":73.60000000000008,"pipsPerTrade":0.18775510204081652},"worst":{"stopLoss":25,"pips":-308.5000000000001,"pipsPerTrade":-0.7869897959183676}}}}},"withStopLoss":{"best":{"slowWma":124,"trades":391,"stopLoss":17,"pips":886.8000000000002,"pipsPerTrade":2.2622448979591843},"worst":{"slowWma":81,"trades":306,"stopLoss":15,"pips":-569.8999999999999,"pipsPerTrade":-1.8563517915309442}}}