{"noStops":{"best":{"overall":{"slowWma":125,"trades":453,"pips":955.1000000000001,"pipsPerTrade":2.1037444933920706,"stopLoss":{"best":{"stopLoss":19,"pips":1237.4000000000003,"pipsPerTrade":2.725550660792952},"worst":{"stopLoss":1,"pips":95.60000000000002,"pipsPerTrade":0.21057268722466965}}},"perTrade":{"slowWma":124,"trades":392,"pips":943.5000000000001,"pipsPerTrade":2.4007633587786263,"stopLoss":{"best":{"stopLoss":17,"pips":1284.4,"pipsPerTrade":3.2681933842239186},"worst":{"stopLoss":2,"pips":66.49999999999999,"pipsPerTrade":0.16921119592875314}}}},"worst":{"overall":{"slowWma":74,"trades":394,"pips":-236.79999999999993,"pipsPerTrade":-0.5994936708860757,"stopLoss":{"best":{"stopLoss":2,"pips":53.20000000000009,"pipsPerTrade":0.1346835443037977},"worst":{"stopLoss":25,"pips":-373.10000000000014,"pipsPerTrade":-0.9445569620253168}}},"perTrade":{"slowWma":74,"trades":394,"pips":-236.79999999999993,"pipsPerTrade":-0.5994936708860757,"stopLoss":{"best":{"stopLoss":2,"pips":53.20000000000009,"pipsPerTrade":0.1346835443037977},"worst":{"stopLoss":25,"pips":-373.10000000000014,"pipsPerTrade":-0.9445569620253168}}}}},"withStopLoss":{"best":{"slowWma":124,"trades":392,"stopLoss":17,"pips":1284.4,"pipsPerTrade":3.2681933842239186},"worst":{"slowWma":81,"trades":307,"stopLoss":15,"pips":-569.8999999999999,"pipsPerTrade":-1.850324675324675}}}