{"noStops":{"best":{"overall":{"slowWma":127,"trades":831,"pips":589.9999999999992,"pipsPerTrade":0.7091346153846144,"stopLoss":{"best":{"stopLoss":23,"pips":428.9999999999993,"pipsPerTrade":0.5156249999999992},"worst":{"stopLoss":4,"pips":-2.3999999999998867,"pipsPerTrade":-0.0028846153846152486}}},"perTrade":{"slowWma":57,"trades":513,"pips":447.90000000000015,"pipsPerTrade":0.871400778210117,"stopLoss":{"best":{"stopLoss":23,"pips":723.6,"pipsPerTrade":1.4077821011673153},"worst":{"stopLoss":5,"pips":-101.90000000000005,"pipsPerTrade":-0.1982490272373542}}}},"worst":{"overall":{"slowWma":178,"trades":1381,"pips":-563.4000000000004,"pipsPerTrade":-0.4076700434153404,"stopLoss":{"best":{"stopLoss":18,"pips":-331.20000000000005,"pipsPerTrade":-0.2396526772793054},"worst":{"stopLoss":15,"pips":-709.5000000000003,"pipsPerTrade":-0.5133863965267731}}},"perTrade":{"slowWma":19,"trades":729,"pips":-489.5000000000001,"pipsPerTrade":-0.6705479452054796,"stopLoss":{"best":{"stopLoss":18,"pips":-488.09999999999997,"pipsPerTrade":-0.6686301369863014},"worst":{"stopLoss":4,"pips":-822.4000000000003,"pipsPerTrade":-1.1265753424657539}}}}},"withStopLoss":{"best":{"slowWma":58,"trades":508,"stopLoss":16,"pips":792.0999999999993,"pipsPerTrade":1.5561886051080538},"worst":{"slowWma":19,"trades":729,"stopLoss":4,"pips":-822.4000000000003,"pipsPerTrade":-1.1265753424657539}}}