{"noStops":{"best":{"overall":{"slowWma":124,"trades":362,"pips":547.8000000000001,"pipsPerTrade":1.5090909090909093,"stopLoss":{"best":{"stopLoss":19,"pips":796.7000000000003,"pipsPerTrade":2.1947658402203865},"worst":{"stopLoss":2,"pips":59.39999999999996,"pipsPerTrade":0.16363636363636352}}},"perTrade":{"slowWma":124,"trades":362,"pips":547.8000000000001,"pipsPerTrade":1.5090909090909093,"stopLoss":{"best":{"stopLoss":19,"pips":796.7000000000003,"pipsPerTrade":2.1947658402203865},"worst":{"stopLoss":2,"pips":59.39999999999996,"pipsPerTrade":0.16363636363636352}}}},"worst":{"overall":{"slowWma":81,"trades":307,"pips":-514.8999999999997,"pipsPerTrade":-1.6717532467532459,"stopLoss":{"best":{"stopLoss":11,"pips":-151.3,"pipsPerTrade":-0.49123376623376624},"worst":{"stopLoss":18,"pips":-422.6,"pipsPerTrade":-1.3720779220779222}}},"perTrade":{"slowWma":82,"trades":280,"pips":-505.1999999999999,"pipsPerTrade":-1.7978647686832736,"stopLoss":{"best":{"stopLoss":20,"pips":-152.79999999999998,"pipsPerTrade":-0.5437722419928825},"worst":{"stopLoss":18,"pips":-425.09999999999997,"pipsPerTrade":-1.5128113879003557}}}}},"withStopLoss":{"best":{"slowWma":124,"trades":362,"stopLoss":19,"pips":796.7000000000003,"pipsPerTrade":2.1947658402203865},"worst":{"slowWma":82,"trades":280,"stopLoss":18,"pips":-425.09999999999997,"pipsPerTrade":-1.5128113879003557}}}