{"noStops":{"best":{"overall":{"slowWma":121,"trades":395,"pips":456.5000000000004,"pipsPerTrade":1.1527777777777788,"stopLoss":{"best":{"stopLoss":19,"pips":674.1000000000004,"pipsPerTrade":1.7022727272727283},"worst":{"stopLoss":2,"pips":6.100000000000062,"pipsPerTrade":0.01540404040404056}}},"perTrade":{"slowWma":122,"trades":348,"pips":453.80000000000007,"pipsPerTrade":1.3002865329512896,"stopLoss":{"best":{"stopLoss":17,"pips":695.3000000000003,"pipsPerTrade":1.9922636103151872},"worst":{"stopLoss":3,"pips":17.799999999999955,"pipsPerTrade":0.051002865329512766}}}},"worst":{"overall":{"slowWma":75,"trades":431,"pips":-585.4999999999997,"pipsPerTrade":-1.3553240740740733,"stopLoss":{"best":{"stopLoss":10,"pips":18.399999999999995,"pipsPerTrade":0.04259259259259258},"worst":{"stopLoss":1,"pips":-490.09999999999974,"pipsPerTrade":-1.13449074074074}}},"perTrade":{"slowWma":81,"trades":313,"pips":-515.4999999999994,"pipsPerTrade":-1.6417197452229282,"stopLoss":{"best":{"stopLoss":11,"pips":-48.49999999999994,"pipsPerTrade":-0.15445859872611448},"worst":{"stopLoss":19,"pips":-310.49999999999994,"pipsPerTrade":-0.9888535031847132}}}}},"withStopLoss":{"best":{"slowWma":122,"trades":348,"stopLoss":17,"pips":695.3000000000003,"pipsPerTrade":1.9922636103151872},"worst":{"slowWma":73,"trades":575,"stopLoss":1,"pips":-491.30000000000007,"pipsPerTrade":-0.852951388888889}}}