{"noStops":{"best":{"overall":{"slowWma":121,"trades":396,"pips":853.5000000000005,"pipsPerTrade":2.1498740554156184,"stopLoss":{"best":{"stopLoss":19,"pips":1071.1000000000004,"pipsPerTrade":2.697984886649875},"worst":{"stopLoss":2,"pips":6.100000000000062,"pipsPerTrade":0.015365239294710483}}},"perTrade":{"slowWma":122,"trades":349,"pips":850.8000000000001,"pipsPerTrade":2.430857142857143,"stopLoss":{"best":{"stopLoss":17,"pips":1074.3000000000002,"pipsPerTrade":3.069428571428572},"worst":{"stopLoss":3,"pips":-0.20000000000004547,"pipsPerTrade":-0.0005714285714287014}}}},"worst":{"overall":{"slowWma":74,"trades":473,"pips":-272.8999999999996,"pipsPerTrade":-0.5757383966244717,"stopLoss":{"best":{"stopLoss":6,"pips":-12.300000000000022,"pipsPerTrade":-0.025949367088607643},"worst":{"stopLoss":1,"pips":-500.49999999999966,"pipsPerTrade":-1.0559071729957799}}},"perTrade":{"slowWma":81,"trades":314,"pips":-240.29999999999944,"pipsPerTrade":-0.7628571428571411,"stopLoss":{"best":{"stopLoss":11,"pips":-48.49999999999994,"pipsPerTrade":-0.15396825396825378},"worst":{"stopLoss":19,"pips":-310.49999999999994,"pipsPerTrade":-0.9857142857142855}}}}},"withStopLoss":{"best":{"slowWma":122,"trades":349,"stopLoss":17,"pips":1074.3000000000002,"pipsPerTrade":3.069428571428572},"worst":{"slowWma":81,"trades":314,"stopLoss":19,"pips":-310.49999999999994,"pipsPerTrade":-0.9857142857142855}}}