{"noStops":{"best":{"overall":{"slowWma":126,"trades":355,"pips":357.70000000000044,"pipsPerTrade":1.0047752808988777,"stopLoss":{"best":{"stopLoss":17,"pips":594.1000000000004,"pipsPerTrade":1.6688202247191022},"worst":{"stopLoss":9,"pips":199.60000000000025,"pipsPerTrade":0.5606741573033714}}},"perTrade":{"slowWma":126,"trades":355,"pips":357.70000000000044,"pipsPerTrade":1.0047752808988777,"stopLoss":{"best":{"stopLoss":17,"pips":594.1000000000004,"pipsPerTrade":1.6688202247191022},"worst":{"stopLoss":9,"pips":199.60000000000025,"pipsPerTrade":0.5606741573033714}}}},"worst":{"overall":{"slowWma":87,"trades":282,"pips":-499.99999999999983,"pipsPerTrade":-1.7667844522968192,"stopLoss":{"best":{"stopLoss":16,"pips":120.40000000000012,"pipsPerTrade":0.42544169611307464},"worst":{"stopLoss":1,"pips":-212.39999999999978,"pipsPerTrade":-0.7505300353356883}}},"perTrade":{"slowWma":87,"trades":282,"pips":-499.99999999999983,"pipsPerTrade":-1.7667844522968192,"stopLoss":{"best":{"stopLoss":16,"pips":120.40000000000012,"pipsPerTrade":0.42544169611307464},"worst":{"stopLoss":1,"pips":-212.39999999999978,"pipsPerTrade":-0.7505300353356883}}}}},"withStopLoss":{"best":{"slowWma":126,"trades":355,"stopLoss":17,"pips":594.1000000000004,"pipsPerTrade":1.6688202247191022},"worst":{"slowWma":151,"trades":513,"stopLoss":7,"pips":-619.2,"pipsPerTrade":-1.2046692607003893}}}