{"noStops":{"best":{"overall":{"slowWma":126,"trades":356,"pips":716.9000000000004,"pipsPerTrade":2.008123249299721,"stopLoss":{"best":{"stopLoss":17,"pips":953.3000000000004,"pipsPerTrade":2.670308123249301},"worst":{"stopLoss":9,"pips":558.8000000000002,"pipsPerTrade":1.5652661064425775}}},"perTrade":{"slowWma":126,"trades":356,"pips":716.9000000000004,"pipsPerTrade":2.008123249299721,"stopLoss":{"best":{"stopLoss":17,"pips":953.3000000000004,"pipsPerTrade":2.670308123249301},"worst":{"stopLoss":9,"pips":558.8000000000002,"pipsPerTrade":1.5652661064425775}}}},"worst":{"overall":{"slowWma":87,"trades":283,"pips":-214.69999999999982,"pipsPerTrade":-0.7559859154929571,"stopLoss":{"best":{"stopLoss":16,"pips":120.40000000000012,"pipsPerTrade":0.4239436619718314},"worst":{"stopLoss":1,"pips":-212.39999999999978,"pipsPerTrade":-0.7478873239436612}}},"perTrade":{"slowWma":87,"trades":283,"pips":-214.69999999999982,"pipsPerTrade":-0.7559859154929571,"stopLoss":{"best":{"stopLoss":16,"pips":120.40000000000012,"pipsPerTrade":0.4239436619718314},"worst":{"stopLoss":1,"pips":-212.39999999999978,"pipsPerTrade":-0.7478873239436612}}}}},"withStopLoss":{"best":{"slowWma":126,"trades":356,"stopLoss":17,"pips":953.3000000000004,"pipsPerTrade":2.670308123249301},"worst":{"slowWma":151,"trades":514,"stopLoss":7,"pips":-626.4000000000001,"pipsPerTrade":-1.2163106796116507}}}