{"noStops":{"best":{"overall":{"slowWma":125,"trades":401,"pips":286.2000000000004,"pipsPerTrade":0.7119402985074637,"stopLoss":{"best":{"stopLoss":17,"pips":653.7,"pipsPerTrade":1.6261194029850747},"worst":{"stopLoss":1,"pips":97.69999999999989,"pipsPerTrade":0.24303482587064648}}},"perTrade":{"slowWma":124,"trades":347,"pips":279.6000000000006,"pipsPerTrade":0.8034482758620707,"stopLoss":{"best":{"stopLoss":19,"pips":439.80000000000035,"pipsPerTrade":1.2637931034482768},"worst":{"stopLoss":1,"pips":124.89999999999996,"pipsPerTrade":0.35890804597701137}}}},"worst":{"overall":{"slowWma":89,"trades":285,"pips":-505.4999999999999,"pipsPerTrade":-1.767482517482517,"stopLoss":{"best":{"stopLoss":6,"pips":44.80000000000004,"pipsPerTrade":0.1566433566433568},"worst":{"stopLoss":25,"pips":-333.8999999999999,"pipsPerTrade":-1.1674825174825172}}},"perTrade":{"slowWma":89,"trades":285,"pips":-505.4999999999999,"pipsPerTrade":-1.767482517482517,"stopLoss":{"best":{"stopLoss":6,"pips":44.80000000000004,"pipsPerTrade":0.1566433566433568},"worst":{"stopLoss":25,"pips":-333.8999999999999,"pipsPerTrade":-1.1674825174825172}}}}},"withStopLoss":{"best":{"slowWma":125,"trades":401,"stopLoss":17,"pips":653.7,"pipsPerTrade":1.6261194029850747},"worst":{"slowWma":151,"trades":586,"stopLoss":5,"pips":-536.6999999999998,"pipsPerTrade":-0.9143100511073251}}}