{"noStops":{"best":{"overall":{"slowWma":124,"trades":348,"pips":638.8000000000006,"pipsPerTrade":1.830372492836678,"stopLoss":{"best":{"stopLoss":19,"pips":799.0000000000003,"pipsPerTrade":2.2893982808022932},"worst":{"stopLoss":1,"pips":480.79999999999995,"pipsPerTrade":1.3776504297994268}}},"perTrade":{"slowWma":124,"trades":348,"pips":638.8000000000006,"pipsPerTrade":1.830372492836678,"stopLoss":{"best":{"stopLoss":19,"pips":799.0000000000003,"pipsPerTrade":2.2893982808022932},"worst":{"stopLoss":1,"pips":480.79999999999995,"pipsPerTrade":1.3776504297994268}}}},"worst":{"overall":{"slowWma":199,"trades":1106,"pips":-283.5999999999998,"pipsPerTrade":-0.25618789521228524,"stopLoss":{"best":{"stopLoss":6,"pips":102.00000000000023,"pipsPerTrade":0.0921409214092143},"worst":{"stopLoss":25,"pips":-155.89999999999986,"pipsPerTrade":-0.14083107497741632}}},"perTrade":{"slowWma":84,"trades":278,"pips":-205.20000000000005,"pipsPerTrade":-0.7354838709677421,"stopLoss":{"best":{"stopLoss":17,"pips":-37.59999999999987,"pipsPerTrade":-0.13476702508960528},"worst":{"stopLoss":13,"pips":-274.09999999999985,"pipsPerTrade":-0.9824372759856626}}}}},"withStopLoss":{"best":{"slowWma":125,"trades":402,"stopLoss":17,"pips":991.7,"pipsPerTrade":2.4607940446650125},"worst":{"slowWma":151,"trades":587,"stopLoss":5,"pips":-567.7999999999998,"pipsPerTrade":-0.9656462585034011}}}