{"noStops":{"best":{"overall":{"slowWma":129,"trades":502,"pips":665.8000000000003,"pipsPerTrade":1.3236580516898615,"stopLoss":{"best":{"stopLoss":15,"pips":823.9000000000005,"pipsPerTrade":1.637972166998013},"worst":{"stopLoss":9,"pips":440.6,"pipsPerTrade":0.8759443339960239}}},"perTrade":{"slowWma":112,"trades":291,"pips":520.6,"pipsPerTrade":1.7828767123287672,"stopLoss":{"best":{"stopLoss":22,"pips":735.0000000000002,"pipsPerTrade":2.5171232876712337},"worst":{"stopLoss":2,"pips":343.6,"pipsPerTrade":1.1767123287671233}}}},"worst":{"overall":{"slowWma":199,"trades":1100,"pips":-336.4999999999999,"pipsPerTrade":-0.3056312443233423,"stopLoss":{"best":{"stopLoss":15,"pips":26.800000000000473,"pipsPerTrade":0.024341507720254743},"worst":{"stopLoss":25,"pips":-218.09999999999974,"pipsPerTrade":-0.19809264305177088}}},"perTrade":{"slowWma":85,"trades":306,"pips":-203.39999999999992,"pipsPerTrade":-0.6625407166123776,"stopLoss":{"best":{"stopLoss":17,"pips":119.10000000000002,"pipsPerTrade":0.38794788273615644},"worst":{"stopLoss":8,"pips":-261.79999999999984,"pipsPerTrade":-0.8527687296416933}}}}},"withStopLoss":{"best":{"slowWma":125,"trades":400,"stopLoss":17,"pips":984.0999999999992,"pipsPerTrade":2.454114713216956},"worst":{"slowWma":151,"trades":581,"stopLoss":25,"pips":-294.80000000000007,"pipsPerTrade":-0.5065292096219932}}}