{"noStops":{"best":{"overall":{"slowWma":129,"trades":501,"pips":334.4000000000003,"pipsPerTrade":0.6661354581673313,"stopLoss":{"best":{"stopLoss":15,"pips":492.5000000000005,"pipsPerTrade":0.9810756972111564},"worst":{"stopLoss":9,"pips":109.20000000000003,"pipsPerTrade":0.21752988047808772}}},"perTrade":{"slowWma":124,"trades":344,"pips":275.6000000000002,"pipsPerTrade":0.7988405797101454,"stopLoss":{"best":{"stopLoss":18,"pips":557.0000000000002,"pipsPerTrade":1.614492753623189},"worst":{"stopLoss":1,"pips":186.99999999999997,"pipsPerTrade":0.5420289855072463}}}},"worst":{"overall":{"slowWma":85,"trades":305,"pips":-488.69999999999993,"pipsPerTrade":-1.5970588235294116,"stopLoss":{"best":{"stopLoss":17,"pips":119.10000000000002,"pipsPerTrade":0.38921568627450986},"worst":{"stopLoss":8,"pips":-261.79999999999984,"pipsPerTrade":-0.8555555555555551}}},"perTrade":{"slowWma":85,"trades":305,"pips":-488.69999999999993,"pipsPerTrade":-1.5970588235294116,"stopLoss":{"best":{"stopLoss":17,"pips":119.10000000000002,"pipsPerTrade":0.38921568627450986},"worst":{"stopLoss":8,"pips":-261.79999999999984,"pipsPerTrade":-0.8555555555555551}}}}},"withStopLoss":{"best":{"slowWma":125,"trades":399,"stopLoss":17,"pips":675.8999999999992,"pipsPerTrade":1.6897499999999979},"worst":{"slowWma":151,"trades":580,"stopLoss":25,"pips":-263.70000000000005,"pipsPerTrade":-0.45387263339070577}}}