{"noStops":{"best":{"overall":{"slowWma":124,"trades":424,"pips":280.70000000000005,"pipsPerTrade":0.6604705882352943,"stopLoss":{"best":{"stopLoss":17,"pips":588.0000000000001,"pipsPerTrade":1.3835294117647061},"worst":{"stopLoss":1,"pips":252.39999999999992,"pipsPerTrade":0.5938823529411763}}},"perTrade":{"slowWma":123,"trades":367,"pips":268.10000000000014,"pipsPerTrade":0.7285326086956525,"stopLoss":{"best":{"stopLoss":19,"pips":336.20000000000005,"pipsPerTrade":0.9135869565217393},"worst":{"stopLoss":1,"pips":93.19999999999995,"pipsPerTrade":0.25326086956521726}}}},"worst":{"overall":{"slowWma":81,"trades":362,"pips":-607.7999999999997,"pipsPerTrade":-1.6743801652892554,"stopLoss":{"best":{"stopLoss":4,"pips":-56.300000000000004,"pipsPerTrade":-0.15509641873278238},"worst":{"stopLoss":10,"pips":-343.39999999999986,"pipsPerTrade":-0.9460055096418729}}},"perTrade":{"slowWma":85,"trades":302,"pips":-560.4999999999997,"pipsPerTrade":-1.8498349834983487,"stopLoss":{"best":{"stopLoss":12,"pips":-9.399999999999988,"pipsPerTrade":-0.031023102310230984},"worst":{"stopLoss":1,"pips":-398.0000000000001,"pipsPerTrade":-1.3135313531353139}}}}},"withStopLoss":{"best":{"slowWma":124,"trades":424,"stopLoss":17,"pips":588.0000000000001,"pipsPerTrade":1.3835294117647061},"worst":{"slowWma":83,"trades":324,"stopLoss":2,"pips":-245.69999999999993,"pipsPerTrade":-0.7559999999999998}}}