{"noStops":{"best":{"overall":{"slowWma":129,"trades":503,"pips":601.2000000000003,"pipsPerTrade":1.1928571428571435,"stopLoss":{"best":{"stopLoss":1,"pips":863.9000000000004,"pipsPerTrade":1.7140873015873024},"worst":{"stopLoss":10,"pips":468.6000000000002,"pipsPerTrade":0.9297619047619051}}},"perTrade":{"slowWma":123,"trades":368,"pips":576.3000000000002,"pipsPerTrade":1.5617886178861793,"stopLoss":{"best":{"stopLoss":19,"pips":644.4000000000001,"pipsPerTrade":1.7463414634146344},"worst":{"stopLoss":1,"pips":401.3999999999999,"pipsPerTrade":1.0878048780487803}}}},"worst":{"overall":{"slowWma":199,"trades":1117,"pips":-299.39999999999986,"pipsPerTrade":-0.26779964221824676,"stopLoss":{"best":{"stopLoss":16,"pips":42.60000000000037,"pipsPerTrade":0.0381037567084082},"worst":{"stopLoss":25,"pips":-174.99999999999983,"pipsPerTrade":-0.15652951699463313}}},"perTrade":{"slowWma":85,"trades":303,"pips":-267.79999999999967,"pipsPerTrade":-0.8809210526315778,"stopLoss":{"best":{"stopLoss":12,"pips":-9.399999999999988,"pipsPerTrade":-0.030921052631578908},"worst":{"stopLoss":1,"pips":-398.0000000000001,"pipsPerTrade":-1.3092105263157898}}}}},"withStopLoss":{"best":{"slowWma":124,"trades":425,"stopLoss":17,"pips":896.2,"pipsPerTrade":2.103755868544601},"worst":{"slowWma":83,"trades":325,"stopLoss":2,"pips":-249.49999999999994,"pipsPerTrade":-0.7653374233128832}}}