{"noStops":{"best":{"overall":{"slowWma":124,"trades":349,"pips":577.9000000000001,"pipsPerTrade":1.6511428571428575,"stopLoss":{"best":{"stopLoss":17,"pips":825.6000000000001,"pipsPerTrade":2.3588571428571434},"worst":{"stopLoss":1,"pips":538.3,"pipsPerTrade":1.5379999999999998}}},"perTrade":{"slowWma":101,"trades":249,"pips":421.5000000000001,"pipsPerTrade":1.6860000000000004,"stopLoss":{"best":{"stopLoss":7,"pips":482.09999999999997,"pipsPerTrade":1.9284},"worst":{"stopLoss":4,"pips":-18.199999999999882,"pipsPerTrade":-0.07279999999999953}}}},"worst":{"overall":{"slowWma":83,"trades":339,"pips":-387.30000000000007,"pipsPerTrade":-1.1391176470588238,"stopLoss":{"best":{"stopLoss":16,"pips":-34.69999999999997,"pipsPerTrade":-0.10205882352941167},"worst":{"stopLoss":3,"pips":-423.7999999999999,"pipsPerTrade":-1.2464705882352938}}},"perTrade":{"slowWma":83,"trades":339,"pips":-387.30000000000007,"pipsPerTrade":-1.1391176470588238,"stopLoss":{"best":{"stopLoss":16,"pips":-34.69999999999997,"pipsPerTrade":-0.10205882352941167},"worst":{"stopLoss":3,"pips":-423.7999999999999,"pipsPerTrade":-1.2464705882352938}}}}},"withStopLoss":{"best":{"slowWma":124,"trades":349,"stopLoss":17,"pips":825.6000000000001,"pipsPerTrade":2.3588571428571434},"worst":{"slowWma":89,"trades":299,"stopLoss":19,"pips":-421.4,"pipsPerTrade":-1.4046666666666665}}}