{"noStops":{"best":{"overall":{"slowWma":124,"trades":348,"pips":269.7000000000001,"pipsPerTrade":0.7727793696275075,"stopLoss":{"best":{"stopLoss":17,"pips":517.4000000000002,"pipsPerTrade":1.4825214899713473},"worst":{"stopLoss":1,"pips":230.09999999999994,"pipsPerTrade":0.6593123209169053}}},"perTrade":{"slowWma":124,"trades":348,"pips":269.7000000000001,"pipsPerTrade":0.7727793696275075,"stopLoss":{"best":{"stopLoss":17,"pips":517.4000000000002,"pipsPerTrade":1.4825214899713473},"worst":{"stopLoss":1,"pips":230.09999999999994,"pipsPerTrade":0.6593123209169053}}}},"worst":{"overall":{"slowWma":80,"trades":412,"pips":-648.8000000000003,"pipsPerTrade":-1.5709443099273614,"stopLoss":{"best":{"stopLoss":5,"pips":-48.300000000000004,"pipsPerTrade":-0.1169491525423729},"worst":{"stopLoss":21,"pips":-464.60000000000025,"pipsPerTrade":-1.1249394673123492}}},"perTrade":{"slowWma":83,"trades":337,"pips":-629.7,"pipsPerTrade":-1.86301775147929,"stopLoss":{"best":{"stopLoss":16,"pips":16.000000000000036,"pipsPerTrade":0.04733727810650898},"worst":{"stopLoss":3,"pips":-416.3999999999999,"pipsPerTrade":-1.2319526627218933}}}}},"withStopLoss":{"best":{"slowWma":124,"trades":348,"stopLoss":17,"pips":517.4000000000002,"pipsPerTrade":1.4825214899713473},"worst":{"slowWma":114,"trades":297,"stopLoss":4,"pips":-554.5999999999999,"pipsPerTrade":-1.8610738255033554}}}