{"noStops":{"best":{"overall":{"slowWma":125,"trades":350,"pips":236.6000000000002,"pipsPerTrade":0.6740740740740746,"stopLoss":{"best":{"stopLoss":18,"pips":485.00000000000006,"pipsPerTrade":1.381766381766382},"worst":{"stopLoss":9,"pips":203.60000000000034,"pipsPerTrade":0.580056980056981}}},"perTrade":{"slowWma":125,"trades":350,"pips":236.6000000000002,"pipsPerTrade":0.6740740740740746,"stopLoss":{"best":{"stopLoss":18,"pips":485.00000000000006,"pipsPerTrade":1.381766381766382},"worst":{"stopLoss":9,"pips":203.60000000000034,"pipsPerTrade":0.580056980056981}}}},"worst":{"overall":{"slowWma":82,"trades":368,"pips":-583.8,"pipsPerTrade":-1.5821138211382113,"stopLoss":{"best":{"stopLoss":19,"pips":-167.39999999999984,"pipsPerTrade":-0.4536585365853654},"worst":{"stopLoss":9,"pips":-568.0999999999998,"pipsPerTrade":-1.539566395663956}}},"perTrade":{"slowWma":82,"trades":368,"pips":-583.8,"pipsPerTrade":-1.5821138211382113,"stopLoss":{"best":{"stopLoss":19,"pips":-167.39999999999984,"pipsPerTrade":-0.4536585365853654},"worst":{"stopLoss":9,"pips":-568.0999999999998,"pipsPerTrade":-1.539566395663956}}}}},"withStopLoss":{"best":{"slowWma":125,"trades":350,"stopLoss":18,"pips":485.00000000000006,"pipsPerTrade":1.381766381766382},"worst":{"slowWma":82,"trades":368,"stopLoss":9,"pips":-568.0999999999998,"pipsPerTrade":-1.539566395663956}}}