{"noStops":{"best":{"overall":{"slowWma":132,"trades":502,"pips":312.0000000000007,"pipsPerTrade":0.6202783300198821,"stopLoss":{"best":{"stopLoss":4,"pips":297.20000000000016,"pipsPerTrade":0.5908548707753483},"worst":{"stopLoss":12,"pips":104.60000000000011,"pipsPerTrade":0.2079522862823064}}},"perTrade":{"slowWma":132,"trades":502,"pips":312.0000000000007,"pipsPerTrade":0.6202783300198821,"stopLoss":{"best":{"stopLoss":4,"pips":297.20000000000016,"pipsPerTrade":0.5908548707753483},"worst":{"stopLoss":12,"pips":104.60000000000011,"pipsPerTrade":0.2079522862823064}}}},"worst":{"overall":{"slowWma":83,"trades":379,"pips":-715.9,"pipsPerTrade":-1.8839473684210526,"stopLoss":{"best":{"stopLoss":20,"pips":-130.0999999999999,"pipsPerTrade":-0.3423684210526313},"worst":{"stopLoss":4,"pips":-643.4999999999997,"pipsPerTrade":-1.693421052631578}}},"perTrade":{"slowWma":83,"trades":379,"pips":-715.9,"pipsPerTrade":-1.8839473684210526,"stopLoss":{"best":{"stopLoss":20,"pips":-130.0999999999999,"pipsPerTrade":-0.3423684210526313},"worst":{"stopLoss":4,"pips":-643.4999999999997,"pipsPerTrade":-1.693421052631578}}}}},"withStopLoss":{"best":{"slowWma":200,"trades":953,"stopLoss":12,"pips":605.8000000000008,"pipsPerTrade":0.6350104821802943},"worst":{"slowWma":84,"trades":344,"stopLoss":13,"pips":-490.7,"pipsPerTrade":-1.42231884057971}}}