{"noStops":{"best":{"overall":{"slowWma":132,"trades":503,"pips":627.3000000000006,"pipsPerTrade":1.2446428571428585,"stopLoss":{"best":{"stopLoss":4,"pips":265.50000000000017,"pipsPerTrade":0.5267857142857146},"worst":{"stopLoss":12,"pips":72.9000000000001,"pipsPerTrade":0.14464285714285735}}},"perTrade":{"slowWma":124,"trades":392,"pips":546.6000000000004,"pipsPerTrade":1.3908396946564894,"stopLoss":{"best":{"stopLoss":18,"pips":675.6000000000006,"pipsPerTrade":1.7190839694656503},"worst":{"stopLoss":12,"pips":397.7000000000003,"pipsPerTrade":1.0119592875318073}}}},"worst":{"overall":{"slowWma":84,"trades":346,"pips":-344.0999999999996,"pipsPerTrade":-0.9916426512968289,"stopLoss":{"best":{"stopLoss":17,"pips":-214.70000000000007,"pipsPerTrade":-0.6187319884726227},"worst":{"stopLoss":13,"pips":-508.7,"pipsPerTrade":-1.4659942363112393}}},"perTrade":{"slowWma":84,"trades":346,"pips":-344.0999999999996,"pipsPerTrade":-0.9916426512968289,"stopLoss":{"best":{"stopLoss":17,"pips":-214.70000000000007,"pipsPerTrade":-0.6187319884726227},"worst":{"stopLoss":13,"pips":-508.7,"pipsPerTrade":-1.4659942363112393}}}}},"withStopLoss":{"best":{"slowWma":125,"trades":445,"stopLoss":18,"pips":719.6000000000006,"pipsPerTrade":1.6134529147982075},"worst":{"slowWma":84,"trades":346,"stopLoss":13,"pips":-508.7,"pipsPerTrade":-1.4659942363112393}}}