{"noStops":{"best":{"overall":{"slowWma":132,"trades":498,"pips":277.90000000000026,"pipsPerTrade":0.5569138276553112,"stopLoss":{"best":{"stopLoss":17,"pips":387.1000000000005,"pipsPerTrade":0.775751503006013},"worst":{"stopLoss":7,"pips":-135.19999999999982,"pipsPerTrade":-0.2709418837675347}}},"perTrade":{"slowWma":132,"trades":498,"pips":277.90000000000026,"pipsPerTrade":0.5569138276553112,"stopLoss":{"best":{"stopLoss":17,"pips":387.1000000000005,"pipsPerTrade":0.775751503006013},"worst":{"stopLoss":7,"pips":-135.19999999999982,"pipsPerTrade":-0.2709418837675347}}}},"worst":{"overall":{"slowWma":81,"trades":535,"pips":-727.3000000000003,"pipsPerTrade":-1.3569029850746275,"stopLoss":{"best":{"stopLoss":6,"pips":-432.99999999999983,"pipsPerTrade":-0.8078358208955221},"worst":{"stopLoss":4,"pips":-736.3000000000002,"pipsPerTrade":-1.3736940298507465}}},"perTrade":{"slowWma":82,"trades":450,"pips":-640,"pipsPerTrade":-1.419068736141907,"stopLoss":{"best":{"stopLoss":20,"pips":-323.8999999999999,"pipsPerTrade":-0.718181818181818},"worst":{"stopLoss":1,"pips":-785.2000000000003,"pipsPerTrade":-1.7410199556541026}}}}},"withStopLoss":{"best":{"slowWma":189,"trades":814,"stopLoss":17,"pips":575.0000000000006,"pipsPerTrade":0.7055214723926387},"worst":{"slowWma":81,"trades":535,"stopLoss":4,"pips":-736.3000000000002,"pipsPerTrade":-1.3736940298507465}}}