{"noStops":{"best":{"overall":{"slowWma":132,"trades":499,"pips":563.8000000000002,"pipsPerTrade":1.1276000000000004,"stopLoss":{"best":{"stopLoss":17,"pips":634.7000000000005,"pipsPerTrade":1.269400000000001},"worst":{"stopLoss":7,"pips":-142.3999999999998,"pipsPerTrade":-0.2847999999999996}}},"perTrade":{"slowWma":124,"trades":389,"pips":528.5000000000002,"pipsPerTrade":1.3551282051282056,"stopLoss":{"best":{"stopLoss":18,"pips":727.5000000000005,"pipsPerTrade":1.8653846153846165},"worst":{"stopLoss":2,"pips":332.80000000000007,"pipsPerTrade":0.8533333333333335}}}},"worst":{"overall":{"slowWma":199,"trades":1189,"pips":-354.00000000000006,"pipsPerTrade":-0.2974789915966387,"stopLoss":{"best":{"stopLoss":14,"pips":275.70000000000005,"pipsPerTrade":0.2316806722689076},"worst":{"stopLoss":8,"pips":-147.90000000000006,"pipsPerTrade":-0.12428571428571433}}},"perTrade":{"slowWma":81,"trades":539,"pips":-333.9000000000003,"pipsPerTrade":-0.618333333333334,"stopLoss":{"best":{"stopLoss":6,"pips":-295.1999999999998,"pipsPerTrade":-0.5466666666666663},"worst":{"stopLoss":4,"pips":-598.5000000000002,"pipsPerTrade":-1.1083333333333338}}}}},"withStopLoss":{"best":{"slowWma":124,"trades":389,"stopLoss":18,"pips":727.5000000000005,"pipsPerTrade":1.8653846153846165},"worst":{"slowWma":81,"trades":539,"stopLoss":4,"pips":-598.5000000000002,"pipsPerTrade":-1.1083333333333338}}}