{"noStops":{"best":{"overall":{"slowWma":105,"trades":743,"pips":514.0000000000003,"pipsPerTrade":0.6908602150537639,"stopLoss":{"best":{"stopLoss":23,"pips":598.8000000000002,"pipsPerTrade":0.8048387096774196},"worst":{"stopLoss":7,"pips":96.70000000000002,"pipsPerTrade":0.12997311827956992}}},"perTrade":{"slowWma":57,"trades":511,"pips":438.09999999999985,"pipsPerTrade":0.8556640624999997,"stopLoss":{"best":{"stopLoss":17,"pips":822.0000000000002,"pipsPerTrade":1.6054687500000004},"worst":{"stopLoss":7,"pips":9.000000000000043,"pipsPerTrade":0.017578125000000083}}}},"worst":{"overall":{"slowWma":9,"trades":2415,"pips":-532.2,"pipsPerTrade":-0.2202814569536424,"stopLoss":{"best":{"stopLoss":5,"pips":-390.7000000000003,"pipsPerTrade":-0.1617135761589405},"worst":{"stopLoss":1,"pips":-638.4000000000003,"pipsPerTrade":-0.2642384105960266}}},"perTrade":{"slowWma":19,"trades":733,"pips":-487.00000000000034,"pipsPerTrade":-0.6634877384196189,"stopLoss":{"best":{"stopLoss":20,"pips":-405.4000000000006,"pipsPerTrade":-0.5523160762942787},"worst":{"stopLoss":10,"pips":-714.6000000000003,"pipsPerTrade":-0.9735694822888287}}}}},"withStopLoss":{"best":{"slowWma":57,"trades":511,"stopLoss":17,"pips":822.0000000000002,"pipsPerTrade":1.6054687500000004},"worst":{"slowWma":19,"trades":733,"stopLoss":10,"pips":-714.6000000000003,"pipsPerTrade":-0.9735694822888287}}}