{"noStops":{"best":{"overall":{"slowWma":125,"trades":389,"pips":262.90000000000043,"pipsPerTrade":0.6741025641025652,"stopLoss":{"best":{"stopLoss":23,"pips":240.3000000000003,"pipsPerTrade":0.6161538461538469},"worst":{"stopLoss":4,"pips":2.7999999999999954,"pipsPerTrade":0.007179487179487167}}},"perTrade":{"slowWma":124,"trades":338,"pips":257.60000000000036,"pipsPerTrade":0.7598820058997061,"stopLoss":{"best":{"stopLoss":18,"pips":405.1000000000006,"pipsPerTrade":1.194985250737465},"worst":{"stopLoss":1,"pips":83.39999999999995,"pipsPerTrade":0.2460176991150441}}}},"worst":{"overall":{"slowWma":81,"trades":751,"pips":-727.6000000000001,"pipsPerTrade":-0.9675531914893619,"stopLoss":{"best":{"stopLoss":6,"pips":-421.30000000000024,"pipsPerTrade":-0.560239361702128},"worst":{"stopLoss":25,"pips":-651.7999999999998,"pipsPerTrade":-0.866755319148936}}},"perTrade":{"slowWma":89,"trades":306,"pips":-358.8999999999999,"pipsPerTrade":-1.1690553745928336,"stopLoss":{"best":{"stopLoss":6,"pips":21.900000000000027,"pipsPerTrade":0.07133550488599358},"worst":{"stopLoss":25,"pips":-423.1999999999998,"pipsPerTrade":-1.3785016286644944}}}}},"withStopLoss":{"best":{"slowWma":189,"trades":803,"stopLoss":12,"pips":659.9000000000008,"pipsPerTrade":0.820771144278608},"worst":{"slowWma":81,"trades":751,"stopLoss":25,"pips":-651.7999999999998,"pipsPerTrade":-0.866755319148936}}}