{"noStops":{"best":{"overall":{"slowWma":125,"trades":390,"pips":594.3000000000004,"pipsPerTrade":1.5199488491048603,"stopLoss":{"best":{"stopLoss":23,"pips":540.0000000000002,"pipsPerTrade":1.3810741687979546},"worst":{"stopLoss":4,"pips":302.5,"pipsPerTrade":0.7736572890025576}}},"perTrade":{"slowWma":124,"trades":339,"pips":589.0000000000003,"pipsPerTrade":1.7323529411764715,"stopLoss":{"best":{"stopLoss":18,"pips":704.8000000000005,"pipsPerTrade":2.07294117647059},"worst":{"stopLoss":1,"pips":383.09999999999997,"pipsPerTrade":1.126764705882353}}}},"worst":{"overall":{"slowWma":81,"trades":755,"pips":-396.5000000000001,"pipsPerTrade":-0.5244708994708996,"stopLoss":{"best":{"stopLoss":6,"pips":-437.5000000000002,"pipsPerTrade":-0.578703703703704},"worst":{"stopLoss":9,"pips":-662.2000000000002,"pipsPerTrade":-0.8759259259259261}}},"perTrade":{"slowWma":82,"trades":530,"pips":-315.39999999999975,"pipsPerTrade":-0.5939736346516002,"stopLoss":{"best":{"stopLoss":20,"pips":-215.99999999999983,"pipsPerTrade":-0.40677966101694885},"worst":{"stopLoss":4,"pips":-967.7999999999997,"pipsPerTrade":-1.8225988700564966}}}}},"withStopLoss":{"best":{"slowWma":124,"trades":339,"stopLoss":18,"pips":704.8000000000005,"pipsPerTrade":2.07294117647059},"worst":{"slowWma":81,"trades":755,"stopLoss":9,"pips":-662.2000000000002,"pipsPerTrade":-0.8759259259259261}}}