{"noStops":{"best":{"overall":{"slowWma":124,"trades":379,"pips":223.00000000000037,"pipsPerTrade":0.5868421052631588,"stopLoss":{"best":{"stopLoss":18,"pips":480.50000000000034,"pipsPerTrade":1.2644736842105273},"worst":{"stopLoss":1,"pips":-30.900000000000055,"pipsPerTrade":-0.08131578947368436}}},"perTrade":{"slowWma":124,"trades":379,"pips":223.00000000000037,"pipsPerTrade":0.5868421052631588,"stopLoss":{"best":{"stopLoss":18,"pips":480.50000000000034,"pipsPerTrade":1.2644736842105273},"worst":{"stopLoss":1,"pips":-30.900000000000055,"pipsPerTrade":-0.08131578947368436}}}},"worst":{"overall":{"slowWma":139,"trades":393,"pips":-357.69999999999976,"pipsPerTrade":-0.9078680203045679,"stopLoss":{"best":{"stopLoss":2,"pips":346.50000000000057,"pipsPerTrade":0.8794416243654837},"worst":{"stopLoss":25,"pips":-115.89999999999979,"pipsPerTrade":-0.2941624365482228}}},"perTrade":{"slowWma":139,"trades":393,"pips":-357.69999999999976,"pipsPerTrade":-0.9078680203045679,"stopLoss":{"best":{"stopLoss":2,"pips":346.50000000000057,"pipsPerTrade":0.8794416243654837},"worst":{"stopLoss":25,"pips":-115.89999999999979,"pipsPerTrade":-0.2941624365482228}}}}},"withStopLoss":{"best":{"slowWma":189,"trades":905,"stopLoss":16,"pips":624.2000000000005,"pipsPerTrade":0.6889624724061816},"worst":{"slowWma":84,"trades":448,"stopLoss":3,"pips":-324.20000000000016,"pipsPerTrade":-0.7220489977728288}}}