{"noStops":{"best":{"overall":{"slowWma":194,"trades":970,"pips":571.3,"pipsPerTrade":0.5883625128733264,"stopLoss":{"best":{"stopLoss":14,"pips":554.4999999999999,"pipsPerTrade":0.5710607621009267},"worst":{"stopLoss":1,"pips":187.09999999999997,"pipsPerTrade":0.19268795056642632}}},"perTrade":{"slowWma":124,"trades":380,"pips":554.4000000000003,"pipsPerTrade":1.4551181102362214,"stopLoss":{"best":{"stopLoss":18,"pips":773.6000000000004,"pipsPerTrade":2.0304461942257226},"worst":{"stopLoss":1,"pips":293.29999999999995,"pipsPerTrade":0.7698162729658792}}}},"worst":{"overall":{"slowWma":200,"trades":922,"pips":-93.99999999999994,"pipsPerTrade":-0.10184182015167924,"stopLoss":{"best":{"stopLoss":12,"pips":548.7000000000005,"pipsPerTrade":0.5944745395449627},"worst":{"stopLoss":4,"pips":113.60000000000002,"pipsPerTrade":0.1230769230769231}}},"perTrade":{"slowWma":200,"trades":922,"pips":-93.99999999999994,"pipsPerTrade":-0.10184182015167924,"stopLoss":{"best":{"stopLoss":12,"pips":548.7000000000005,"pipsPerTrade":0.5944745395449627},"worst":{"stopLoss":4,"pips":113.60000000000002,"pipsPerTrade":0.1230769230769231}}}}},"withStopLoss":{"best":{"slowWma":124,"trades":380,"stopLoss":18,"pips":773.6000000000004,"pipsPerTrade":2.0304461942257226},"worst":{"slowWma":84,"trades":450,"stopLoss":3,"pips":-372.50000000000017,"pipsPerTrade":-0.8259423503325947}}}