{"noStops":{"best":{"overall":{"slowWma":187,"trades":903,"pips":516.7,"pipsPerTrade":0.571570796460177,"stopLoss":{"best":{"stopLoss":15,"pips":555.4000000000008,"pipsPerTrade":0.6143805309734521},"worst":{"stopLoss":10,"pips":150.4999999999999,"pipsPerTrade":0.16648230088495564}}},"perTrade":{"slowWma":114,"trades":309,"pips":469.99999999999994,"pipsPerTrade":1.5161290322580643,"stopLoss":{"best":{"stopLoss":17,"pips":667.1000000000004,"pipsPerTrade":2.151935483870969},"worst":{"stopLoss":4,"pips":271.5,"pipsPerTrade":0.8758064516129033}}}},"worst":{"overall":{"slowWma":139,"trades":389,"pips":-9.299999999999955,"pipsPerTrade":-0.02384615384615373,"stopLoss":{"best":{"stopLoss":2,"pips":253.7000000000004,"pipsPerTrade":0.6505128205128216},"worst":{"stopLoss":25,"pips":-201.89999999999986,"pipsPerTrade":-0.5176923076923073}}},"perTrade":{"slowWma":139,"trades":389,"pips":-9.299999999999955,"pipsPerTrade":-0.02384615384615373,"stopLoss":{"best":{"stopLoss":2,"pips":253.7000000000004,"pipsPerTrade":0.6505128205128216},"worst":{"stopLoss":25,"pips":-201.89999999999986,"pipsPerTrade":-0.5176923076923073}}}}},"withStopLoss":{"best":{"slowWma":114,"trades":309,"stopLoss":17,"pips":667.1000000000004,"pipsPerTrade":2.151935483870969},"worst":{"slowWma":84,"trades":521,"stopLoss":23,"pips":-464.10000000000025,"pipsPerTrade":-0.8890804597701154}}}