{"noStops":{"best":{"overall":{"slowWma":125,"trades":424,"pips":211.00000000000028,"pipsPerTrade":0.4964705882352948,"stopLoss":{"best":{"stopLoss":23,"pips":215.40000000000046,"pipsPerTrade":0.5068235294117658},"worst":{"stopLoss":2,"pips":-86.89999999999996,"pipsPerTrade":-0.20447058823529404}}},"perTrade":{"slowWma":125,"trades":424,"pips":211.00000000000028,"pipsPerTrade":0.4964705882352948,"stopLoss":{"best":{"stopLoss":23,"pips":215.40000000000046,"pipsPerTrade":0.5068235294117658},"worst":{"stopLoss":2,"pips":-86.89999999999996,"pipsPerTrade":-0.20447058823529404}}}},"worst":{"overall":{"slowWma":139,"trades":388,"pips":-382.4,"pipsPerTrade":-0.9830334190231362,"stopLoss":{"best":{"stopLoss":2,"pips":263.0000000000004,"pipsPerTrade":0.6760925449871475},"worst":{"stopLoss":1,"pips":-188.70000000000002,"pipsPerTrade":-0.48508997429305917}}},"perTrade":{"slowWma":139,"trades":388,"pips":-382.4,"pipsPerTrade":-0.9830334190231362,"stopLoss":{"best":{"stopLoss":2,"pips":263.0000000000004,"pipsPerTrade":0.6760925449871475},"worst":{"stopLoss":1,"pips":-188.70000000000002,"pipsPerTrade":-0.48508997429305917}}}}},"withStopLoss":{"best":{"slowWma":189,"trades":897,"stopLoss":14,"pips":638.2000000000004,"pipsPerTrade":0.7106904231625839},"worst":{"slowWma":84,"trades":518,"stopLoss":23,"pips":-476.10000000000025,"pipsPerTrade":-0.9173410404624283}}}