{"noStops":{"best":{"overall":{"slowWma":187,"trades":758,"pips":153.5000000000001,"pipsPerTrade":0.20223978919631108,"stopLoss":{"best":{"stopLoss":15,"pips":553.1000000000005,"pipsPerTrade":0.7287220026350467},"worst":{"stopLoss":2,"pips":171.60000000000002,"pipsPerTrade":0.22608695652173916}}},"perTrade":{"slowWma":94,"trades":265,"pips":103.39999999999996,"pipsPerTrade":0.3887218045112781,"stopLoss":{"best":{"stopLoss":11,"pips":402.20000000000005,"pipsPerTrade":1.51203007518797},"worst":{"stopLoss":23,"pips":-7.799999999999951,"pipsPerTrade":-0.02932330827067651}}}},"worst":{"overall":{"slowWma":143,"trades":413,"pips":-417.7000000000001,"pipsPerTrade":-1.0089371980676332,"stopLoss":{"best":{"stopLoss":5,"pips":159.60000000000028,"pipsPerTrade":0.3855072463768123},"worst":{"stopLoss":1,"pips":-192.10000000000002,"pipsPerTrade":-0.4640096618357488}}},"perTrade":{"slowWma":109,"trades":251,"pips":-311.90000000000003,"pipsPerTrade":-1.2376984126984127,"stopLoss":{"best":{"stopLoss":6,"pips":-79.30000000000001,"pipsPerTrade":-0.31468253968253973},"worst":{"stopLoss":15,"pips":-443.09999999999974,"pipsPerTrade":-1.7583333333333322}}}}},"withStopLoss":{"best":{"slowWma":189,"trades":787,"stopLoss":16,"pips":671.8000000000006,"pipsPerTrade":0.8525380710659907},"worst":{"slowWma":84,"trades":725,"stopLoss":12,"pips":-550.5000000000002,"pipsPerTrade":-0.7582644628099177}}}