{"noStops":{"best":{"overall":{"slowWma":200,"trades":902,"pips":543.2,"pipsPerTrade":0.6015503875968993,"stopLoss":{"best":{"stopLoss":12,"pips":626.5000000000005,"pipsPerTrade":0.6937984496124036},"worst":{"stopLoss":1,"pips":213.70000000000005,"pipsPerTrade":0.236655592469546}}},"perTrade":{"slowWma":94,"trades":266,"pips":395.7,"pipsPerTrade":1.4820224719101123,"stopLoss":{"best":{"stopLoss":11,"pips":402.20000000000005,"pipsPerTrade":1.506367041198502},"worst":{"stopLoss":23,"pips":-7.799999999999951,"pipsPerTrade":-0.029213483146067233}}}},"worst":{"overall":{"slowWma":84,"trades":729,"pips":-29.599999999999852,"pipsPerTrade":-0.04054794520547925,"stopLoss":{"best":{"stopLoss":17,"pips":-161.79999999999987,"pipsPerTrade":-0.2216438356164382},"worst":{"stopLoss":23,"pips":-513.3000000000001,"pipsPerTrade":-0.7031506849315069}}},"perTrade":{"slowWma":84,"trades":729,"pips":-29.599999999999852,"pipsPerTrade":-0.04054794520547925,"stopLoss":{"best":{"stopLoss":17,"pips":-161.79999999999987,"pipsPerTrade":-0.2216438356164382},"worst":{"stopLoss":23,"pips":-513.3000000000001,"pipsPerTrade":-0.7031506849315069}}}}},"withStopLoss":{"best":{"slowWma":189,"trades":788,"stopLoss":16,"pips":655.8000000000006,"pipsPerTrade":0.8311787072243354},"worst":{"slowWma":84,"trades":729,"stopLoss":23,"pips":-513.3000000000001,"pipsPerTrade":-0.7031506849315069}}}