{"noStops":{"best":{"overall":{"slowWma":90,"trades":333,"pips":268.10000000000014,"pipsPerTrade":0.8026946107784435,"stopLoss":{"best":{"stopLoss":11,"pips":528.8000000000002,"pipsPerTrade":1.5832335329341323},"worst":{"stopLoss":1,"pips":134.60000000000014,"pipsPerTrade":0.40299401197604834}}},"perTrade":{"slowWma":90,"trades":333,"pips":268.10000000000014,"pipsPerTrade":0.8026946107784435,"stopLoss":{"best":{"stopLoss":11,"pips":528.8000000000002,"pipsPerTrade":1.5832335329341323},"worst":{"stopLoss":1,"pips":134.60000000000014,"pipsPerTrade":0.40299401197604834}}}},"worst":{"overall":{"slowWma":143,"trades":437,"pips":-408.1000000000001,"pipsPerTrade":-0.9317351598173518,"stopLoss":{"best":{"stopLoss":13,"pips":48.299999999999976,"pipsPerTrade":0.11027397260273968},"worst":{"stopLoss":6,"pips":-422.90000000000015,"pipsPerTrade":-0.9655251141552514}}},"perTrade":{"slowWma":101,"trades":241,"pips":-330.20000000000005,"pipsPerTrade":-1.3644628099173555,"stopLoss":{"best":{"stopLoss":7,"pips":124.10000000000001,"pipsPerTrade":0.512809917355372},"worst":{"stopLoss":3,"pips":-360.90000000000026,"pipsPerTrade":-1.491322314049588}}}}},"withStopLoss":{"best":{"slowWma":189,"trades":810,"stopLoss":12,"pips":679.9000000000008,"pipsPerTrade":0.838347718865599},"worst":{"slowWma":103,"trades":295,"stopLoss":10,"pips":-513.2999999999995,"pipsPerTrade":-1.73412162162162}}}