{"noStops":{"best":{"overall":{"slowWma":90,"trades":335,"pips":601.3000000000002,"pipsPerTrade":1.789583333333334,"stopLoss":{"best":{"stopLoss":11,"pips":517.1000000000001,"pipsPerTrade":1.5389880952380957},"worst":{"stopLoss":1,"pips":129.20000000000013,"pipsPerTrade":0.38452380952380993}}},"perTrade":{"slowWma":90,"trades":335,"pips":601.3000000000002,"pipsPerTrade":1.789583333333334,"stopLoss":{"best":{"stopLoss":11,"pips":517.1000000000001,"pipsPerTrade":1.5389880952380957},"worst":{"stopLoss":1,"pips":129.20000000000013,"pipsPerTrade":0.38452380952380993}}}},"worst":{"overall":{"slowWma":103,"trades":296,"pips":-13.999999999999943,"pipsPerTrade":-0.047138047138046944,"stopLoss":{"best":{"stopLoss":19,"pips":80.79999999999991,"pipsPerTrade":0.27205387205387177},"worst":{"stopLoss":10,"pips":-531.2999999999995,"pipsPerTrade":-1.7888888888888872}}},"perTrade":{"slowWma":103,"trades":296,"pips":-13.999999999999943,"pipsPerTrade":-0.047138047138046944,"stopLoss":{"best":{"stopLoss":19,"pips":80.79999999999991,"pipsPerTrade":0.27205387205387177},"worst":{"stopLoss":10,"pips":-531.2999999999995,"pipsPerTrade":-1.7888888888888872}}}}},"withStopLoss":{"best":{"slowWma":122,"trades":348,"stopLoss":19,"pips":675.4000000000004,"pipsPerTrade":1.9352435530085972},"worst":{"slowWma":151,"trades":555,"stopLoss":4,"pips":-597.3999999999997,"pipsPerTrade":-1.0744604316546758}}}