{"noStops":{"best":{"overall":{"slowWma":88,"trades":442,"pips":135.70000000000016,"pipsPerTrade":0.3063205417607227,"stopLoss":{"best":{"stopLoss":7,"pips":350.2000000000001,"pipsPerTrade":0.7905191873589167},"worst":{"stopLoss":24,"pips":51.400000000000134,"pipsPerTrade":0.11602708803611768}}},"perTrade":{"slowWma":88,"trades":442,"pips":135.70000000000016,"pipsPerTrade":0.3063205417607227,"stopLoss":{"best":{"stopLoss":7,"pips":350.2000000000001,"pipsPerTrade":0.7905191873589167},"worst":{"stopLoss":24,"pips":51.400000000000134,"pipsPerTrade":0.11602708803611768}}}},"worst":{"overall":{"slowWma":154,"trades":569,"pips":-437.90000000000003,"pipsPerTrade":-0.7682456140350877,"stopLoss":{"best":{"stopLoss":6,"pips":51.40000000000004,"pipsPerTrade":0.0901754385964913},"worst":{"stopLoss":4,"pips":-389.1000000000001,"pipsPerTrade":-0.6826315789473686}}},"perTrade":{"slowWma":103,"trades":253,"pips":-361.5,"pipsPerTrade":-1.4232283464566928,"stopLoss":{"best":{"stopLoss":17,"pips":-71.89999999999995,"pipsPerTrade":-0.2830708661417321},"worst":{"stopLoss":10,"pips":-430.30000000000007,"pipsPerTrade":-1.6940944881889766}}}}},"withStopLoss":{"best":{"slowWma":200,"trades":910,"stopLoss":13,"pips":594.0000000000008,"pipsPerTrade":0.6520307354555442},"worst":{"slowWma":110,"trades":274,"stopLoss":8,"pips":-409.4999999999998,"pipsPerTrade":-1.4890909090909084}}}