{"noStops":{"best":{"overall":{"slowWma":86,"trades":718,"pips":512.3000000000002,"pipsPerTrade":0.712517385257302,"stopLoss":{"best":{"stopLoss":15,"pips":163.3,"pipsPerTrade":0.2271210013908206},"worst":{"stopLoss":3,"pips":-159.5999999999999,"pipsPerTrade":-0.22197496522948526}}},"perTrade":{"slowWma":112,"trades":283,"pips":398.60000000000014,"pipsPerTrade":1.4035211267605638,"stopLoss":{"best":{"stopLoss":15,"pips":475.8000000000004,"pipsPerTrade":1.6753521126760578},"worst":{"stopLoss":3,"pips":-153.79999999999987,"pipsPerTrade":-0.5415492957746474}}}},"worst":{"overall":{"slowWma":146,"trades":451,"pips":-47.799999999999955,"pipsPerTrade":-0.10575221238938043,"stopLoss":{"best":{"stopLoss":6,"pips":-2.100000000000005,"pipsPerTrade":-0.0046460176991150555},"worst":{"stopLoss":3,"pips":-344.30000000000007,"pipsPerTrade":-0.7617256637168143}}},"perTrade":{"slowWma":146,"trades":451,"pips":-47.799999999999955,"pipsPerTrade":-0.10575221238938043,"stopLoss":{"best":{"stopLoss":6,"pips":-2.100000000000005,"pipsPerTrade":-0.0046460176991150555},"worst":{"stopLoss":3,"pips":-344.30000000000007,"pipsPerTrade":-0.7617256637168143}}}}},"withStopLoss":{"best":{"slowWma":135,"trades":359,"stopLoss":21,"pips":653.8000000000003,"pipsPerTrade":1.816111111111112},"worst":{"slowWma":111,"trades":280,"stopLoss":4,"pips":-356.3999999999998,"pipsPerTrade":-1.2683274021352307}}}