{"noStops":{"best":{"overall":{"slowWma":88,"trades":516,"pips":612.3000000000001,"pipsPerTrade":1.1843326885880079,"stopLoss":{"best":{"stopLoss":1,"pips":455.9000000000001,"pipsPerTrade":0.881818181818182},"worst":{"stopLoss":13,"pips":107.70000000000029,"pipsPerTrade":0.208317214700194}}},"perTrade":{"slowWma":116,"trades":304,"pips":436.20000000000016,"pipsPerTrade":1.43016393442623,"stopLoss":{"best":{"stopLoss":23,"pips":462.90000000000066,"pipsPerTrade":1.517704918032789},"worst":{"stopLoss":2,"pips":-234,"pipsPerTrade":-0.7672131147540984}}}},"worst":{"overall":{"slowWma":94,"trades":291,"pips":-70.39999999999986,"pipsPerTrade":-0.24109589041095844,"stopLoss":{"best":{"stopLoss":5,"pips":-56.49999999999996,"pipsPerTrade":-0.19349315068493136},"worst":{"stopLoss":20,"pips":-339.99999999999994,"pipsPerTrade":-1.1643835616438354}}},"perTrade":{"slowWma":94,"trades":291,"pips":-70.39999999999986,"pipsPerTrade":-0.24109589041095844,"stopLoss":{"best":{"stopLoss":5,"pips":-56.49999999999996,"pipsPerTrade":-0.19349315068493136},"worst":{"stopLoss":20,"pips":-339.99999999999994,"pipsPerTrade":-1.1643835616438354}}}}},"withStopLoss":{"best":{"slowWma":135,"trades":408,"stopLoss":19,"pips":718.6,"pipsPerTrade":1.7569682151589243},"worst":{"slowWma":110,"trades":300,"stopLoss":10,"pips":-521.0999999999998,"pipsPerTrade":-1.731229235880398}}}