{"noStops":{"best":{"overall":{"slowWma":88,"trades":513,"pips":183.10000000000016,"pipsPerTrade":0.3562256809338525,"stopLoss":{"best":{"stopLoss":1,"pips":385.90000000000003,"pipsPerTrade":0.7507782101167316},"worst":{"stopLoss":13,"pips":56.20000000000029,"pipsPerTrade":0.10933852140077877}}},"perTrade":{"slowWma":116,"trades":303,"pips":112.80000000000015,"pipsPerTrade":0.37105263157894786,"stopLoss":{"best":{"stopLoss":23,"pips":170.6000000000007,"pipsPerTrade":0.5611842105263181},"worst":{"stopLoss":2,"pips":-202.9,"pipsPerTrade":-0.6674342105263158}}}},"worst":{"overall":{"slowWma":94,"trades":290,"pips":-396.9999999999999,"pipsPerTrade":-1.3642611683848793,"stopLoss":{"best":{"stopLoss":5,"pips":-56.49999999999996,"pipsPerTrade":-0.19415807560137444},"worst":{"stopLoss":20,"pips":-339.99999999999994,"pipsPerTrade":-1.1683848797250858}}},"perTrade":{"slowWma":103,"trades":259,"pips":-369.9000000000001,"pipsPerTrade":-1.4226923076923081,"stopLoss":{"best":{"stopLoss":17,"pips":-118.39999999999995,"pipsPerTrade":-0.45538461538461517},"worst":{"stopLoss":4,"pips":-594.5999999999999,"pipsPerTrade":-2.2869230769230766}}}}},"withStopLoss":{"best":{"slowWma":189,"trades":873,"stopLoss":14,"pips":587.5999999999999,"pipsPerTrade":0.6723112128146452},"worst":{"slowWma":110,"trades":299,"stopLoss":10,"pips":-489.39999999999975,"pipsPerTrade":-1.6313333333333324}}}