{"noStops":{"best":{"overall":{"slowWma":115,"trades":267,"pips":515.9000000000003,"pipsPerTrade":1.9250000000000012,"stopLoss":{"best":{"stopLoss":25,"pips":512.4000000000001,"pipsPerTrade":1.911940298507463},"worst":{"stopLoss":2,"pips":-214.10000000000016,"pipsPerTrade":-0.798880597014926}}},"perTrade":{"slowWma":115,"trades":267,"pips":515.9000000000003,"pipsPerTrade":1.9250000000000012,"stopLoss":{"best":{"stopLoss":25,"pips":512.4000000000001,"pipsPerTrade":1.911940298507463},"worst":{"stopLoss":2,"pips":-214.10000000000016,"pipsPerTrade":-0.798880597014926}}}},"worst":{"overall":{"slowWma":145,"trades":496,"pips":-33.59999999999991,"pipsPerTrade":-0.06760563380281671,"stopLoss":{"best":{"stopLoss":5,"pips":190.10000000000014,"pipsPerTrade":0.38249496981891373},"worst":{"stopLoss":1,"pips":-238.7,"pipsPerTrade":-0.48028169014084504}}},"perTrade":{"slowWma":145,"trades":496,"pips":-33.59999999999991,"pipsPerTrade":-0.06760563380281671,"stopLoss":{"best":{"stopLoss":5,"pips":190.10000000000014,"pipsPerTrade":0.38249496981891373},"worst":{"stopLoss":1,"pips":-238.7,"pipsPerTrade":-0.48028169014084504}}}}},"withStopLoss":{"best":{"slowWma":135,"trades":434,"stopLoss":19,"pips":661.6000000000004,"pipsPerTrade":1.5209195402298858},"worst":{"slowWma":108,"trades":262,"stopLoss":10,"pips":-522.2999999999998,"pipsPerTrade":-1.9859315589353606}}}