{"noStops":{"best":{"overall":{"slowWma":115,"trades":266,"pips":191.90000000000038,"pipsPerTrade":0.7187265917603011,"stopLoss":{"best":{"stopLoss":25,"pips":219.5000000000001,"pipsPerTrade":0.822097378277154},"worst":{"stopLoss":2,"pips":-183.00000000000017,"pipsPerTrade":-0.685393258426967}}},"perTrade":{"slowWma":115,"trades":266,"pips":191.90000000000038,"pipsPerTrade":0.7187265917603011,"stopLoss":{"best":{"stopLoss":25,"pips":219.5000000000001,"pipsPerTrade":0.822097378277154},"worst":{"stopLoss":2,"pips":-183.00000000000017,"pipsPerTrade":-0.685393258426967}}}},"worst":{"overall":{"slowWma":145,"trades":495,"pips":-415.3999999999999,"pipsPerTrade":-0.8374999999999998,"stopLoss":{"best":{"stopLoss":5,"pips":195.50000000000014,"pipsPerTrade":0.3941532258064519},"worst":{"stopLoss":1,"pips":-233.29999999999998,"pipsPerTrade":-0.47036290322580643}}},"perTrade":{"slowWma":96,"trades":281,"pips":-351.50000000000017,"pipsPerTrade":-1.2464539007092204,"stopLoss":{"best":{"stopLoss":6,"pips":59.899999999999736,"pipsPerTrade":0.21241134751772955},"worst":{"stopLoss":24,"pips":-171.9000000000002,"pipsPerTrade":-0.6095744680851071}}}}},"withStopLoss":{"best":{"slowWma":189,"trades":790,"stopLoss":13,"pips":551.6000000000001,"pipsPerTrade":0.697345132743363},"worst":{"slowWma":108,"trades":261,"stopLoss":10,"pips":-507.49999999999983,"pipsPerTrade":-1.9370229007633581}}}