{"noStops":{"best":{"overall":{"slowWma":115,"trades":290,"pips":559.4000000000001,"pipsPerTrade":1.9223367697594504,"stopLoss":{"best":{"stopLoss":25,"pips":532.9000000000004,"pipsPerTrade":1.8312714776632317},"worst":{"stopLoss":8,"pips":-260.3,"pipsPerTrade":-0.8945017182130585}}},"perTrade":{"slowWma":115,"trades":290,"pips":559.4000000000001,"pipsPerTrade":1.9223367697594504,"stopLoss":{"best":{"stopLoss":25,"pips":532.9000000000004,"pipsPerTrade":1.8312714776632317},"worst":{"stopLoss":8,"pips":-260.3,"pipsPerTrade":-0.8945017182130585}}}},"worst":{"overall":{"slowWma":94,"trades":331,"pips":-117.30000000000001,"pipsPerTrade":-0.35331325301204825,"stopLoss":{"best":{"stopLoss":24,"pips":51.00000000000006,"pipsPerTrade":0.15361445783132546},"worst":{"stopLoss":18,"pips":-403.5999999999999,"pipsPerTrade":-1.2156626506024093}}},"perTrade":{"slowWma":94,"trades":331,"pips":-117.30000000000001,"pipsPerTrade":-0.35331325301204825,"stopLoss":{"best":{"stopLoss":24,"pips":51.00000000000006,"pipsPerTrade":0.15361445783132546},"worst":{"stopLoss":18,"pips":-403.5999999999999,"pipsPerTrade":-1.2156626506024093}}}}},"withStopLoss":{"best":{"slowWma":119,"trades":313,"stopLoss":17,"pips":788.4000000000002,"pipsPerTrade":2.5108280254777076},"worst":{"slowWma":108,"trades":282,"stopLoss":10,"pips":-566.7000000000002,"pipsPerTrade":-2.002473498233216}}}