{"noStops":{"best":{"overall":{"slowWma":113,"trades":276,"pips":288.7000000000003,"pipsPerTrade":1.0422382671480155,"stopLoss":{"best":{"stopLoss":25,"pips":294.0000000000003,"pipsPerTrade":1.0613718411552358},"worst":{"stopLoss":9,"pips":-290.90000000000026,"pipsPerTrade":-1.0501805054151634}}},"perTrade":{"slowWma":113,"trades":276,"pips":288.7000000000003,"pipsPerTrade":1.0422382671480155,"stopLoss":{"best":{"stopLoss":25,"pips":294.0000000000003,"pipsPerTrade":1.0613718411552358},"worst":{"stopLoss":9,"pips":-290.90000000000026,"pipsPerTrade":-1.0501805054151634}}}},"worst":{"overall":{"slowWma":92,"trades":432,"pips":-396.7000000000003,"pipsPerTrade":-0.916166281755197,"stopLoss":{"best":{"stopLoss":24,"pips":-96.20000000000017,"pipsPerTrade":-0.22217090069284104},"worst":{"stopLoss":12,"pips":-407.99999999999994,"pipsPerTrade":-0.9422632794457273}}},"perTrade":{"slowWma":97,"trades":289,"pips":-341.8000000000002,"pipsPerTrade":-1.178620689655173,"stopLoss":{"best":{"stopLoss":10,"pips":47.59999999999999,"pipsPerTrade":0.1641379310344827},"worst":{"stopLoss":4,"pips":-304.29999999999984,"pipsPerTrade":-1.0493103448275856}}}}},"withStopLoss":{"best":{"slowWma":135,"trades":395,"stopLoss":18,"pips":456.99999999999966,"pipsPerTrade":1.154040404040403},"worst":{"slowWma":93,"trades":383,"stopLoss":17,"pips":-431.1000000000001,"pipsPerTrade":-1.1226562500000001}}}