{"noStops":{"best":{"overall":{"slowWma":116,"trades":291,"pips":616.7,"pipsPerTrade":2.111986301369863,"stopLoss":{"best":{"stopLoss":17,"pips":620.1000000000001,"pipsPerTrade":2.1236301369863018},"worst":{"stopLoss":2,"pips":289.99999999999994,"pipsPerTrade":0.9931506849315066}}},"perTrade":{"slowWma":113,"trades":277,"pips":612.7000000000003,"pipsPerTrade":2.203956834532375,"stopLoss":{"best":{"stopLoss":25,"pips":586.9000000000002,"pipsPerTrade":2.1111510791366914},"worst":{"stopLoss":8,"pips":-321.6000000000003,"pipsPerTrade":-1.1568345323741018}}}},"worst":{"overall":{"slowWma":92,"trades":434,"pips":-61.4000000000003,"pipsPerTrade":-0.141149425287357,"stopLoss":{"best":{"stopLoss":24,"pips":211.69999999999982,"pipsPerTrade":0.48666666666666625},"worst":{"stopLoss":12,"pips":-425.69999999999993,"pipsPerTrade":-0.9786206896551722}}},"perTrade":{"slowWma":92,"trades":434,"pips":-61.4000000000003,"pipsPerTrade":-0.141149425287357,"stopLoss":{"best":{"stopLoss":24,"pips":211.69999999999982,"pipsPerTrade":0.48666666666666625},"worst":{"stopLoss":12,"pips":-425.69999999999993,"pipsPerTrade":-0.9786206896551722}}}}},"withStopLoss":{"best":{"slowWma":118,"trades":301,"stopLoss":17,"pips":692.6000000000004,"pipsPerTrade":2.29337748344371},"worst":{"slowWma":106,"trades":258,"stopLoss":2,"pips":-583.1999999999999,"pipsPerTrade":-2.2517374517374513}}}