{"noStops":{"best":{"overall":{"slowWma":107,"trades":624,"pips":494.59999999999906,"pipsPerTrade":0.7913599999999985,"stopLoss":{"best":{"stopLoss":21,"pips":473.69999999999925,"pipsPerTrade":0.7579199999999988},"worst":{"stopLoss":5,"pips":-143.39999999999998,"pipsPerTrade":-0.22943999999999998}}},"perTrade":{"slowWma":57,"trades":467,"pips":489.2,"pipsPerTrade":1.0452991452991454,"stopLoss":{"best":{"stopLoss":17,"pips":754.9000000000001,"pipsPerTrade":1.6130341880341883},"worst":{"stopLoss":13,"pips":115.89999999999992,"pipsPerTrade":0.2476495726495725}}}},"worst":{"overall":{"slowWma":177,"trades":1532,"pips":-528.9,"pipsPerTrade":-0.3450097847358121,"stopLoss":{"best":{"stopLoss":4,"pips":-546.5000000000001,"pipsPerTrade":-0.35649054142204833},"worst":{"stopLoss":1,"pips":-872.3999999999995,"pipsPerTrade":-0.5690802348336592}}},"perTrade":{"slowWma":27,"trades":581,"pips":-255.49999999999966,"pipsPerTrade":-0.4390034364261163,"stopLoss":{"best":{"stopLoss":23,"pips":-210.8999999999998,"pipsPerTrade":-0.3623711340206182},"worst":{"stopLoss":11,"pips":-841.5,"pipsPerTrade":-1.4458762886597938}}}}},"withStopLoss":{"best":{"slowWma":57,"trades":467,"stopLoss":17,"pips":754.9000000000001,"pipsPerTrade":1.6130341880341883},"worst":{"slowWma":177,"trades":1532,"stopLoss":1,"pips":-872.3999999999995,"pipsPerTrade":-0.5690802348336592}}}