{"noStops":{"best":{"overall":{"slowWma":112,"trades":273,"pips":323.80000000000007,"pipsPerTrade":1.1817518248175185,"stopLoss":{"best":{"stopLoss":18,"pips":373.9000000000002,"pipsPerTrade":1.3645985401459861},"worst":{"stopLoss":2,"pips":-400.99999999999994,"pipsPerTrade":-1.4635036496350362}}},"perTrade":{"slowWma":112,"trades":273,"pips":323.80000000000007,"pipsPerTrade":1.1817518248175185,"stopLoss":{"best":{"stopLoss":18,"pips":373.9000000000002,"pipsPerTrade":1.3645985401459861},"worst":{"stopLoss":2,"pips":-400.99999999999994,"pipsPerTrade":-1.4635036496350362}}}},"worst":{"overall":{"slowWma":93,"trades":424,"pips":-376.9,"pipsPerTrade":-0.8868235294117647,"stopLoss":{"best":{"stopLoss":25,"pips":-215.49999999999994,"pipsPerTrade":-0.5070588235294117},"worst":{"stopLoss":15,"pips":-548.1999999999999,"pipsPerTrade":-1.2898823529411763}}},"perTrade":{"slowWma":97,"trades":302,"pips":-337.3,"pipsPerTrade":-1.1132013201320132,"stopLoss":{"best":{"stopLoss":13,"pips":33.80000000000008,"pipsPerTrade":0.11155115511551182},"worst":{"stopLoss":3,"pips":-502.5999999999999,"pipsPerTrade":-1.6587458745874584}}}}},"withStopLoss":{"best":{"slowWma":155,"trades":519,"stopLoss":16,"pips":447.1000000000005,"pipsPerTrade":0.8598076923076933},"worst":{"slowWma":93,"trades":424,"stopLoss":15,"pips":-548.1999999999999,"pipsPerTrade":-1.2898823529411763}}}