{"noStops":{"best":{"overall":{"slowWma":113,"trades":276,"pips":660.5000000000003,"pipsPerTrade":2.38447653429603,"stopLoss":{"best":{"stopLoss":25,"pips":609.2000000000003,"pipsPerTrade":2.1992779783393512},"worst":{"stopLoss":8,"pips":-278.09999999999997,"pipsPerTrade":-1.0039711191335738}}},"perTrade":{"slowWma":113,"trades":276,"pips":660.5000000000003,"pipsPerTrade":2.38447653429603,"stopLoss":{"best":{"stopLoss":25,"pips":609.2000000000003,"pipsPerTrade":2.1992779783393512},"worst":{"stopLoss":8,"pips":-278.09999999999997,"pipsPerTrade":-1.0039711191335738}}}},"worst":{"overall":{"slowWma":93,"trades":426,"pips":-31.7,"pipsPerTrade":-0.07423887587822015,"stopLoss":{"best":{"stopLoss":25,"pips":79.50000000000003,"pipsPerTrade":0.18618266978922723},"worst":{"stopLoss":15,"pips":-584.4999999999999,"pipsPerTrade":-1.368852459016393}}},"perTrade":{"slowWma":93,"trades":426,"pips":-31.7,"pipsPerTrade":-0.07423887587822015,"stopLoss":{"best":{"stopLoss":25,"pips":79.50000000000003,"pipsPerTrade":0.18618266978922723},"worst":{"stopLoss":15,"pips":-584.4999999999999,"pipsPerTrade":-1.368852459016393}}}}},"withStopLoss":{"best":{"slowWma":118,"trades":298,"stopLoss":19,"pips":722.2000000000004,"pipsPerTrade":2.4153846153846166},"worst":{"slowWma":106,"trades":260,"stopLoss":2,"pips":-427.90000000000003,"pipsPerTrade":-1.6394636015325672}}}