{"noStops":{"best":{"overall":{"slowWma":112,"trades":274,"pips":605.4,"pipsPerTrade":2.2014545454545456,"stopLoss":{"best":{"stopLoss":23,"pips":781.5000000000001,"pipsPerTrade":2.8418181818181822},"worst":{"stopLoss":2,"pips":-377.2000000000001,"pipsPerTrade":-1.371636363636364}}},"perTrade":{"slowWma":112,"trades":274,"pips":605.4,"pipsPerTrade":2.2014545454545456,"stopLoss":{"best":{"stopLoss":23,"pips":781.5000000000001,"pipsPerTrade":2.8418181818181822},"worst":{"stopLoss":2,"pips":-377.2000000000001,"pipsPerTrade":-1.371636363636364}}}},"worst":{"overall":{"slowWma":96,"trades":343,"pips":0.49999999999990763,"pipsPerTrade":0.0014534883720927548,"stopLoss":{"best":{"stopLoss":19,"pips":159.69999999999993,"pipsPerTrade":0.4642441860465114},"worst":{"stopLoss":5,"pips":-297.7000000000001,"pipsPerTrade":-0.8654069767441863}}},"perTrade":{"slowWma":96,"trades":343,"pips":0.49999999999990763,"pipsPerTrade":0.0014534883720927548,"stopLoss":{"best":{"stopLoss":19,"pips":159.69999999999993,"pipsPerTrade":0.4642441860465114},"worst":{"stopLoss":5,"pips":-297.7000000000001,"pipsPerTrade":-0.8654069767441863}}}}},"withStopLoss":{"best":{"slowWma":112,"trades":274,"stopLoss":23,"pips":781.5000000000001,"pipsPerTrade":2.8418181818181822},"worst":{"slowWma":172,"trades":699,"stopLoss":25,"pips":-225.70000000000013,"pipsPerTrade":-0.3224285714285716}}}