{"noStops":{"best":{"overall":{"slowWma":112,"trades":273,"pips":261.79999999999995,"pipsPerTrade":0.9554744525547444,"stopLoss":{"best":{"stopLoss":23,"pips":469.0000000000001,"pipsPerTrade":1.7116788321167888},"worst":{"stopLoss":2,"pips":-346.1000000000001,"pipsPerTrade":-1.2631386861313871}}},"perTrade":{"slowWma":112,"trades":273,"pips":261.79999999999995,"pipsPerTrade":0.9554744525547444,"stopLoss":{"best":{"stopLoss":23,"pips":469.0000000000001,"pipsPerTrade":1.7116788321167888},"worst":{"stopLoss":2,"pips":-346.1000000000001,"pipsPerTrade":-1.2631386861313871}}}},"worst":{"overall":{"slowWma":96,"trades":341,"pips":-375.2000000000001,"pipsPerTrade":-1.097076023391813,"stopLoss":{"best":{"stopLoss":19,"pips":-166.4000000000001,"pipsPerTrade":-0.48654970760233945},"worst":{"stopLoss":5,"pips":-638.1000000000001,"pipsPerTrade":-1.8657894736842109}}},"perTrade":{"slowWma":96,"trades":341,"pips":-375.2000000000001,"pipsPerTrade":-1.097076023391813,"stopLoss":{"best":{"stopLoss":19,"pips":-166.4000000000001,"pipsPerTrade":-0.48654970760233945},"worst":{"stopLoss":5,"pips":-638.1000000000001,"pipsPerTrade":-1.8657894736842109}}}}},"withStopLoss":{"best":{"slowWma":155,"trades":544,"stopLoss":16,"pips":507.20000000000067,"pipsPerTrade":0.9306422018348636},"worst":{"slowWma":92,"trades":692,"stopLoss":10,"pips":-740.9,"pipsPerTrade":-1.0691197691197691}}}