{"noStops":{"best":{"overall":{"slowWma":118,"trades":297,"pips":583.5000000000002,"pipsPerTrade":1.9580536912751685,"stopLoss":{"best":{"stopLoss":19,"pips":816.3000000000002,"pipsPerTrade":2.7392617449664436},"worst":{"stopLoss":7,"pips":342.4000000000002,"pipsPerTrade":1.1489932885906047}}},"perTrade":{"slowWma":118,"trades":297,"pips":583.5000000000002,"pipsPerTrade":1.9580536912751685,"stopLoss":{"best":{"stopLoss":19,"pips":816.3000000000002,"pipsPerTrade":2.7392617449664436},"worst":{"stopLoss":7,"pips":342.4000000000002,"pipsPerTrade":1.1489932885906047}}}},"worst":{"overall":{"slowWma":167,"trades":620,"pips":34.700000000000045,"pipsPerTrade":0.055877616747182036,"stopLoss":{"best":{"stopLoss":4,"pips":147.3,"pipsPerTrade":0.23719806763285026},"worst":{"stopLoss":24,"pips":-218.30000000000004,"pipsPerTrade":-0.3515297906602255}}},"perTrade":{"slowWma":167,"trades":620,"pips":34.700000000000045,"pipsPerTrade":0.055877616747182036,"stopLoss":{"best":{"stopLoss":4,"pips":147.3,"pipsPerTrade":0.23719806763285026},"worst":{"stopLoss":24,"pips":-218.30000000000004,"pipsPerTrade":-0.3515297906602255}}}}},"withStopLoss":{"best":{"slowWma":118,"trades":297,"stopLoss":19,"pips":816.3000000000002,"pipsPerTrade":2.7392617449664436},"worst":{"slowWma":101,"trades":281,"stopLoss":1,"pips":-179.9,"pipsPerTrade":-0.6379432624113476}}}