{"noStops":{"best":{"overall":{"slowWma":118,"trades":296,"pips":259.0000000000003,"pipsPerTrade":0.872053872053873,"stopLoss":{"best":{"stopLoss":19,"pips":491.80000000000024,"pipsPerTrade":1.6558922558922566},"worst":{"stopLoss":7,"pips":17.90000000000018,"pipsPerTrade":0.060269360269360875}}},"perTrade":{"slowWma":118,"trades":296,"pips":259.0000000000003,"pipsPerTrade":0.872053872053873,"stopLoss":{"best":{"stopLoss":19,"pips":491.80000000000024,"pipsPerTrade":1.6558922558922566},"worst":{"stopLoss":7,"pips":17.90000000000018,"pipsPerTrade":0.060269360269360875}}}},"worst":{"overall":{"slowWma":98,"trades":323,"pips":-319.8999999999999,"pipsPerTrade":-0.9873456790123454,"stopLoss":{"best":{"stopLoss":19,"pips":37.999999999999865,"pipsPerTrade":0.11728395061728353},"worst":{"stopLoss":7,"pips":-501.4999999999997,"pipsPerTrade":-1.5478395061728387}}},"perTrade":{"slowWma":98,"trades":323,"pips":-319.8999999999999,"pipsPerTrade":-0.9873456790123454,"stopLoss":{"best":{"stopLoss":19,"pips":37.999999999999865,"pipsPerTrade":0.11728395061728353},"worst":{"stopLoss":7,"pips":-501.4999999999997,"pipsPerTrade":-1.5478395061728387}}}}},"withStopLoss":{"best":{"slowWma":118,"trades":296,"stopLoss":19,"pips":491.80000000000024,"pipsPerTrade":1.6558922558922566},"worst":{"slowWma":93,"trades":691,"stopLoss":13,"pips":-669.6,"pipsPerTrade":-0.9676300578034682}}}