{"noStops":{"best":{"overall":{"slowWma":116,"trades":312,"pips":597.4000000000005,"pipsPerTrade":1.9086261980830688,"stopLoss":{"best":{"stopLoss":19,"pips":673.0000000000003,"pipsPerTrade":2.150159744408947},"worst":{"stopLoss":2,"pips":233.70000000000002,"pipsPerTrade":0.7466453674121406}}},"perTrade":{"slowWma":116,"trades":312,"pips":597.4000000000005,"pipsPerTrade":1.9086261980830688,"stopLoss":{"best":{"stopLoss":19,"pips":673.0000000000003,"pipsPerTrade":2.150159744408947},"worst":{"stopLoss":2,"pips":233.70000000000002,"pipsPerTrade":0.7466453674121406}}}},"worst":{"overall":{"slowWma":97,"trades":370,"pips":18.19999999999989,"pipsPerTrade":0.04905660377358461,"stopLoss":{"best":{"stopLoss":13,"pips":-42.4999999999999,"pipsPerTrade":-0.11455525606468976},"worst":{"stopLoss":1,"pips":-329.30000000000007,"pipsPerTrade":-0.8876010781671161}}},"perTrade":{"slowWma":97,"trades":370,"pips":18.19999999999989,"pipsPerTrade":0.04905660377358461,"stopLoss":{"best":{"stopLoss":13,"pips":-42.4999999999999,"pipsPerTrade":-0.11455525606468976},"worst":{"stopLoss":1,"pips":-329.30000000000007,"pipsPerTrade":-0.8876010781671161}}}}},"withStopLoss":{"best":{"slowWma":118,"trades":296,"stopLoss":19,"pips":696.4000000000001,"pipsPerTrade":2.344781144781145},"worst":{"slowWma":135,"trades":418,"stopLoss":2,"pips":-324.4000000000001,"pipsPerTrade":-0.7742243436754179}}}