{"noStops":{"best":{"overall":{"slowWma":116,"trades":311,"pips":273.3000000000005,"pipsPerTrade":0.8759615384615401,"stopLoss":{"best":{"stopLoss":19,"pips":381.80000000000024,"pipsPerTrade":1.2237179487179495},"worst":{"stopLoss":2,"pips":-57.49999999999998,"pipsPerTrade":-0.18429487179487172}}},"perTrade":{"slowWma":116,"trades":311,"pips":273.3000000000005,"pipsPerTrade":0.8759615384615401,"stopLoss":{"best":{"stopLoss":19,"pips":381.80000000000024,"pipsPerTrade":1.2237179487179495},"worst":{"stopLoss":2,"pips":-57.49999999999998,"pipsPerTrade":-0.18429487179487172}}}},"worst":{"overall":{"slowWma":97,"trades":368,"pips":-325.2000000000001,"pipsPerTrade":-0.8813008130081303,"stopLoss":{"best":{"stopLoss":13,"pips":-28.199999999999903,"pipsPerTrade":-0.07642276422764202},"worst":{"stopLoss":1,"pips":-321.30000000000007,"pipsPerTrade":-0.8707317073170734}}},"perTrade":{"slowWma":101,"trades":275,"pips":-317.49999999999983,"pipsPerTrade":-1.1503623188405792,"stopLoss":{"best":{"stopLoss":6,"pips":71.99999999999996,"pipsPerTrade":0.26086956521739113},"worst":{"stopLoss":1,"pips":-160.70000000000005,"pipsPerTrade":-0.5822463768115944}}}}},"withStopLoss":{"best":{"slowWma":189,"trades":747,"stopLoss":6,"pips":523.900000000001,"pipsPerTrade":0.700401069518718},"worst":{"slowWma":110,"trades":278,"stopLoss":16,"pips":-573.2,"pipsPerTrade":-2.0544802867383516}}}