{"noStops":{"best":{"overall":{"slowWma":118,"trades":295,"pips":566.0000000000002,"pipsPerTrade":1.912162162162163,"stopLoss":{"best":{"stopLoss":19,"pips":757.3,"pipsPerTrade":2.558445945945946},"worst":{"stopLoss":5,"pips":10.00000000000017,"pipsPerTrade":0.03378378378378436}}},"perTrade":{"slowWma":118,"trades":295,"pips":566.0000000000002,"pipsPerTrade":1.912162162162163,"stopLoss":{"best":{"stopLoss":19,"pips":757.3,"pipsPerTrade":2.558445945945946},"worst":{"stopLoss":5,"pips":10.00000000000017,"pipsPerTrade":0.03378378378378436}}}},"worst":{"overall":{"slowWma":151,"trades":478,"pips":25.900000000000034,"pipsPerTrade":0.054070981210856024,"stopLoss":{"best":{"stopLoss":13,"pips":132.20000000000005,"pipsPerTrade":0.27599164926931113},"worst":{"stopLoss":11,"pips":-123.09999999999997,"pipsPerTrade":-0.25699373695198324}}},"perTrade":{"slowWma":151,"trades":478,"pips":25.900000000000034,"pipsPerTrade":0.054070981210856024,"stopLoss":{"best":{"stopLoss":13,"pips":132.20000000000005,"pipsPerTrade":0.27599164926931113},"worst":{"stopLoss":11,"pips":-123.09999999999997,"pipsPerTrade":-0.25699373695198324}}}}},"withStopLoss":{"best":{"slowWma":118,"trades":295,"stopLoss":19,"pips":757.3,"pipsPerTrade":2.558445945945946},"worst":{"slowWma":97,"trades":407,"stopLoss":11,"pips":-429.39999999999986,"pipsPerTrade":-1.0524509803921565}}}