{"noStops":{"best":{"overall":{"slowWma":118,"trades":294,"pips":279.10000000000025,"pipsPerTrade":0.9461016949152551,"stopLoss":{"best":{"stopLoss":19,"pips":492.79999999999995,"pipsPerTrade":1.670508474576271},"worst":{"stopLoss":5,"pips":32.40000000000017,"pipsPerTrade":0.10983050847457684}}},"perTrade":{"slowWma":118,"trades":294,"pips":279.10000000000025,"pipsPerTrade":0.9461016949152551,"stopLoss":{"best":{"stopLoss":19,"pips":492.79999999999995,"pipsPerTrade":1.670508474576271},"worst":{"stopLoss":5,"pips":32.40000000000017,"pipsPerTrade":0.10983050847457684}}}},"worst":{"overall":{"slowWma":151,"trades":477,"pips":-356.29999999999995,"pipsPerTrade":-0.7453974895397488,"stopLoss":{"best":{"stopLoss":13,"pips":132.20000000000005,"pipsPerTrade":0.2765690376569039},"worst":{"stopLoss":11,"pips":-123.09999999999997,"pipsPerTrade":-0.25753138075313803}}},"perTrade":{"slowWma":104,"trades":267,"pips":-296.70000000000016,"pipsPerTrade":-1.1070895522388067,"stopLoss":{"best":{"stopLoss":6,"pips":16.29999999999999,"pipsPerTrade":0.06082089552238802},"worst":{"stopLoss":1,"pips":-524.5,"pipsPerTrade":-1.9570895522388059}}}}},"withStopLoss":{"best":{"slowWma":189,"trades":711,"stopLoss":6,"pips":508.10000000000105,"pipsPerTrade":0.7136235955056195},"worst":{"slowWma":110,"trades":269,"stopLoss":16,"pips":-471.9000000000001,"pipsPerTrade":-1.747777777777778}}}