{"noStops":{"best":{"overall":{"slowWma":115,"trades":300,"pips":565.8000000000003,"pipsPerTrade":1.879734219269104,"stopLoss":{"best":{"stopLoss":19,"pips":731.3,"pipsPerTrade":2.429568106312292},"worst":{"stopLoss":2,"pips":277.6,"pipsPerTrade":0.9222591362126247}}},"perTrade":{"slowWma":115,"trades":300,"pips":565.8000000000003,"pipsPerTrade":1.879734219269104,"stopLoss":{"best":{"stopLoss":19,"pips":731.3,"pipsPerTrade":2.429568106312292},"worst":{"stopLoss":2,"pips":277.6,"pipsPerTrade":0.9222591362126247}}}},"worst":{"overall":{"slowWma":98,"trades":407,"pips":5.099999999999952,"pipsPerTrade":0.012499999999999881,"stopLoss":{"best":{"stopLoss":11,"pips":36.799999999999876,"pipsPerTrade":0.09019607843137224},"worst":{"stopLoss":4,"pips":-491.0999999999996,"pipsPerTrade":-1.2036764705882343}}},"perTrade":{"slowWma":98,"trades":407,"pips":5.099999999999952,"pipsPerTrade":0.012499999999999881,"stopLoss":{"best":{"stopLoss":11,"pips":36.799999999999876,"pipsPerTrade":0.09019607843137224},"worst":{"stopLoss":4,"pips":-491.0999999999996,"pipsPerTrade":-1.2036764705882343}}}}},"withStopLoss":{"best":{"slowWma":115,"trades":300,"stopLoss":19,"pips":731.3,"pipsPerTrade":2.429568106312292},"worst":{"slowWma":135,"trades":397,"stopLoss":5,"pips":-427.60000000000014,"pipsPerTrade":-1.0743718592964828}}}