{"noStops":{"best":{"overall":{"slowWma":115,"trades":299,"pips":241.30000000000027,"pipsPerTrade":0.8043333333333342,"stopLoss":{"best":{"stopLoss":19,"pips":439.69999999999993,"pipsPerTrade":1.4656666666666665},"worst":{"stopLoss":2,"pips":-13.999999999999996,"pipsPerTrade":-0.046666666666666655}}},"perTrade":{"slowWma":115,"trades":299,"pips":241.30000000000027,"pipsPerTrade":0.8043333333333342,"stopLoss":{"best":{"stopLoss":19,"pips":439.69999999999993,"pipsPerTrade":1.4656666666666665},"worst":{"stopLoss":2,"pips":-13.999999999999996,"pipsPerTrade":-0.046666666666666655}}}},"worst":{"overall":{"slowWma":98,"trades":405,"pips":-382.00000000000006,"pipsPerTrade":-0.9408866995073893,"stopLoss":{"best":{"stopLoss":9,"pips":-278.8,"pipsPerTrade":-0.6866995073891626},"worst":{"stopLoss":15,"pips":-508.1,"pipsPerTrade":-1.2514778325123153}}},"perTrade":{"slowWma":102,"trades":301,"pips":-294.8999999999999,"pipsPerTrade":-0.9764900662251653,"stopLoss":{"best":{"stopLoss":6,"pips":-134.69999999999996,"pipsPerTrade":-0.446026490066225},"worst":{"stopLoss":2,"pips":-538.8000000000002,"pipsPerTrade":-1.7841059602649012}}}}},"withStopLoss":{"best":{"slowWma":189,"trades":705,"stopLoss":10,"pips":531.8000000000008,"pipsPerTrade":0.753257790368273},"worst":{"slowWma":98,"trades":405,"stopLoss":15,"pips":-508.1,"pipsPerTrade":-1.2514778325123153}}}