{"noStops":{"best":{"overall":{"slowWma":118,"trades":304,"pips":259.20000000000033,"pipsPerTrade":0.8498360655737716,"stopLoss":{"best":{"stopLoss":25,"pips":352.3000000000004,"pipsPerTrade":1.155081967213116},"worst":{"stopLoss":13,"pips":-99.89999999999998,"pipsPerTrade":-0.3275409836065573}}},"perTrade":{"slowWma":118,"trades":304,"pips":259.20000000000033,"pipsPerTrade":0.8498360655737716,"stopLoss":{"best":{"stopLoss":25,"pips":352.3000000000004,"pipsPerTrade":1.155081967213116},"worst":{"stopLoss":13,"pips":-99.89999999999998,"pipsPerTrade":-0.3275409836065573}}}},"worst":{"overall":{"slowWma":143,"trades":361,"pips":-348.3,"pipsPerTrade":-0.9621546961325967,"stopLoss":{"best":{"stopLoss":5,"pips":172.2000000000002,"pipsPerTrade":0.47569060773480715},"worst":{"stopLoss":25,"pips":-287.4,"pipsPerTrade":-0.7939226519337016}}},"perTrade":{"slowWma":143,"trades":361,"pips":-348.3,"pipsPerTrade":-0.9621546961325967,"stopLoss":{"best":{"stopLoss":5,"pips":172.2000000000002,"pipsPerTrade":0.47569060773480715},"worst":{"stopLoss":25,"pips":-287.4,"pipsPerTrade":-0.7939226519337016}}}}},"withStopLoss":{"best":{"slowWma":189,"trades":699,"stopLoss":10,"pips":499.3000000000008,"pipsPerTrade":0.7132857142857154},"worst":{"slowWma":97,"trades":678,"stopLoss":18,"pips":-743.7999999999997,"pipsPerTrade":-1.0954344624447714}}}