{"noStops":{"best":{"overall":{"slowWma":115,"trades":298,"pips":563.4000000000003,"pipsPerTrade":1.8842809364548505,"stopLoss":{"best":{"stopLoss":19,"pips":713.7000000000006,"pipsPerTrade":2.3869565217391324},"worst":{"stopLoss":2,"pips":308.1000000000001,"pipsPerTrade":1.030434782608696}}},"perTrade":{"slowWma":115,"trades":298,"pips":563.4000000000003,"pipsPerTrade":1.8842809364548505,"stopLoss":{"best":{"stopLoss":19,"pips":713.7000000000006,"pipsPerTrade":2.3869565217391324},"worst":{"stopLoss":2,"pips":308.1000000000001,"pipsPerTrade":1.030434782608696}}}},"worst":{"overall":{"slowWma":143,"trades":362,"pips":7.699999999999989,"pipsPerTrade":0.021212121212121182,"stopLoss":{"best":{"stopLoss":12,"pips":443.3,"pipsPerTrade":1.2212121212121212},"worst":{"stopLoss":4,"pips":-68.30000000000011,"pipsPerTrade":-0.1881542699724521}}},"perTrade":{"slowWma":143,"trades":362,"pips":7.699999999999989,"pipsPerTrade":0.021212121212121182,"stopLoss":{"best":{"stopLoss":12,"pips":443.3,"pipsPerTrade":1.2212121212121212},"worst":{"stopLoss":4,"pips":-68.30000000000011,"pipsPerTrade":-0.1881542699724521}}}}},"withStopLoss":{"best":{"slowWma":115,"trades":298,"stopLoss":19,"pips":713.7000000000006,"pipsPerTrade":2.3869565217391324},"worst":{"slowWma":135,"trades":391,"stopLoss":3,"pips":-404.99999999999994,"pipsPerTrade":-1.0331632653061222}}}