{"noStops":{"best":{"overall":{"slowWma":115,"trades":273,"pips":498.4000000000002,"pipsPerTrade":1.8189781021897817,"stopLoss":{"best":{"stopLoss":24,"pips":687.8999999999995,"pipsPerTrade":2.5105839416058378},"worst":{"stopLoss":2,"pips":86.29999999999991,"pipsPerTrade":0.3149635036496347}}},"perTrade":{"slowWma":115,"trades":273,"pips":498.4000000000002,"pipsPerTrade":1.8189781021897817,"stopLoss":{"best":{"stopLoss":24,"pips":687.8999999999995,"pipsPerTrade":2.5105839416058378},"worst":{"stopLoss":2,"pips":86.29999999999991,"pipsPerTrade":0.3149635036496347}}}},"worst":{"overall":{"slowWma":199,"trades":913,"pips":-310.29999999999995,"pipsPerTrade":-0.3394967177242888,"stopLoss":{"best":{"stopLoss":14,"pips":99.50000000000014,"pipsPerTrade":0.10886214442013145},"worst":{"stopLoss":7,"pips":-200.10000000000005,"pipsPerTrade":-0.21892778993435455}}},"perTrade":{"slowWma":143,"trades":357,"pips":-296.2999999999999,"pipsPerTrade":-0.8276536312849159,"stopLoss":{"best":{"stopLoss":5,"pips":204.40000000000026,"pipsPerTrade":0.5709497206703918},"worst":{"stopLoss":25,"pips":-238.09999999999997,"pipsPerTrade":-0.6650837988826814}}}}},"withStopLoss":{"best":{"slowWma":115,"trades":273,"stopLoss":24,"pips":687.8999999999995,"pipsPerTrade":2.5105839416058378},"worst":{"slowWma":98,"trades":676,"stopLoss":16,"pips":-407.5,"pipsPerTrade":-0.6019202363367799}}}