{"noStops":{"best":{"overall":{"slowWma":115,"trades":274,"pips":785.3000000000002,"pipsPerTrade":2.855636363636364,"stopLoss":{"best":{"stopLoss":24,"pips":941.8999999999995,"pipsPerTrade":3.4250909090909074},"worst":{"stopLoss":2,"pips":53.39999999999991,"pipsPerTrade":0.19418181818181787}}},"perTrade":{"slowWma":115,"trades":274,"pips":785.3000000000002,"pipsPerTrade":2.855636363636364,"stopLoss":{"best":{"stopLoss":24,"pips":941.8999999999995,"pipsPerTrade":3.4250909090909074},"worst":{"stopLoss":2,"pips":53.39999999999991,"pipsPerTrade":0.19418181818181787}}}},"worst":{"overall":{"slowWma":161,"trades":562,"pips":66.69999999999999,"pipsPerTrade":0.11847246891651864,"stopLoss":{"best":{"stopLoss":1,"pips":70.70000000000003,"pipsPerTrade":0.12557726465364127},"worst":{"stopLoss":9,"pips":-192.4000000000001,"pipsPerTrade":-0.3417406749555952}}},"perTrade":{"slowWma":161,"trades":562,"pips":66.69999999999999,"pipsPerTrade":0.11847246891651864,"stopLoss":{"best":{"stopLoss":1,"pips":70.70000000000003,"pipsPerTrade":0.12557726465364127},"worst":{"stopLoss":9,"pips":-192.4000000000001,"pipsPerTrade":-0.3417406749555952}}}}},"withStopLoss":{"best":{"slowWma":115,"trades":274,"stopLoss":24,"pips":941.8999999999995,"pipsPerTrade":3.4250909090909074},"worst":{"slowWma":133,"trades":291,"stopLoss":23,"pips":-284.89999999999975,"pipsPerTrade":-0.9756849315068484}}}