{"noStops":{"best":{"overall":{"slowWma":115,"trades":269,"pips":474.9000000000004,"pipsPerTrade":1.7588888888888903,"stopLoss":{"best":{"stopLoss":23,"pips":650.5,"pipsPerTrade":2.4092592592592594},"worst":{"stopLoss":2,"pips":-3.199999999999876,"pipsPerTrade":-0.011851851851851392}}},"perTrade":{"slowWma":115,"trades":269,"pips":474.9000000000004,"pipsPerTrade":1.7588888888888903,"stopLoss":{"best":{"stopLoss":23,"pips":650.5,"pipsPerTrade":2.4092592592592594},"worst":{"stopLoss":2,"pips":-3.199999999999876,"pipsPerTrade":-0.011851851851851392}}}},"worst":{"overall":{"slowWma":199,"trades":874,"pips":-305.69999999999993,"pipsPerTrade":-0.3493714285714285,"stopLoss":{"best":{"stopLoss":12,"pips":110.39999999999996,"pipsPerTrade":0.12617142857142852},"worst":{"stopLoss":25,"pips":-200.80000000000007,"pipsPerTrade":-0.22948571428571438}}},"perTrade":{"slowWma":137,"trades":348,"pips":-233.29999999999984,"pipsPerTrade":-0.6684813753581658,"stopLoss":{"best":{"stopLoss":5,"pips":135.60000000000022,"pipsPerTrade":0.3885386819484247},"worst":{"stopLoss":23,"pips":-316.1999999999999,"pipsPerTrade":-0.906017191977077}}}}},"withStopLoss":{"best":{"slowWma":115,"trades":269,"stopLoss":23,"pips":650.5,"pipsPerTrade":2.4092592592592594},"worst":{"slowWma":106,"trades":271,"stopLoss":16,"pips":-510.89999999999986,"pipsPerTrade":-1.8783088235294112}}}