{"noStops":{"best":{"overall":{"slowWma":115,"trades":270,"pips":753.7000000000004,"pipsPerTrade":2.7811808118081194,"stopLoss":{"best":{"stopLoss":23,"pips":896.4,"pipsPerTrade":3.307749077490775},"worst":{"stopLoss":2,"pips":-36.09999999999987,"pipsPerTrade":-0.13321033210332056}}},"perTrade":{"slowWma":115,"trades":270,"pips":753.7000000000004,"pipsPerTrade":2.7811808118081194,"stopLoss":{"best":{"stopLoss":23,"pips":896.4,"pipsPerTrade":3.307749077490775},"worst":{"stopLoss":2,"pips":-36.09999999999987,"pipsPerTrade":-0.13321033210332056}}}},"worst":{"overall":{"slowWma":137,"trades":349,"pips":26.00000000000017,"pipsPerTrade":0.07428571428571477,"stopLoss":{"best":{"stopLoss":5,"pips":135.60000000000022,"pipsPerTrade":0.38742857142857207},"worst":{"stopLoss":23,"pips":-316.1999999999999,"pipsPerTrade":-0.903428571428571}}},"perTrade":{"slowWma":137,"trades":349,"pips":26.00000000000017,"pipsPerTrade":0.07428571428571477,"stopLoss":{"best":{"stopLoss":5,"pips":135.60000000000022,"pipsPerTrade":0.38742857142857207},"worst":{"stopLoss":23,"pips":-316.1999999999999,"pipsPerTrade":-0.903428571428571}}}}},"withStopLoss":{"best":{"slowWma":117,"trades":275,"stopLoss":23,"pips":907.0000000000005,"pipsPerTrade":3.2862318840579725},"worst":{"slowWma":133,"trades":323,"stopLoss":23,"pips":-286.6999999999999,"pipsPerTrade":-0.8848765432098762}}}