{"noStops":{"best":{"overall":{"slowWma":117,"trades":292,"pips":685.9000000000002,"pipsPerTrade":2.3409556313993183,"stopLoss":{"best":{"stopLoss":21,"pips":1056.7000000000003,"pipsPerTrade":3.606484641638226},"worst":{"stopLoss":8,"pips":212.60000000000008,"pipsPerTrade":0.7255972696245736}}},"perTrade":{"slowWma":118,"trades":276,"pips":683.2000000000003,"pipsPerTrade":2.4664259927797842,"stopLoss":{"best":{"stopLoss":21,"pips":1040.7999999999997,"pipsPerTrade":3.75740072202166},"worst":{"stopLoss":7,"pips":100.00000000000026,"pipsPerTrade":0.36101083032491066}}}},"worst":{"overall":{"slowWma":134,"trades":323,"pips":4.600000000000108,"pipsPerTrade":0.014197530864197864,"stopLoss":{"best":{"stopLoss":5,"pips":138.80000000000044,"pipsPerTrade":0.4283950617283964},"worst":{"stopLoss":23,"pips":-379.1999999999998,"pipsPerTrade":-1.1703703703703698}}},"perTrade":{"slowWma":134,"trades":323,"pips":4.600000000000108,"pipsPerTrade":0.014197530864197864,"stopLoss":{"best":{"stopLoss":5,"pips":138.80000000000044,"pipsPerTrade":0.4283950617283964},"worst":{"stopLoss":23,"pips":-379.1999999999998,"pipsPerTrade":-1.1703703703703698}}}}},"withStopLoss":{"best":{"slowWma":117,"trades":292,"stopLoss":21,"pips":1056.7000000000003,"pipsPerTrade":3.606484641638226},"worst":{"slowWma":131,"trades":349,"stopLoss":23,"pips":-214.29999999999956,"pipsPerTrade":-0.612285714285713}}}