{"noStops":{"best":{"overall":{"slowWma":118,"trades":275,"pips":414.10000000000025,"pipsPerTrade":1.5003623188405806,"stopLoss":{"best":{"stopLoss":21,"pips":794.0999999999998,"pipsPerTrade":2.8771739130434777},"worst":{"stopLoss":7,"pips":122.40000000000026,"pipsPerTrade":0.44347826086956615}}},"perTrade":{"slowWma":118,"trades":275,"pips":414.10000000000025,"pipsPerTrade":1.5003623188405806,"stopLoss":{"best":{"stopLoss":21,"pips":794.0999999999998,"pipsPerTrade":2.8771739130434777},"worst":{"stopLoss":7,"pips":122.40000000000026,"pipsPerTrade":0.44347826086956615}}}},"worst":{"overall":{"slowWma":199,"trades":995,"pips":-336.79999999999984,"pipsPerTrade":-0.3381526104417669,"stopLoss":{"best":{"stopLoss":14,"pips":54.099999999999795,"pipsPerTrade":0.05431726907630501},"worst":{"stopLoss":4,"pips":-293.69999999999993,"pipsPerTrade":-0.29487951807228907}}},"perTrade":{"slowWma":134,"trades":322,"pips":-254.99999999999991,"pipsPerTrade":-0.7894736842105261,"stopLoss":{"best":{"stopLoss":5,"pips":138.80000000000044,"pipsPerTrade":0.4297213622291035},"worst":{"stopLoss":23,"pips":-379.1999999999998,"pipsPerTrade":-1.1739938080495351}}}}},"withStopLoss":{"best":{"slowWma":117,"trades":291,"stopLoss":21,"pips":799.0000000000002,"pipsPerTrade":2.7363013698630145},"worst":{"slowWma":100,"trades":678,"stopLoss":21,"pips":-689.6000000000001,"pipsPerTrade":-1.0156111929307807}}}